id,pair,label,sentence,cleaned_text,tokens,n_tokens_raw,n_tokens_clean
256,pair2,positive,ឋិតនៅចម្ងាយ៣៥៩គីឡូម៉ែត្រពីរាជធានីភ្នំពេញតាមផ្លូវជាតិលេខ៥ និងមានទីតាំងជាប់នឹងព្រំប្រទល់ខេត្តបាត់ដំបង ឧត្តរមានជ័យ សៀមរាប និងព្រំប្រទល់ថៃ ខេត្តបន្ទាយមានជ័យ កំពុងទទួលបានភ្ញៀវទេសចរយ៉ាងកុះករតាម រយៈកាស៊ីណូខ្នាតអន្តរជាតិមួយ ដែលកំពុងបើកឱ្យមានការចូលលេង កម្សាន្តទាំងយប់ទាំងថ្ងៃ។,ឋិតនៅ ចម្ងាយ ៣៥៩ គីឡូម៉ែត្រ រាជធានី ភ្នំពេញ តាម ផ្លូវ ជាតិ លេខ មាន ទីតាំង ជាប់ ព្រំប្រទល់ ខេត្ត បាត់ដំបង ឧត្តរមានជ័យ សៀមរាប ព្រំប្រទល់ ថៃ ខេត្ត បន្ទាយមានជ័យ កំពុង ទទួលបាន ភ្ញៀវ ទេសចរ យ៉ាង កុះករ តាម រយៈ កាស៊ីណូ ខ្នាត អន្តរជាតិ កំពុង បើក ឱ្យ មាន ការចូល លេង កម្សាន្ត យប់ ថ្ងៃ,"['ឋិតនៅ', 'ចម្ងាយ', '៣៥៩', 'គីឡូម៉ែត្រ', 'រាជធានី', 'ភ្នំពេញ', 'តាម', 'ផ្លូវ', 'ជាតិ', 'លេខ', 'មាន', 'ទីតាំង', 'ជាប់', 'ព្រំប្រទល់', 'ខេត្ត', 'បាត់ដំបង', 'ឧត្តរមានជ័យ', 'សៀមរាប', 'ព្រំប្រទល់', 'ថៃ', 'ខេត្ត', 'បន្ទាយមានជ័យ', 'កំពុង', 'ទទួលបាន', 'ភ្ញៀវ', 'ទេសចរ', 'យ៉ាង', 'កុះករ', 'តាម', 'រយៈ', 'កាស៊ីណូ', 'ខ្នាត', 'អន្តរជាតិ', 'កំពុង', 'បើក', 'ឱ្យ', 'មាន', 'ការចូល', 'លេង', 'កម្សាន្ត', 'យប់', 'ថ្ងៃ']",52,42
389,pair2,positive,ទោះជាយ៉ាងណាក៏ដោយ បន្ទាប់ពីខ្ញុំបានភ្ញាក់ដឹងខ្លួន ពីការចាក់ថ្នាំសន្លប់ ខ្ញុំក៏បានឮសម្លេងភរិយាខ្ញុំនិយាយថា ពិតជាអស្ចារ្យណាស់ បងសម្លាញ់ ។,ទោះជា យ៉ាងណា ក៏ដោយ បន្ទាប់ពី ភ្ញាក់ ដឹងខ្លួន ការចាក់ ថ្នាំ សន្លប់ សម្លេង ភរិយា និយាយ ពិតជា អស្ចារ្យ ណាស់ បង សម្លាញ់,"['ទោះជា', 'យ៉ាងណា', 'ក៏ដោយ', 'បន្ទាប់ពី', 'ភ្ញាក់', 'ដឹងខ្លួន', 'ការចាក់', 'ថ្នាំ', 'សន្លប់', 'សម្លេង', 'ភរិយា', 'និយាយ', 'ពិតជា', 'អស្ចារ្យ', 'ណាស់', 'បង', 'សម្លាញ់']",27,17
291,pair2,negative,បុគ្គលម្នាក់ហ្នឹងគាត់គ្មានសមត្ថភាពដូចបងស្រី ទើបគាត់ចេះតែរកកំហុសនេះកំហុសនោះ ទាំងដែរខ្លួនឯងមិនច្បាស់,បុគ្គល ម្នាក់ ហ្នឹង គ្មាន សមត្ថភាព បង ស្រី ទើប ចេះតែ រក កំហុស កំហុស ខ្លួន ឯង មិន ច្បាស់,"['បុគ្គល', 'ម្នាក់', 'ហ្នឹង', 'គ្មាន', 'សមត្ថភាព', 'បង', 'ស្រី', 'ទើប', 'ចេះតែ', 'រក', 'កំហុស', 'កំហុស', 'ខ្លួន', 'ឯង', 'មិន', 'ច្បាស់']",23,16
295,pair2,neutral,កាលអ្នកធ្វើស្តេចអង្គុយលើទីដ៏សមគួរមួយហើយ ខាងស្រីគេអោយស្រីម្នាក់ដើរចូលទៅ ខ្សឹបនឹងស្តេចថា ខ្លួនស្រលាញ់ឈ្មោះណាមួយ ឧបមាថាឈ្មោះ ក រឺ ខ ខ្សឹបហើយគេថយទៅអង្គុយ រឺមកឈរនៅកន្លែងដើមវិញ។,កាល ធ្វើ ស្តេច អង្គុយ ទី ដ៏ សម គួរ ខាង ស្រី អោយ ស្រី ម្នាក់ ដើរ ចូលទៅ ខ្សឹប ស្តេច ខ្លួន ស្រលាញ់ ឈ្មោះ ណាមួយ ឧបមាថា ឈ្មោះ រឺ ខ្សឹប ថយ អង្គុយ រឺ ឈរ កន្លែង ដើម វិញ,"['កាល', 'ធ្វើ', 'ស្តេច', 'អង្គុយ', 'ទី', 'ដ៏', 'សម', 'គួរ', 'ខាង', 'ស្រី', 'អោយ', 'ស្រី', 'ម្នាក់', 'ដើរ', 'ចូលទៅ', 'ខ្សឹប', 'ស្តេច', 'ខ្លួន', 'ស្រលាញ់', 'ឈ្មោះ', 'ណាមួយ', 'ឧបមាថា', 'ឈ្មោះ', 'រឺ', 'ខ្សឹប', 'ថយ', 'អង្គុយ', 'រឺ', 'ឈរ', 'កន្លែង', 'ដើម', 'វិញ']",47,32
107,pair1,positive,ការគេងឆ្អែតគ្រប់គ្រាន់ពេលយប់ ជាគន្លឹះសំខាន់ក្នុងការជំរុញឲ្យរាងកាយអ្នកមានថាមពលគ្រប់គ្រាន់សម្រាប់សកម្មភាពប្រចាំថ្ងៃដូចជាការសិក្សា និងបំពេញការងារ នៅព្រឹកស្អែក។,ការ គេង ឆ្អែត គ្រប់គ្រាន់ យប់ គន្លឹះ សំខាន់ ការជំរុញ ឲ្យ រាងកាយ មាន ថាមពល គ្រប់គ្រាន់ សកម្មភាព ប្រចាំ ថ្ងៃ ដូចជា ការសិក្សា បំពេញ ការងារ ព្រឹក ស្អែក,"['ការ', 'គេង', 'ឆ្អែត', 'គ្រប់គ្រាន់', 'យប់', 'គន្លឹះ', 'សំខាន់', 'ការជំរុញ', 'ឲ្យ', 'រាងកាយ', 'មាន', 'ថាមពល', 'គ្រប់គ្រាន់', 'សកម្មភាព', 'ប្រចាំ', 'ថ្ងៃ', 'ដូចជា', 'ការសិក្សា', 'បំពេញ', 'ការងារ', 'ព្រឹក', 'ស្អែក']",30,22
359,pair2,negative,កុំជឿលើអារម្មណ៍ទាំងស្រុងពេកប្អូនស្រី ព្រោះពេលខ្លះអារម្មណ៍ បានដឹកនាំបេះដូង ដោយមិនបានឆ្លងកាត់ប្រឹក្សាពីបញ្ញានោះទេ។,កុំ ជឿ អារម្មណ៍ ទាំងស្រុង ពេក ប្អូន ស្រី ខ្លះ អារម្មណ៍ ដឹកនាំ បេះដូង មិន ឆ្លងកាត់ ប្រឹក្សា បញ្ញា,"['កុំ', 'ជឿ', 'អារម្មណ៍', 'ទាំងស្រុង', 'ពេក', 'ប្អូន', 'ស្រី', 'ខ្លះ', 'អារម្មណ៍', 'ដឹកនាំ', 'បេះដូង', 'មិន', 'ឆ្លងកាត់', 'ប្រឹក្សា', 'បញ្ញា']",25,15
128,pair1,negative,ឆក់ឡើងមួយចំហៀងខ្លួនខ្ញុំឡើងដេកអត់បានបានតែអង្គុយបើដេកទៅវិលវាបោកត្រូវក្បាលមួយចំហៀង។,ឆក់ ឡើង ចំហៀង ខ្លួនខ្ញុំ ឡើង ដេក អត់ អង្គុយ ដេក វិល បោក ក្បាល ចំហៀង,"['ឆក់', 'ឡើង', 'ចំហៀង', 'ខ្លួនខ្ញុំ', 'ឡើង', 'ដេក', 'អត់', 'អង្គុយ', 'ដេក', 'វិល', 'បោក', 'ក្បាល', 'ចំហៀង']",23,13
524,pair3,positive,ចំពោះរឿងគ្រួសារ និងស្នេហា មានភាពផ្អែមល្ហែម ត្រជាក់ត្រជុំ។,រឿង គ្រួសារ ស្នេហា មាន ភាពផ្អែមល្ហែម ត្រជាក់ ត្រជុំ,"['រឿង', 'គ្រួសារ', 'ស្នេហា', 'មាន', 'ភាពផ្អែមល្ហែម', 'ត្រជាក់', 'ត្រជុំ']",10,7
75,pair1,neutral,លោក Nolnabhas Yaemsa-ard នាយកផ្នែកយុទ្ធសាស្តររបស់មន្ទីរពេទ្យ Pat Rangsit បានប្រាប់ពីពេលមុនថា ពួកលោកចុះមកពេលនោះ គ្រាន់តែក្នុងគោលបំណងស្ទាបស្ទង់ទីផ្សារប៉ុណ្ណោះ។,Nolnabhas Yaemsa ard នាយក ផ្នែក យុទ្ធសាស្តរ មន្ទីរពេទ្យ Pat Rangsit ប្រាប់ មុន ពួក ចុះ គ្រាន់តែ គោលបំណង ស្ទាបស្ទង់ ទីផ្សារ ប៉ុណ្ណោះ,"['Nolnabhas', 'Yaemsa', 'ard', 'នាយក', 'ផ្នែក', 'យុទ្ធសាស្តរ', 'មន្ទីរពេទ្យ', 'Pat', 'Rangsit', 'ប្រាប់', 'មុន', 'ពួក', 'ចុះ', 'គ្រាន់តែ', 'គោលបំណង', 'ស្ទាបស្ទង់', 'ទីផ្សារ', 'ប៉ុណ្ណោះ']",29,18
14,pair1,neutral,អាហ្នឹងយើងឃើញមានការដេញដោលប៉ុណ្ណឹងម្សិលមិញនេះ។,អា ហ្នឹង ឃើញ មាន ការដេញដោល ប៉ុណ្ណឹង ម្សិលមិញ,"['អា', 'ហ្នឹង', 'ឃើញ', 'មាន', 'ការដេញដោល', 'ប៉ុណ្ណឹង', 'ម្សិលមិញ']",10,7
205,pair2,negative,នោះមានន័យថាការបង់រំលស់ប្រចាំខែរបស់ពួកគេនឹងខ្ពស់ជាងការរំពឹងទុក។,មាន ន័យ ការបង់ រំលស់ ប្រចាំ ខែ ពួកគេ ខ្ពស់ ជាង ការរំពឹងទុក,"['មាន', 'ន័យ', 'ការបង់', 'រំលស់', 'ប្រចាំ', 'ខែ', 'ពួកគេ', 'ខ្ពស់', 'ជាង', 'ការរំពឹងទុក']",15,10
192,pair1,neutral,លោកស្រីឯកអគ្គរដ្ឋទូតថ្មីនៃស្ថានទូតតួកគីប្រចាំកម្ពុជាបានសន្យាបែបនេះក្នុងឱកាសដែលលោកស្រីអញ្ជើញជួបជាមួយឯកឧត្តម ថោង ខុន រដ្ឋមន្ត្រីក្រសួងទេសចរណ៍ នារសៀលថ្ងៃទី១៥ ខែកញ្ញា ឆ្នាំ២០២២ នៅទីស្តីការក្រសួងទេសចរណ៍។,លោកស្រី ឯក អគ្គ រដ្ឋទូត ថ្មី នៃ ស្ថានទូត តួកគី ប្រចាំ កម្ពុជា សន្យា បែប ឱកាស លោកស្រី អញ្ជើញ ជួប ឯកឧត្តម ថោង ខុន រដ្ឋមន្ត្រី ក្រសួង ទេសចរណ៍ នា រសៀល ថ្ងៃទី ១៥ ខែកញ្ញា ឆ្នាំ ២០២២ ទីស្តីការ ក្រសួង ទេសចរណ៍,"['លោកស្រី', 'ឯក', 'អគ្គ', 'រដ្ឋទូត', 'ថ្មី', 'នៃ', 'ស្ថានទូត', 'តួកគី', 'ប្រចាំ', 'កម្ពុជា', 'សន្យា', 'បែប', 'ឱកាស', 'លោកស្រី', 'អញ្ជើញ', 'ជួប', 'ឯកឧត្តម', 'ថោង', 'ខុន', 'រដ្ឋមន្ត្រី', 'ក្រសួង', 'ទេសចរណ៍', 'នា', 'រសៀល', 'ថ្ងៃទី', '១៥', 'ខែកញ្ញា', 'ឆ្នាំ', '២០២២', 'ទីស្តីការ', 'ក្រសួង', 'ទេសចរណ៍']",39,32
521,pair3,neutral,គេបានយកសាកសពរុំក្នុងកំណាត់សូត្រពណ៌ស ប្រើមឈូសឈើ និងយកទៅបូជានៅទីដ៏ឆ្ងាយជាសម្ងាត់,យក សាកសព រុំ កំណាត់ សូត្រ ពណ៌ ប្រើ ឈូស ឈើ យក បូជា ទី ដ៏ ឆ្ងាយ សម្ងាត់,"['យក', 'សាកសព', 'រុំ', 'កំណាត់', 'សូត្រ', 'ពណ៌', 'ប្រើ', 'ឈូស', 'ឈើ', 'យក', 'បូជា', 'ទី', 'ដ៏', 'ឆ្ងាយ', 'សម្ងាត់']",24,15
74,pair1,negative,ធ្ងន់ធ្ងរជាងនេះទៅទៀត គឺភាគឺ កឹម សុខា ក៏មិនស្វាគមន៍ឲ្យ សម រង្ស៊ី បន្តស៊ីឡាកដើម្បីកេងចំណេញទៀតដែរ។,ធ្ងន់ធ្ងរ ជាង ទៀត ភា កឹម សុខា មិន ស្វាគមន៍ ឲ្យ សម រង្ស៊ី បន្ត ស៊ីឡាក កេង ចំណេញ ទៀត,"['ធ្ងន់ធ្ងរ', 'ជាង', 'ទៀត', 'ភា', 'កឹម', 'សុខា', 'មិន', 'ស្វាគមន៍', 'ឲ្យ', 'សម', 'រង្ស៊ី', 'បន្ត', 'ស៊ីឡាក', 'កេង', 'ចំណេញ', 'ទៀត']",24,16
141,pair1,positive,ក្នុងសន្និសីទសារព័ត៌មាននៅថ្ងៃនេះ មន្ត្រីក្រសួងយុត្តិធម៌៨រូប រួមទាំងអ្នកនាំពាក្យក្រសួងនេះ គឺលោក ជិន ម៉ាលីន បានលើកឡើងពីសមទ្ធផលជាច្រើនដែលក្រសួងបានខំប្រឹងប្រែង និងធ្វើកំណែទម្រង់ប្រព័ន្ធតុលាការនាពេលកន្លងមក មកដល់បច្ចុប្បន្ន។,សន្និសីទ សារព័ត៌មាន ថ្ងៃ មន្ត្រី ក្រសួង យុត្តិធម៌ ៨រូប រួមទាំង អ្នកនាំពាក្យ ក្រសួង ជិន ម៉ាលី លើកឡើង សមទ្ធផល ជាច្រើន ក្រសួង ខំប្រឹងប្រែង ធ្វើ កំណែទម្រង់ ប្រព័ន្ធ តុលាការ នា កន្លងមក មកដល់ បច្ចុប្បន្ន,"['សន្និសីទ', 'សារព័ត៌មាន', 'ថ្ងៃ', 'មន្ត្រី', 'ក្រសួង', 'យុត្តិធម៌', '៨រូប', 'រួមទាំង', 'អ្នកនាំពាក្យ', 'ក្រសួង', 'ជិន', 'ម៉ាលី', 'លើកឡើង', 'សមទ្ធផល', 'ជាច្រើន', 'ក្រសួង', 'ខំប្រឹងប្រែង', 'ធ្វើ', 'កំណែទម្រង់', 'ប្រព័ន្ធ', 'តុលាការ', 'នា', 'កន្លងមក', 'មកដល់', 'បច្ចុប្បន្ន']",39,25
562,pair3,neutral,ការណែនាំក្នុងការប្រើប្រាស់មានសរសេរនៅលើប្រអប់,ការណែនាំ ការប្រើប្រាស់ មាន សរសេរ នៅលើ ប្រអប់,"['ការណែនាំ', 'ការប្រើប្រាស់', 'មាន', 'សរសេរ', 'នៅលើ', 'ប្រអប់']",7,6
587,pair3,positive,ចាត់ទុកថាជាការសុំទោសដែលថ្ងៃមុននាងរត់មិនមើលមកបុកខ្ញុំទៅចុះ,ចាត់ទុក ការសុំទោស ថ្ងៃ មុន នាង រត់ មិន មើល បុក ចុះ,"['ចាត់ទុក', 'ការសុំទោស', 'ថ្ងៃ', 'មុន', 'នាង', 'រត់', 'មិន', 'មើល', 'បុក', 'ចុះ']",16,10
474,pair3,positive,អ្នកត្រូវតែបង្ហាញទង្វើជាមុនសម្រាប់អ្នកដើរតាមខ្លួន និងជម្រុញអ្នកដទៃជានិច្ចនូវអ្វីដែលពួកគេមិនហ៊ានបញ្ចេញសកម្មភាពឬនិយាយចេញមក។,ត្រូវតែ បង្ហាញ ទង្វើ ជាមុន ដើរ តាម ខ្លួន ជម្រុញ អ្នកដទៃ ជានិច្ច នូវ អ្វី ពួកគេ មិន ហ៊ាន បញ្ចេញ សកម្មភាព និយាយ ចេញមក,"['ត្រូវតែ', 'បង្ហាញ', 'ទង្វើ', 'ជាមុន', 'ដើរ', 'តាម', 'ខ្លួន', 'ជម្រុញ', 'អ្នកដទៃ', 'ជានិច្ច', 'នូវ', 'អ្វី', 'ពួកគេ', 'មិន', 'ហ៊ាន', 'បញ្ចេញ', 'សកម្មភាព', 'និយាយ', 'ចេញមក']",26,19
3,pair1,neutral,ច្បាប់ស្តីពីការគ្រប់គ្រងនិងការធ្វើអាជីវកម្មធនធានរ៉ែពីពេលនេះតទៅហៅកាត់ថាច្បាប់រុករករ៉ែអះអាងថារាល់ធនធានរ៉ែទាំងអស់គឺជាទ្រព្យសម្បត្តិរដ្ឋ៤។,ច្បាប់ ស្តីពី ការគ្រប់គ្រង ការធ្វើ អាជីវកម្ម ធនធាន រ៉ែ ពេលនេះ តទៅ ហៅ កាត់ ច្បាប់ រុករក រ៉ែ អះអាង រាល់ ធនធាន រ៉ែ ទាំងអស់ គឺជា ទ្រព្យសម្បត្តិ រដ្ឋ ៤។,"['ច្បាប់', 'ស្តីពី', 'ការគ្រប់គ្រង', 'ការធ្វើ', 'អាជីវកម្ម', 'ធនធាន', 'រ៉ែ', 'ពេលនេះ', 'តទៅ', 'ហៅ', 'កាត់', 'ច្បាប់', 'រុករក', 'រ៉ែ', 'អះអាង', 'រាល់', 'ធនធាន', 'រ៉ែ', 'ទាំងអស់', 'គឺជា', 'ទ្រព្យសម្បត្តិ', 'រដ្ឋ', '៤។']",27,23
314,pair2,neutral,"ចាប់តាំងពីជំងឺរាតត្បាតចាប់ផ្តើមមក អង្គការសុខភាពពិភពលោកបានបង្ហាញថា ចំនួនករណីសរុបមានរហូតទៅដល់ជាង ៦០៥ លានករណី ហើយ ៦,៤ លាននាក់បានស្លាប់។",ចាប់តាំងពី ជំងឺ រាតត្បាត ចាប់ផ្តើម អង្គការ សុខភាព ពិភពលោក បង្ហាញ ចំនួន ករណី សរុប មាន ទៅដល់ ជាង ៦០៥ លាន ករណី លាន នាក់ ស្លាប់,"['ចាប់តាំងពី', 'ជំងឺ', 'រាតត្បាត', 'ចាប់ផ្តើម', 'អង្គការ', 'សុខភាព', 'ពិភពលោក', 'បង្ហាញ', 'ចំនួន', 'ករណី', 'សរុប', 'មាន', 'ទៅដល់', 'ជាង', '៦០៥', 'លាន', 'ករណី', 'លាន', 'នាក់', 'ស្លាប់']",28,20
216,pair2,positive,កសាងនិងធ្វើឱ្យប្រសើរឡើងនូវសម្ភារៈបរិក្ខារអប់រំ ដែលធ្វើឲ្យមានភាពប្រែប្រួលដល់កុមារ អ្នកបាត់បង់សមត្ថភាពពលកម្មនិងយែនឌ័រ និងផ្តល់នូវសុវត្ថិភាព គ្មានអំពើហិង្សា មានបរិស្ថាននៃការសិក្សាប្រកបដោយបរិយាបន្ននិងប្រសិទ្ធិភាពសម្រាប់ប្រជាជនគ្រប់រូប។,កសាង ធ្វើឱ្យ ប្រសើរឡើង នូវ សម្ភារៈ បរិក្ខារ អប់រំ ធ្វើឲ្យ មាន ភាពប្រែប្រួល កុមារ បាត់បង់ សមត្ថភាព ពលកម្ម យែនឌ័រ ផ្តល់ នូវ សុវត្ថិភាព គ្មាន អំពើហិង្សា មាន បរិស្ថាន នៃ ការសិក្សា ប្រកបដោយ បរិយា បន្ន ប្រសិទ្ធិភាព ប្រជាជន គ្រប់ រូប,"['កសាង', 'ធ្វើឱ្យ', 'ប្រសើរឡើង', 'នូវ', 'សម្ភារៈ', 'បរិក្ខារ', 'អប់រំ', 'ធ្វើឲ្យ', 'មាន', 'ភាពប្រែប្រួល', 'កុមារ', 'បាត់បង់', 'សមត្ថភាព', 'ពលកម្ម', 'យែនឌ័រ', 'ផ្តល់', 'នូវ', 'សុវត្ថិភាព', 'គ្មាន', 'អំពើហិង្សា', 'មាន', 'បរិស្ថាន', 'នៃ', 'ការសិក្សា', 'ប្រកបដោយ', 'បរិយា', 'បន្ន', 'ប្រសិទ្ធិភាព', 'ប្រជាជន', 'គ្រប់', 'រូប']",40,31
64,pair1,neutral,នេះបើយោងតាមអនុស្សរណៈរបស់សេតវិមាន ដែលផ្ញើទៅកាន់ក្រសួងការបរទេសកាលពីថ្ងៃទី១៥ ខែកញ្ញា។,យោង តាម អនុស្សរណៈ សេតវិមាន ផ្ញើ ទៅកាន់ ក្រសួង ការបរទេស កាលពី ថ្ងៃទី ១៥ ខែកញ្ញា,"['យោង', 'តាម', 'អនុស្សរណៈ', 'សេតវិមាន', 'ផ្ញើ', 'ទៅកាន់', 'ក្រសួង', 'ការបរទេស', 'កាលពី', 'ថ្ងៃទី', '១៥', 'ខែកញ្ញា']",17,12
363,pair2,positive,៤ម៉ោងកន្លងផុតទៅប៊ីក៏ផុតគ្រោះថ្នាក់តែត្រូវសម្រាកនៅពេទ្យសិនយើងទាំងអស់គ្នាសប្បាយចិត្តណាស់ពេលឮថាប៊ីគ្មានអ្វីធ្ងន់ធ្ងរ,៤ម៉ោង កន្លងផុត ប៊ី ផុត គ្រោះថ្នាក់ សម្រាក នៅពេទ្យ សិន ទាំងអស់ សប្បាយ ចិត្ត ណាស់ ប៊ី គ្មាន អ្វី ធ្ងន់ធ្ងរ,"['៤ម៉ោង', 'កន្លងផុត', 'ប៊ី', 'ផុត', 'គ្រោះថ្នាក់', 'សម្រាក', 'នៅពេទ្យ', 'សិន', 'ទាំងអស់', 'សប្បាយ', 'ចិត្ត', 'ណាស់', 'ប៊ី', 'គ្មាន', 'អ្វី', 'ធ្ងន់ធ្ងរ']",25,16
434,pair3,negative,នៅក្នុងការអនុវត្តជាក់ស្តែងនេះមានន័យថាពួកគេអាចប្រឈមនឹងការបៀតបៀនរុកកួននិងអាចថែមទាំងទទួលរងអំពើហិង្សានៅក្នុងផ្ទះកន្លែងធ្វើការសាលារៀននិងសហគមន៍របស់ពួកគេថែមទៀតផង។,នៅក្នុង ការអនុវត្ត ជាក់ស្តែង មាន ន័យ ពួកគេ ប្រឈម ការបៀតបៀន រុក កួន ថែមទាំង ទទួលរង អំពើហិង្សា នៅក្នុង ផ្ទះ កន្លែង ធ្វើការសាលារៀន សហគមន៍ ពួកគេ ថែម ទៀត,"['នៅក្នុង', 'ការអនុវត្ត', 'ជាក់ស្តែង', 'មាន', 'ន័យ', 'ពួកគេ', 'ប្រឈម', 'ការបៀតបៀន', 'រុក', 'កួន', 'ថែមទាំង', 'ទទួលរង', 'អំពើហិង្សា', 'នៅក្នុង', 'ផ្ទះ', 'កន្លែង', 'ធ្វើការសាលារៀន', 'សហគមន៍', 'ពួកគេ', 'ថែម', 'ទៀត']",31,21
190,pair1,negative,ដំណាំកសិកម្ម និងកសិ-ឧស្សាហកម្ម ជិត១ពាន់ហិកតានៅខេត្តប៉ៃលិន កំពុងរងការខូចខាត ខណៈភ្លៀងបន្តធ្លាក់ខ្លាំង,ដំណាំ កសិកម្ម កសិ ឧស្សាហកម្ម ជិត១ ពាន់ ហិកតា ខេត្ត ប៉ៃលិន កំពុង រង ការខូចខាត ខណៈ ភ្លៀង បន្ត ធ្លាក់ ខ្លាំង,"['ដំណាំ', 'កសិកម្ម', 'កសិ', 'ឧស្សាហកម្ម', 'ជិត១', 'ពាន់', 'ហិកតា', 'ខេត្ត', 'ប៉ៃលិន', 'កំពុង', 'រង', 'ការខូចខាត', 'ខណៈ', 'ភ្លៀង', 'បន្ត', 'ធ្លាក់', 'ខ្លាំង']",19,17
512,pair3,negative,គួរបញ្ជាក់ថា ចាប់តាំងពីដើមខែកញ្ញាមក កងកម្លាំងអ៊ុយក្រែនបានដណ្តើមការកាន់កាប់ទឹកដីភាគខាងកើតយ៉ាងឆាប់រហ័ស ដើម្បីទទួលបានការគ្រប់គ្រងខ្សែផ្គត់ផ្គង់របស់រុស្ស៊ី ដោយកាត់ផ្តាច់កងកម្លាំងរុស្ស៊ីដែលមានទំហំធំ និងបង្ខំឱ្យពួកគេដកថយ៕,គួរ បញ្ជាក់ ចាប់តាំងពី ដើម ខែកញ្ញា កងកម្លាំង អ៊ុយក្រែន ដណ្តើម ការកាន់កាប់ ទឹកដី ភាគ ខាងកើត យ៉ាង ឆាប់រហ័ស ទទួលបាន ការគ្រប់គ្រង ខ្សែ ផ្គត់ផ្គង់ រុស្ស៊ី កាត់ផ្តាច់ កងកម្លាំង រុស្ស៊ី មាន ទំហំ ធំ បង្ខំឱ្យ ពួកគេ ដក ថយ,"['គួរ', 'បញ្ជាក់', 'ចាប់តាំងពី', 'ដើម', 'ខែកញ្ញា', 'កងកម្លាំង', 'អ៊ុយក្រែន', 'ដណ្តើម', 'ការកាន់កាប់', 'ទឹកដី', 'ភាគ', 'ខាងកើត', 'យ៉ាង', 'ឆាប់រហ័ស', 'ទទួលបាន', 'ការគ្រប់គ្រង', 'ខ្សែ', 'ផ្គត់ផ្គង់', 'រុស្ស៊ី', 'កាត់ផ្តាច់', 'កងកម្លាំង', 'រុស្ស៊ី', 'មាន', 'ទំហំ', 'ធំ', 'បង្ខំឱ្យ', 'ពួកគេ', 'ដក', 'ថយ']",38,29
197,pair1,neutral,ចំណុចប្រសព្វក្នុងបណ្តាញកំណោងសកម្មភាពគឺប្រាប់ពីចំនួនព្រឹត្តិការណ៍តាមលំដាប់លំដោយពីឆ្វេងទៅស្តាំសូមមើលរូបភាពទី៨,ចំណុច ប្រសព្វ បណ្តាញ កំណោង សកម្មភាព ប្រាប់ ចំនួន ព្រឹត្តិការណ៍ តាម លំដាប់លំដោយ ឆ្វេង ស្តាំ សូម មើល រូបភាព ទី៨,"['ចំណុច', 'ប្រសព្វ', 'បណ្តាញ', 'កំណោង', 'សកម្មភាព', 'ប្រាប់', 'ចំនួន', 'ព្រឹត្តិការណ៍', 'តាម', 'លំដាប់លំដោយ', 'ឆ្វេង', 'ស្តាំ', 'សូម', 'មើល', 'រូបភាព', 'ទី៨']",21,16
231,pair2,positive,អ្នកវិភាគ និងអ្នកឃ្លាំមើលអង្គការប្រេង OPEC+ ដូចជា UBS និង JP Morgan បានស្នើក្នុងប៉ុន្មានថ្ងៃថ្មីៗនេះថា ការកាត់បន្ថយប្រេងប្រហែលមួយលានបារ៉ែលក្នុងមួយថ្ងៃទំនងជាកើតឡើង ហើយអាចជួយឱ្យតម្លៃប្រេងធ្លាក់ចុះ។,អ្នកវិភាគ អ្នកឃ្លាំមើល អង្គការ ប្រេង OPEC ដូចជា UBS JP Morgan ស្នើ ប៉ុន្មាន ថ្ងៃ ថ្មី ការកាត់បន្ថយ ប្រេង ប្រហែល លាន បារ៉ែល ថ្ងៃ ទំនងជា កើតឡើង ជួយ ឱ្យ តម្លៃ ប្រេង ធ្លាក់ចុះ,"['អ្នកវិភាគ', 'អ្នកឃ្លាំមើល', 'អង្គការ', 'ប្រេង', 'OPEC', 'ដូចជា', 'UBS', 'JP', 'Morgan', 'ស្នើ', 'ប៉ុន្មាន', 'ថ្ងៃ', 'ថ្មី', 'ការកាត់បន្ថយ', 'ប្រេង', 'ប្រហែល', 'លាន', 'បារ៉ែល', 'ថ្ងៃ', 'ទំនងជា', 'កើតឡើង', 'ជួយ', 'ឱ្យ', 'តម្លៃ', 'ប្រេង', 'ធ្លាក់ចុះ']",39,26
416,pair3,negative,រោគសញ្ញាខូចតម្រង់នោមធ្ងន់ធ្ងរ: នោមតិចម្តងម្កាល ការស្ទះសារធាតុរាវនៅប្រអប់ជើង ជើង ងងុយដេក វិលមុខ ឬ ហេវហត់អស់កម្លាំង។,រោគសញ្ញា ខូច តម្រង់ នោម ធ្ងន់ធ្ងរ នោម តិច ម្តងម្កាល ការស្ទះ សារធាតុ រាវ ប្រអប់ ជើង ជើង ងុយដេក វិលមុខ ហេវ ហត់ អស់ កម្លាំង,"['រោគសញ្ញា', 'ខូច', 'តម្រង់', 'នោម', 'ធ្ងន់ធ្ងរ', 'នោម', 'តិច', 'ម្តងម្កាល', 'ការស្ទះ', 'សារធាតុ', 'រាវ', 'ប្រអប់', 'ជើង', 'ជើង', 'ងុយដេក', 'វិលមុខ', 'ហេវ', 'ហត់', 'អស់', 'កម្លាំង']",25,20
37,pair1,negative,លោកបានបន្ថែមថា ការបំភាយឧស្ម័នផ្ទះកញ្ចក់ចំនួន ៧០ លានតោនផ្សេងទៀតអាចត្រូវបានផលិតសម្រាប់ការកសាងឡើងវិញនូវហេដ្ឋារចនាសម្ព័ន្ធ និងអគារដែលត្រូវបានបំផ្លាញក្នុងអំឡុងសង្គរាម៕,បន្ថែម ការបំភាយ ឧស្ម័ន ផ្ទះ កញ្ចក់ ចំនួន ៧០ លាន តោន ផ្សេង ទៀត ត្រូវបាន ផលិត ការកសាងឡើងវិញ នូវ ហេដ្ឋារចនាសម្ព័ន្ធ អគារ ត្រូវបាន បំផ្លាញ អំឡុង សង្គរាម,"['បន្ថែម', 'ការបំភាយ', 'ឧស្ម័ន', 'ផ្ទះ', 'កញ្ចក់', 'ចំនួន', '៧០', 'លាន', 'តោន', 'ផ្សេង', 'ទៀត', 'ត្រូវបាន', 'ផលិត', 'ការកសាងឡើងវិញ', 'នូវ', 'ហេដ្ឋារចនាសម្ព័ន្ធ', 'អគារ', 'ត្រូវបាន', 'បំផ្លាញ', 'អំឡុង', 'សង្គរាម']",30,21
494,pair3,negative,ស្រលាញ់មនុស្សម្នាក់គឺគ្មានហេតុផល ខ្ញុំក៏បានយល់ និងទទួលស្គាល់ថាជាការពិត បន្ទាប់ពីខ្ញុំឃាត់ចិត្តខ្លួនឯង មិនឱ្យស្រលាញ់គេមិនបាន។,ស្រលាញ់ មនុស្ស ម្នាក់ គ្មាន ហេតុផល យល់ ទទួលស្គាល់ ការពិត បន្ទាប់ពី ឃាត់ ចិត្ត ខ្លួន ឯង មិន ឱ្យ ស្រលាញ់ មិន,"['ស្រលាញ់', 'មនុស្ស', 'ម្នាក់', 'គ្មាន', 'ហេតុផល', 'យល់', 'ទទួលស្គាល់', 'ការពិត', 'បន្ទាប់ពី', 'ឃាត់', 'ចិត្ត', 'ខ្លួន', 'ឯង', 'មិន', 'ឱ្យ', 'ស្រលាញ់', 'មិន']",28,17
184,pair1,neutral,ទុករយៈពេល ២០-៣០ នាទី បន្ទាប់ត្រូវលាងអំបិលចេញ មុនពេលដាំស្លរ។,ទុក រយៈពេល ២០ ៣០ នាទី បន្ទាប់ លាង អំបិល ចេញ មុនពេល ដាំ ស្លរ,"['ទុក', 'រយៈពេល', '២០', '៣០', 'នាទី', 'បន្ទាប់', 'លាង', 'អំបិល', 'ចេញ', 'មុនពេល', 'ដាំ', 'ស្លរ']",14,12
135,pair1,neutral,វាកើតឡើងតាមរយៈយន្តការដូចជា មូលនិធិបៃតងសម្រាប់បម្រែបម្រួលអាកាសធាតុ ដឹកនាំដោយអនុសញ្ញាក្របខ័ណ្ឌសហប្រជាជាតិស្តីពីការប្រែប្រួលអាកាសធាតុ (UNFCCC) ព្រមទាំងធនាគារវិនិយោគហេដ្ឋារចនាសម្ព័ន្ធអាស៊ី ដឹកនាំដោយប្រទេសចិន (AIIB)។,កើតឡើង តាមរយៈ យន្តការ ដូចជា មូលនិធិ បៃតង បម្រែបម្រួល អាកាសធាតុ ដឹកនាំ អនុសញ្ញា ក្របខ័ណ្ឌ សហ ប្រជាជាតិ ស្តីពី ការប្រែប្រួល អាកាសធាតុ UNFCCC ព្រមទាំង ធនាគារ វិនិយោគ ហេដ្ឋារចនាសម្ព័ន្ធ អាស៊ី ដឹកនាំ ប្រទេស ចិន AIIB,"['កើតឡើង', 'តាមរយៈ', 'យន្តការ', 'ដូចជា', 'មូលនិធិ', 'បៃតង', 'បម្រែបម្រួល', 'អាកាសធាតុ', 'ដឹកនាំ', 'អនុសញ្ញា', 'ក្របខ័ណ្ឌ', 'សហ', 'ប្រជាជាតិ', 'ស្តីពី', 'ការប្រែប្រួល', 'អាកាសធាតុ', 'UNFCCC', 'ព្រមទាំង', 'ធនាគារ', 'វិនិយោគ', 'ហេដ្ឋារចនាសម្ព័ន្ធ', 'អាស៊ី', 'ដឹកនាំ', 'ប្រទេស', 'ចិន', 'AIIB']",31,26
290,pair2,neutral,ចំណែកភ្នំពេញក្រោន បើកទ្វារកីឡដ្ឋានរបស់ខ្លួនទទួលក្រុម វិសាខា នៅវគ្គពាក់កណ្តាលផ្តាច់ព្រ័ត្រដូចគ្នាថ្ងៃនេះដែរ វេលាម៉ោង៦:៣០នាទីល្ងាច។,ចំណែក ភ្នំពេញ ក្រោន បើក ទ្វារ កីឡដ្ឋាន ខ្លួន ទទួល ក្រុម វិសាខា វគ្គ ពាក់កណ្តាល ផ្តាច់ព្រ័ត្រ ដូចគ្នា ថ្ងៃ វេលា ម៉ោង ៣០នាទី ល្ងាច,"['ចំណែក', 'ភ្នំពេញ', 'ក្រោន', 'បើក', 'ទ្វារ', 'កីឡដ្ឋាន', 'ខ្លួន', 'ទទួល', 'ក្រុម', 'វិសាខា', 'វគ្គ', 'ពាក់កណ្តាល', 'ផ្តាច់ព្រ័ត្រ', 'ដូចគ្នា', 'ថ្ងៃ', 'វេលា', 'ម៉ោង', '៣០នាទី', 'ល្ងាច']",25,19
133,pair1,positive,ចំណែកពុទ្ធបរិស័ទទូទៅក៏អាចរៀនសូត្រពីការធ្វើពិធីបវារណាចេញវស្សារបស់ព្រះភិក្ខុសង្ឃ ផងដែរតាមរយៈបង្កើតការជួបជុំក្នុងគ្រួសារ ឬស្ថាប័ន អង្គភាពរបស់ខ្លួន ដើម្បីធ្វើការឆ្លុះបញ្ចាំងនិងផ្តល់យោបល់កែលម្អគ្នាទៅវិញទៅមក និងសុំទោសគ្នានូវរាល់កំហុសឆ្គងទាំងឡាយ ហើយចេះកែកំហុសនោះ ដើម្បីការរស់នៅសុខសាន្តជានានឹងគ្នាតរៀងទៅ ។,ចំណែក ពុទ្ធ បរិស័ទ ទូទៅ រៀនសូត្រ ការធ្វើ ពិធី បវារណា ចេញ វស្សា ព្រះភិក្ខុ សង្ឃ ផងដែរ តាមរយៈ បង្កើត ការជួបជុំ គ្រួសារ ស្ថាប័ន អង្គភាព ខ្លួន ធ្វើ ការឆ្លុះបញ្ចាំង ផ្តល់ យោបល់ កែលម្អ វិញ ទៅមក សុំទោស នូវ រាល់ កំហុសឆ្គង ទាំងឡាយ ចេះ កែ កំហុស ការរស់នៅ សុខសាន្ត នា រៀង,"['ចំណែក', 'ពុទ្ធ', 'បរិស័ទ', 'ទូទៅ', 'រៀនសូត្រ', 'ការធ្វើ', 'ពិធី', 'បវារណា', 'ចេញ', 'វស្សា', 'ព្រះភិក្ខុ', 'សង្ឃ', 'ផងដែរ', 'តាមរយៈ', 'បង្កើត', 'ការជួបជុំ', 'គ្រួសារ', 'ស្ថាប័ន', 'អង្គភាព', 'ខ្លួន', 'ធ្វើ', 'ការឆ្លុះបញ្ចាំង', 'ផ្តល់', 'យោបល់', 'កែលម្អ', 'វិញ', 'ទៅមក', 'សុំទោស', 'នូវ', 'រាល់', 'កំហុសឆ្គង', 'ទាំងឡាយ', 'ចេះ', 'កែ', 'កំហុស', 'ការរស់នៅ', 'សុខសាន្ត', 'នា', 'រៀង']",61,39
312,pair2,neutral,ឯកឧត្តមសង្ឃឹមថា ឯកសារកម្មវិធីថ្មី ប្រចាំប្រទេស ២០២៤-២០២៨ រវាងរាជរដ្ឋាភិបាលកម្ពុជា និង UNDP នឹងជួយកម្ពុជាសម្រេចបាន គោលដៅនេះ។,ឯកឧត្តម សង្ឃឹម ឯកសារ កម្មវិធី ថ្មី ប្រចាំ ប្រទេស ២០២៤ ២០២៨ រវាង រាជ រដ្ឋាភិបាល កម្ពុជា UNDP ជួយ កម្ពុជា សម្រេចបាន គោលដៅ,"['ឯកឧត្តម', 'សង្ឃឹម', 'ឯកសារ', 'កម្មវិធី', 'ថ្មី', 'ប្រចាំ', 'ប្រទេស', '២០២៤', '២០២៨', 'រវាង', 'រាជ', 'រដ្ឋាភិបាល', 'កម្ពុជា', 'UNDP', 'ជួយ', 'កម្ពុជា', 'សម្រេចបាន', 'គោលដៅ']",24,18
258,pair2,negative,ពួកគេត្រូវស្វែងរកដំណោះស្រាយ ពីព្រោះពួកគេមិនអាចបង្ខំខ្លួនឯងឱ្យចូលចិត្តប្រព័ន្ធនេះដូចដែលវាមាន។,ពួកគេ ស្វែងរក ដំណោះស្រាយ ពីព្រោះ ពួកគេ មិន បង្ខំ ខ្លួន ឯង ឱ្យ ចូលចិត្ត ប្រព័ន្ធ មាន,"['ពួកគេ', 'ស្វែងរក', 'ដំណោះស្រាយ', 'ពីព្រោះ', 'ពួកគេ', 'មិន', 'បង្ខំ', 'ខ្លួន', 'ឯង', 'ឱ្យ', 'ចូលចិត្ត', 'ប្រព័ន្ធ', 'មាន']",20,13
458,pair3,neutral,ខ្ញុំកំពុងសិក្សាផ្នែករដ្ឋបាលនិងពាណិជ្ជកម្ម,កំពុង សិក្សា ផ្នែក រដ្ឋបាល ពាណិជ្ជកម្ម,"['កំពុង', 'សិក្សា', 'ផ្នែក', 'រដ្ឋបាល', 'ពាណិជ្ជកម្ម']",7,5
83,pair1,neutral,បំណកប្រែតាមន័យសុទ្ធបែបនេះ ច្រើនត្រូវបានអនុវត្តចំពោះ កិច្ចសន្យា លិខិតពាណិជ្ជកម្ម លិខិតច្បាប់ផ្សេងៗ ដូចជាសន្ធិសញ្ញា រវាងពីរប្រទេសជាដើម។,បំណក ប្រែ តាម ន័យ សុទ្ធ បែប ច្រើន ត្រូវបាន អនុវត្ត កិច្ចសន្យា លិខិត ពាណិជ្ជកម្ម លិខិត ច្បាប់ ផ្សេង ដូចជា សន្ធិសញ្ញា រវាង ប្រទេស ជាដើម,"['បំណក', 'ប្រែ', 'តាម', 'ន័យ', 'សុទ្ធ', 'បែប', 'ច្រើន', 'ត្រូវបាន', 'អនុវត្ត', 'កិច្ចសន្យា', 'លិខិត', 'ពាណិជ្ជកម្ម', 'លិខិត', 'ច្បាប់', 'ផ្សេង', 'ដូចជា', 'សន្ធិសញ្ញា', 'រវាង', 'ប្រទេស', 'ជាដើម']",25,20
549,pair3,neutral,មែនទែនទៅ ក្លឹប Inter Miami មានបំណងចង់បាន Cristiano Ronaldo ដើម្បីជំនួសតួនាទីតំបន់ប្រយុទ្ធ Gonzalo Higuain ដែលបានប្រកាសចូលនិវត្តន៍ពីអាជីពបាល់ទាត់នាចុងបញ្ចប់រដូវកាលនេះ។,មែនទែន ក្លឹប Inter Miami មាន បំណង ចង់បាន Cristiano Ronaldo ជំនួស តួនាទី តំបន់ ប្រយុទ្ធ Gonzalo Higuain ប្រកាស ចូលនិវត្តន៍ អាជីព បាល់ទាត់ នា ចុងបញ្ចប់ រដូវកាល,"['មែនទែន', 'ក្លឹប', 'Inter', 'Miami', 'មាន', 'បំណង', 'ចង់បាន', 'Cristiano', 'Ronaldo', 'ជំនួស', 'តួនាទី', 'តំបន់', 'ប្រយុទ្ធ', 'Gonzalo', 'Higuain', 'ប្រកាស', 'ចូលនិវត្តន៍', 'អាជីព', 'បាល់ទាត់', 'នា', 'ចុងបញ្ចប់', 'រដូវកាល']",29,22
131,pair1,positive,មានអ្វីជាច្រើនដែលយើងអាចរៀនបានពីប្រទេសដទៃដូចជាប្រទេសហ្វាំងឡង់ដែលបានបោះជំហានយ៉ាងធំនៅក្នុងការផ្លាស់ប្តូរការអប់រំ។,មាន អ្វី ជាច្រើន រៀន ប្រទេស ដទៃ ដូចជា ប្រទេស ហ្វាំងឡង់ បោះជំហាន យ៉ាង ធំ នៅក្នុង ការផ្លាស់ប្តូរ ការអប់រំ,"['មាន', 'អ្វី', 'ជាច្រើន', 'រៀន', 'ប្រទេស', 'ដទៃ', 'ដូចជា', 'ប្រទេស', 'ហ្វាំងឡង់', 'បោះជំហាន', 'យ៉ាង', 'ធំ', 'នៅក្នុង', 'ការផ្លាស់ប្តូរ', 'ការអប់រំ']",23,15
45,pair1,neutral,យើងក៏កំពុងធ្វើការដើម្បីសម្របយុទ្ធសាស្ត្រការពាររបស់យើងទៅនឹងការគំរាមកំហែងផ្លាស់ប្តូរដែលយើងប្រឈមមុខ»។,កំពុង ធ្វើការ សម្រប យុទ្ធសាស្ត្រ ការពារ ទៅនឹង ការគំរាមកំហែង ផ្លាស់ប្តូរ ប្រឈមមុខ,"['កំពុង', 'ធ្វើការ', 'សម្រប', 'យុទ្ធសាស្ត្រ', 'ការពារ', 'ទៅនឹង', 'ការគំរាមកំហែង', 'ផ្លាស់ប្តូរ', 'ប្រឈមមុខ']",18,9
87,pair1,positive,នោះហើយទើបជាទំនាក់ទំនងដែលគង់វង្សយូរអង្វែង និងគួរឱ្យស្ញប់ស្ញែងសម្រាប់ខ្ញុំ។,ទើប ទំនាក់ទំនង គង់វង្ស យូរអង្វែង គួរឱ្យ ស្ញប់ស្ញែង,"['ទើប', 'ទំនាក់ទំនង', 'គង់វង្ស', 'យូរអង្វែង', 'គួរឱ្យ', 'ស្ញប់ស្ញែង']",14,6
94,pair1,negative,អេឡុន ម៉ាស និង ហ្សេឡេនស្គី ប៉ះសម្តីគ្នាលើបណ្តាញសង្គមធ្វីតធ័រ ជុំវិញផែនការសន្តិភាពអ៊ុយក្រែន,អេឡុន ម៉ាស ហ្សេឡេន ស្គី ប៉ះ សម្តី បណ្តាញ សង្គម ធ្វីតធ័រ ជុំវិញ ផែនការ សន្តិភាព អ៊ុយក្រែន,"['អេឡុន', 'ម៉ាស', 'ហ្សេឡេន', 'ស្គី', 'ប៉ះ', 'សម្តី', 'បណ្តាញ', 'សង្គម', 'ធ្វីតធ័រ', 'ជុំវិញ', 'ផែនការ', 'សន្តិភាព', 'អ៊ុយក្រែន']",16,13
196,pair1,negative,ប៉ុន្តែម្តងនេះល្បិចដដែលៗរាក់កំផែលរបស់ទណ្ឌិត សម រង្ស៊ី ពិតជាមិនអាចលាក់បាំងការពិតពីក្រសែភ្នែករបស់មហាជនខ្មែរបានឡើយ ហើយក៏កំពុងរុញច្រានទណ្ឌិតរត់ចោលគុករូបនេះឲ្យស្ថិតក្នុងស្ថានភាព «តម្រិះជិះកឯង»។,ប៉ុន្តែ ម្តង ល្បិច ដដែល រាក់ កំផែល ទណ្ឌិត សម រង្ស៊ី ពិតជា មិន លាក់បាំង ការពិត ក្រសែភ្នែក មហាជន ខ្មែរ ឡើយ ហើយក៏ កំពុង រុញ ច្រាន ទណ្ឌិត រត់ ចោល គុក រូប ឲ្យ ស្ថិត ស្ថានភាព ម្រិះ ជិះ ឯង,"['ប៉ុន្តែ', 'ម្តង', 'ល្បិច', 'ដដែល', 'រាក់', 'កំផែល', 'ទណ្ឌិត', 'សម', 'រង្ស៊ី', 'ពិតជា', 'មិន', 'លាក់បាំង', 'ការពិត', 'ក្រសែភ្នែក', 'មហាជន', 'ខ្មែរ', 'ឡើយ', 'ហើយក៏', 'កំពុង', 'រុញ', 'ច្រាន', 'ទណ្ឌិត', 'រត់', 'ចោល', 'គុក', 'រូប', 'ឲ្យ', 'ស្ថិត', 'ស្ថានភាព', 'ម្រិះ', 'ជិះ', 'ឯង']",44,32
311,pair2,positive,សាលានីមួយៗគួរណាស់តែពង្រឹងការអប់រំ និងក្រើនរំលឹកដល់សិស្សនិស្សិតពីចង្វាក់រាំប្រពៃណីខ្មែរទាំងអស់ឡើងវិញ ដើម្បីជៀសវាងយុវជនយើងខ្លះសប្បាយភ្លេចខ្លួននឹងវប្បធម៌បរទេសភ្លេចអស់នូវវប្បធម៌ខ្មែរយើង។,សាលា នីមួយ គួរ ណាស់ ពង្រឹង ការអប់រំ ក្រើន រំលឹក សិស្ស និស្សិត ចង្វាក់ រាំ ប្រពៃណី ខ្មែរ ទាំងអស់ ឡើងវិញ ជៀសវាង យុវជន ខ្លះ សប្បាយ ភ្លេច ខ្លួន វប្បធម៌ បរទេស ភ្លេច អស់ នូវ វប្បធម៌ ខ្មែរ,"['សាលា', 'នីមួយ', 'គួរ', 'ណាស់', 'ពង្រឹង', 'ការអប់រំ', 'ក្រើន', 'រំលឹក', 'សិស្ស', 'និស្សិត', 'ចង្វាក់', 'រាំ', 'ប្រពៃណី', 'ខ្មែរ', 'ទាំងអស់', 'ឡើងវិញ', 'ជៀសវាង', 'យុវជន', 'ខ្លះ', 'សប្បាយ', 'ភ្លេច', 'ខ្លួន', 'វប្បធម៌', 'បរទេស', 'ភ្លេច', 'អស់', 'នូវ', 'វប្បធម៌', 'ខ្មែរ']",39,29
251,pair2,positive,ខ្ញុំស្គាល់អត្តសញ្ញាណខ្លួនឯង ខ្ញុំរស់នៅក្នុងសេចក្តីពិត សេចក្តីស្រឡាញ់ដែលមិនប្រួលប្រែ មានសេរីភាពពីចំណងទាំងឡាយនៅក្នុងជីវិត។,ស្គាល់ អត្តសញ្ញាណ ខ្លួន ឯង រស់ នៅក្នុង សេចក្តីពិត សេចក្តីស្រឡាញ់ មិន ប្រួល ប្រែ មាន សេរីភាព ចំណង ទាំងឡាយ នៅក្នុង ជីវិត,"['ស្គាល់', 'អត្តសញ្ញាណ', 'ខ្លួន', 'ឯង', 'រស់', 'នៅក្នុង', 'សេចក្តីពិត', 'សេចក្តីស្រឡាញ់', 'មិន', 'ប្រួល', 'ប្រែ', 'មាន', 'សេរីភាព', 'ចំណង', 'ទាំងឡាយ', 'នៅក្នុង', 'ជីវិត']",22,17
523,pair3,positive,ពេលខ្លះស្នេហាប្រៀបដូចជាថ្នាំដែលល្វីង ប៉ុន្តែថ្នាំល្វីងនេះអាចព្យាបាលជំងឺរបស់យើងឱ្យជាសះស្បើយបាន។,ខ្លះ ស្នេហា ប្រៀប ដូចជា ថ្នាំ ល្វីង ប៉ុន្តែ ថ្នាំ ល្វីង ព្យាបាល ជំងឺ ឱ្យ ជាសះស្បើយ,"['ខ្លះ', 'ស្នេហា', 'ប្រៀប', 'ដូចជា', 'ថ្នាំ', 'ល្វីង', 'ប៉ុន្តែ', 'ថ្នាំ', 'ល្វីង', 'ព្យាបាល', 'ជំងឺ', 'ឱ្យ', 'ជាសះស្បើយ']",21,13
399,pair2,negative,លោកស្រុកមង្គលបូរី បញ្ជាក់ថា ស្រុករបសើលោក មាន១៣ឃុំ ស្មើ៨៧ភូមិ ដែលរងផលប៉ះពាល់ដោយទឹកជំនន់លិចផ្លូវ និងហូរកាត់មានចំនួន១៨៧ខ្សែប្រវែង១២៣០១៤ម៉ែត្រ មានផ្លូវខ្លះត្រូវបានទឹកហូរកាត់ដាច់មិនអាចឆ្លងកាត់បាន ដែលអាជ្ញាធរធ្វើស្ពានឱ្យប្រជាពលរដ្ឋឆ្លងកាត់៕,ស្រុក មង្គល បូរី បញ្ជាក់ ស្រុក របសើ មាន ១៣ឃុំ ស្មើ ៨៧ ភូមិ រង ផល ប៉ះពាល់ ទឹក ជំនន់ លិច ផ្លូវ ហូរ កាត់ មាន ចំនួន ១៨៧ ខ្សែ ប្រវែង១២៣០១៤ ម៉ែត្រ មាន ផ្លូវ ខ្លះ ត្រូវបាន ទឹក ហូរ កាត់ ដាច់ មិន ឆ្លងកាត់ អាជ្ញាធរ ធ្វើ ស្ពាន ឱ្យ ប្រជាពលរដ្ឋ ឆ្លងកាត់,"['ស្រុក', 'មង្គល', 'បូរី', 'បញ្ជាក់', 'ស្រុក', 'របសើ', 'មាន', '១៣ឃុំ', 'ស្មើ', '៨៧', 'ភូមិ', 'រង', 'ផល', 'ប៉ះពាល់', 'ទឹក', 'ជំនន់', 'លិច', 'ផ្លូវ', 'ហូរ', 'កាត់', 'មាន', 'ចំនួន', '១៨៧', 'ខ្សែ', 'ប្រវែង១២៣០១៤', 'ម៉ែត្រ', 'មាន', 'ផ្លូវ', 'ខ្លះ', 'ត្រូវបាន', 'ទឹក', 'ហូរ', 'កាត់', 'ដាច់', 'មិន', 'ឆ្លងកាត់', 'អាជ្ញាធរ', 'ធ្វើ', 'ស្ពាន', 'ឱ្យ', 'ប្រជាពលរដ្ឋ', 'ឆ្លងកាត់']",52,42
168,pair1,negative,លោកយល់ឃើញថា ពលរដ្ឋ ដែលផ្ទុកមេរោគអេដស៍ គឺងាយរងគ្រោះបំផុត ហើយការយកចិត្តទុកដាក់របស់អាជ្ញាធរជារឿងសំខាន់៖ «ត្រូវតែបង្កើនការយកចិត្តទុកដាក់លើពួកគាត់ ហើយពួកគាត់ ដែលមានផ្ទុកមេរោគអេដស៍ហ្នឹង គឺពួកគាត់ឥឡូវ ក៏កាន់តែវ័យចាស់ៗ ជរាហើយ។,យល់ឃើញ ពលរដ្ឋ ផ្ទុក មេរោគ អេដស៍ ងាយ រងគ្រោះ បំផុត ការយកចិត្តទុកដាក់ អាជ្ញាធរ រឿង សំខាន់៖ ត្រូវតែ បង្កើន ការយកចិត្តទុកដាក់ ពួក ពួកគាត់ មាន ផ្ទុក មេរោគ អេដស៍ ហ្នឹង ពួកគាត់ ឥឡូវ កាន់តែ វ័យ ចាស់ ជរា,"['យល់ឃើញ', 'ពលរដ្ឋ', 'ផ្ទុក', 'មេរោគ', 'អេដស៍', 'ងាយ', 'រងគ្រោះ', 'បំផុត', 'ការយកចិត្តទុកដាក់', 'អាជ្ញាធរ', 'រឿង', 'សំខាន់៖', 'ត្រូវតែ', 'បង្កើន', 'ការយកចិត្តទុកដាក់', 'ពួក', 'ពួកគាត់', 'មាន', 'ផ្ទុក', 'មេរោគ', 'អេដស៍', 'ហ្នឹង', 'ពួកគាត់', 'ឥឡូវ', 'កាន់តែ', 'វ័យ', 'ចាស់', 'ជរា']",45,28
322,pair2,negative,យើងមិនចូលចិត្តលទ្ធផលមិនល្អដែលកើតឡើងទេ តែយើងចូលចិត្តណាស់ធ្វើរឿងមិនល្អឲ្យលទ្ធផលនោះកើតឡើង។,មិន ចូលចិត្ត លទ្ធផល មិន ល្អ កើតឡើង ចូលចិត្ត ណាស់ ធ្វើ រឿង មិន ល្អ ឲ្យ លទ្ធផល កើតឡើង,"['មិន', 'ចូលចិត្ត', 'លទ្ធផល', 'មិន', 'ល្អ', 'កើតឡើង', 'ចូលចិត្ត', 'ណាស់', 'ធ្វើ', 'រឿង', 'មិន', 'ល្អ', 'ឲ្យ', 'លទ្ធផល', 'កើតឡើង']",22,15
330,pair2,positive,ក្រសួងធនធានទឹក និងឧតុនិយម បានអំពាវនាវឱ្យក្រសួង ស្ថាប័នពាក់ព័ន្ធ អាជ្ញាធរដែនដី និងសាធារណជនទទួលជ្រាបជាព័ត៌មាន និងបង្កើនការប្រុងប្រយ័ត្នខ្ពស់៕,ក្រសួង ធនធាន ទឹក ឧតុនិយម អំពាវនាវ ឱ្យ ក្រសួង ស្ថាប័ន ពាក់ព័ន្ធ អាជ្ញាធរដែនដី សាធារណជន ទទួល ជ្រាប ព័ត៌មាន បង្កើន ការប្រុងប្រយ័ត្ន ខ្ពស់,"['ក្រសួង', 'ធនធាន', 'ទឹក', 'ឧតុនិយម', 'អំពាវនាវ', 'ឱ្យ', 'ក្រសួង', 'ស្ថាប័ន', 'ពាក់ព័ន្ធ', 'អាជ្ញាធរដែនដី', 'សាធារណជន', 'ទទួល', 'ជ្រាប', 'ព័ត៌មាន', 'បង្កើន', 'ការប្រុងប្រយ័ត្ន', 'ខ្ពស់']",23,17
239,pair2,neutral,សម្តេចតេជា ហ៊ុន សែន បានសង្កត់ធ្ងន់ថា៖ «ក្រុមការងារបង្ករាបការលេងល្បែងស៊ីសងខុសច្បាប់គ្រប់ប្រភេទ ត្រូវធ្វើរបាយការណ៍អំពីលទ្ធផលការងារនេះជូន សម្តេចក្រឡាហោម ស ខេង ឧបនាយករដ្ឋមន្ត្រី រដ្ឋមន្ត្រីក្រសួងមហាផ្ទៃ ដើម្បីជ្រាប និងស្នើសុំមតិដឹកនាំបន្ត»។,សម្តេច តេជា ហ៊ុន សែន សង្កត់ធ្ងន់ ថា៖ ក្រុមការងារ បង្ក រាប ការលេង ល្បែងស៊ីសង ខុស ច្បាប់ គ្រប់ ប្រភេទ ធ្វើ របាយការណ៍ អំពី លទ្ធផល ការងារ ជូន សម្តេច ក្រឡាហោម ខេង ឧប នាយក រដ្ឋមន្ត្រី រដ្ឋមន្ត្រី ក្រសួង មហាផ្ទៃ ជ្រាប ស្នើសុំ មតិ ដឹកនាំ បន្ត,"['សម្តេច', 'តេជា', 'ហ៊ុន', 'សែន', 'សង្កត់ធ្ងន់', 'ថា៖', 'ក្រុមការងារ', 'បង្ក', 'រាប', 'ការលេង', 'ល្បែងស៊ីសង', 'ខុស', 'ច្បាប់', 'គ្រប់', 'ប្រភេទ', 'ធ្វើ', 'របាយការណ៍', 'អំពី', 'លទ្ធផល', 'ការងារ', 'ជូន', 'សម្តេច', 'ក្រឡាហោម', 'ខេង', 'ឧប', 'នាយក', 'រដ្ឋមន្ត្រី', 'រដ្ឋមន្ត្រី', 'ក្រសួង', 'មហាផ្ទៃ', 'ជ្រាប', 'ស្នើសុំ', 'មតិ', 'ដឹកនាំ', 'បន្ត']",44,35
480,pair3,neutral,ការរស់នៅមានសុខភាពល្អ ជាបំណងដែលមនុស្សគ្រប់រូបប្រាថ្នា។,ការរស់នៅ មាន សុខភាព ល្អ បំណង មនុស្ស គ្រប់ រូប ប្រាថ្នា,"['ការរស់នៅ', 'មាន', 'សុខភាព', 'ល្អ', 'បំណង', 'មនុស្ស', 'គ្រប់', 'រូប', 'ប្រាថ្នា']",12,9
155,pair1,neutral,អ្នកនឹងមានចេតនាធ្វើច្រើនលើសពីនេះទៀត។,មាន ចេតនា ធ្វើ ច្រើន លើស ទៀត,"['មាន', 'ចេតនា', 'ធ្វើ', 'ច្រើន', 'លើស', 'ទៀត']",11,6
589,pair3,positive,អង្គការ Disability Rights California តស៊ូដើម្បីបញ្ចប់ការពាក់ព័ន្ធរបស់នគរបាលជាមួយនឹងជនមានពិការភាពជាប់ខ្លួន និងពង្រីកសេវារបស់ខ្លួននៅក្នុងសហគមន៍ ដើម្បីធ្វើឲ្យអ្នកទាំងនោះមានសុវត្ថិភាព ។,អង្គការ Disability Rights California តស៊ូ បញ្ចប់ ការពាក់ព័ន្ធ នគរបាល ជាមួយនឹង ជន មាន ពិការ ភាព ជាប់ ខ្លួន ពង្រីក សេវា ខ្លួន នៅក្នុង សហគមន៍ ធ្វើឲ្យ ទាំងនោះ មាន សុវត្ថិភាព,"['អង្គការ', 'Disability', 'Rights', 'California', 'តស៊ូ', 'បញ្ចប់', 'ការពាក់ព័ន្ធ', 'នគរបាល', 'ជាមួយនឹង', 'ជន', 'មាន', 'ពិការ', 'ភាព', 'ជាប់', 'ខ្លួន', 'ពង្រីក', 'សេវា', 'ខ្លួន', 'នៅក្នុង', 'សហគមន៍', 'ធ្វើឲ្យ', 'ទាំងនោះ', 'មាន', 'សុវត្ថិភាព']",31,24
550,pair3,neutral,មុខងាររបស់តម្រងនោម ជាទូទៅអាចបញ្រ្ចាស់ទៅវិញទៅមក ។,មុខងារ តម្រងនោម ជាទូទៅ បញ្រ្ចាស់ វិញ,"['មុខងារ', 'តម្រងនោម', 'ជាទូទៅ', 'បញ្រ្ចាស់', 'វិញ']",11,5
319,pair2,neutral,គូសបញ្ជាក់ផងដែរថា សម្រាប់វិស័យកសិកម្មនាពេលបច្ចុប្បន្ននេះ ប្រទេសជាច្រើនក្នុងតំបន់អ៊ឺរ៉ុប និងអាស៊ី បានប្រើប្រាស់អាកាសយានគ្មានមនុស្សបើក ដើម្បីបាញ់ថ្នាំសម្លាប់សត្វល្អិតដំណាំ ថតពិនិត្យផលដំណាំ។,គូសបញ្ជាក់ ផងដែរ វិស័យ កសិកម្ម នា បច្ចុប្បន្ន ប្រទេស ជាច្រើន តំបន់ អ៊ឺរ៉ុប អាស៊ី ប្រើប្រាស់ អាកាសយាន គ្មាន មនុស្ស បើក បាញ់ ថ្នាំ សម្លាប់ សត្វ ល្អិត ដំណាំ ថត ពិនិត្យ ផល ដំណាំ,"['គូសបញ្ជាក់', 'ផងដែរ', 'វិស័យ', 'កសិកម្ម', 'នា', 'បច្ចុប្បន្ន', 'ប្រទេស', 'ជាច្រើន', 'តំបន់', 'អ៊ឺរ៉ុប', 'អាស៊ី', 'ប្រើប្រាស់', 'អាកាសយាន', 'គ្មាន', 'មនុស្ស', 'បើក', 'បាញ់', 'ថ្នាំ', 'សម្លាប់', 'សត្វ', 'ល្អិត', 'ដំណាំ', 'ថត', 'ពិនិត្យ', 'ផល', 'ដំណាំ']",35,26
293,pair2,negative,ករណីភាគច្រើន គឺក្រុមអ្នកសាងសង់មិនមានបច្ចេកវិទ្យាទំនើប ហើយផ្លូវថ្នល់ជាញឹកញាប់ត្រូវបានសាងសង់ដោយក្រុមកម្មករមិនមានវិជ្ជាជីវៈ និងខ្វះការត្រួតពិនិត្យណែនាំ។,ករណី ភាគ ច្រើន ក្រុម អ្នកសាងសង់ មិន មាន បច្ចេកវិទ្យា ទំនើប ផ្លូវថ្នល់ ជាញឹកញាប់ ត្រូវបាន សាងសង់ ក្រុម កម្មករ មិន មាន វិជ្ជាជីវៈ ខ្វះ ការត្រួតពិនិត្យ ណែនាំ,"['ករណី', 'ភាគ', 'ច្រើន', 'ក្រុម', 'អ្នកសាងសង់', 'មិន', 'មាន', 'បច្ចេកវិទ្យា', 'ទំនើប', 'ផ្លូវថ្នល់', 'ជាញឹកញាប់', 'ត្រូវបាន', 'សាងសង់', 'ក្រុម', 'កម្មករ', 'មិន', 'មាន', 'វិជ្ជាជីវៈ', 'ខ្វះ', 'ការត្រួតពិនិត្យ', 'ណែនាំ']",26,21
305,pair2,neutral,"ឧទាហរណ៍ បុគ្គលិកសាលា និងនគរបាល អាចត្រូវធ្វើការកែប្រែ ដើម្បីជួយសិស្ស បើវាមានចែងនៅក្នុងផែនការអប់រំតម្រូវតាមស្ថានភាពបុគ្គល (IEP, Individualized Education Plan) ឬផែនការ 504 របស់សិស្សនេះ ឬបើពួកគេដឹងថា សិស្សនោះជាជនមានពិការភាពជាប់ខ្លួន ។",ឧទាហរណ៍ បុគ្គលិក សាលា នគរបាល ធ្វើ ការកែប្រែ ជួយ សិស្ស មាន ចែង នៅក្នុង ផែនការអប់រំ តម្រូវ តាម ស្ថានភាព បុគ្គល IEP Individualized Education Plan ផែនការ សិស្ស ពួកគេ ដឹង សិស្ស ជន មាន ពិការ ភាព ជាប់ ខ្លួន,"['ឧទាហរណ៍', 'បុគ្គលិក', 'សាលា', 'នគរបាល', 'ធ្វើ', 'ការកែប្រែ', 'ជួយ', 'សិស្ស', 'មាន', 'ចែង', 'នៅក្នុង', 'ផែនការអប់រំ', 'តម្រូវ', 'តាម', 'ស្ថានភាព', 'បុគ្គល', 'IEP', 'Individualized', 'Education', 'Plan', 'ផែនការ', 'សិស្ស', 'ពួកគេ', 'ដឹង', 'សិស្ស', 'ជន', 'មាន', 'ពិការ', 'ភាព', 'ជាប់', 'ខ្លួន']",48,31
477,pair3,negative,មិត្តភក្តិរបស់ខ្ញុំបានរងការឈឺចាប់យ៉ាងខ្លាំងនៅពេលដែលគេមានទំនាក់ទំនងជាមួយនឹងនារីពីរនាក់ដែលគេមានសង្សាររួចទៅហើយ។,មិត្តភក្តិ រង ការឈឺចាប់ យ៉ាង ខ្លាំង មាន ទំនាក់ទំនង ជាមួយនឹង នារី នាក់ មាន សង្សារ រួចទៅហើយ,"['មិត្តភក្តិ', 'រង', 'ការឈឺចាប់', 'យ៉ាង', 'ខ្លាំង', 'មាន', 'ទំនាក់ទំនង', 'ជាមួយនឹង', 'នារី', 'នាក់', 'មាន', 'សង្សារ', 'រួចទៅហើយ']",24,13
487,pair3,positive,ជំនួបរវាងមន្រតីអប់រំនៃប្រទេសទាំងពីរ ក៏បានជជែកអំពីការរឹតចំណងមិត្តភាពលើវិស័យអប់រំ ក៏ដូចជាការពិភាក្សាលើការងារសិក្សាថ្នាក់ឧត្តមសិក្សា និងការផ្តល់អាហាររូបករណ៍រវាងប្រទេសកម្ពុជា និងសាធារណរដ្ឋសង្គមនិយមវៀតណាម។,ជំនួប រវាង មន្រតី អប់រំ នៃ ប្រទេស ជជែក អំពី ការរឹត ចំណង មិត្តភាព វិស័យ អប់រំ ដូចជា ការពិភាក្សា ការងារ សិក្សា ថ្នាក់ ឧត្តម សិក្សា ការផ្តល់ អាហារ រូបករណ៍ រវាង ប្រទេស កម្ពុជា សាធារណរដ្ឋ សង្គម និយម វៀតណាម,"['ជំនួប', 'រវាង', 'មន្រតី', 'អប់រំ', 'នៃ', 'ប្រទេស', 'ជជែក', 'អំពី', 'ការរឹត', 'ចំណង', 'មិត្តភាព', 'វិស័យ', 'អប់រំ', 'ដូចជា', 'ការពិភាក្សា', 'ការងារ', 'សិក្សា', 'ថ្នាក់', 'ឧត្តម', 'សិក្សា', 'ការផ្តល់', 'អាហារ', 'រូបករណ៍', 'រវាង', 'ប្រទេស', 'កម្ពុជា', 'សាធារណរដ្ឋ', 'សង្គម', 'និយម', 'វៀតណាម']",40,30
425,pair3,negative,មែនទែនទៅ គ្រោះថ្នាក់ចរាចរណ៍ដ៏សាហាវប្រភេទនេះគឺជារឿងធម្មតាទៅហើយនៅក្នុងរដ្ឋ Uttarakhand ដែលគ្របដណ្តប់មួយផ្នែកនៃភ្នំហិម៉ាឡៃយ៉ា និងជាកន្លែងសម្រាប់ធម្មយាត្រាសាសនាជាច្រើនផងដែរ។,មែនទែន គ្រោះថ្នាក់ ចរាចរណ៍ ដ៏ សាហាវ ប្រភេទ គឺជា រឿង ធម្មតា នៅក្នុង រដ្ឋ Uttarakhand គ្របដណ្តប់ ផ្នែក នៃ ភ្នំ ហិម៉ាឡៃ យ៉ា កន្លែង ធម្មយាត្រា សាសនា ជាច្រើន ផងដែរ,"['មែនទែន', 'គ្រោះថ្នាក់', 'ចរាចរណ៍', 'ដ៏', 'សាហាវ', 'ប្រភេទ', 'គឺជា', 'រឿង', 'ធម្មតា', 'នៅក្នុង', 'រដ្ឋ', 'Uttarakhand', 'គ្របដណ្តប់', 'ផ្នែក', 'នៃ', 'ភ្នំ', 'ហិម៉ាឡៃ', 'យ៉ា', 'កន្លែង', 'ធម្មយាត្រា', 'សាសនា', 'ជាច្រើន', 'ផងដែរ']",33,23
174,pair1,neutral,ស្វែងយល់ពីប្រវត្តិសត្វផ្សោត គយគន់ធម្មជាតិតាមដងទន្លេមេគង្គ ទៅលេងទឹកធ្លាក់ព្រះនិម្មិត នៅសហគមន៍អេកូទេសចរណ៍ព្រះរំកិល,ស្វែងយល់ ប្រវត្តិ សត្វ ផ្សោត គយ គន់ ធម្មជាតិ តាម ដងទន្លេ មេគង្គ លេង ទឹក ធ្លាក់ ព្រះនិម្មិត សហគមន៍ អេកូ ទេសចរណ៍ ព្រះរំកិល,"['ស្វែងយល់', 'ប្រវត្តិ', 'សត្វ', 'ផ្សោត', 'គយ', 'គន់', 'ធម្មជាតិ', 'តាម', 'ដងទន្លេ', 'មេគង្គ', 'លេង', 'ទឹក', 'ធ្លាក់', 'ព្រះនិម្មិត', 'សហគមន៍', 'អេកូ', 'ទេសចរណ៍', 'ព្រះរំកិល']",21,18
220,pair2,positive,គោលគំនិតនៃវីដេអូមួយនេះគឺចង់មានន័យអប់រំឲ្យមនុស្សម្នាក់ៗ ត្រូវគិតឲ្យបានច្បាស់លាស់មុននឹងធ្វើអ្វីមួយ។,គោល គំនិត នៃ វីដេអូ ចង់ មាន ន័យ អប់រំ ឲ្យ មនុស្ស ម្នាក់ គិត ឲ្យបាន ច្បាស់លាស់ មុននឹង ធ្វើ អ្វី,"['គោល', 'គំនិត', 'នៃ', 'វីដេអូ', 'ចង់', 'មាន', 'ន័យ', 'អប់រំ', 'ឲ្យ', 'មនុស្ស', 'ម្នាក់', 'គិត', 'ឲ្យបាន', 'ច្បាស់លាស់', 'មុននឹង', 'ធ្វើ', 'អ្វី']",24,17
213,pair2,neutral,ត្រូវចងចាំក្នុងចិត្តថាក្មេងៗមានក្រពះតូចជាងមនុស្សុពេញវ័យ ប៉ុន្តែត្រូវការថាមពលខ្ពស់ជាងមនុស្សពេញវ័យ។,ចងចាំ ចិត្ត ក្មេង មាន ក្រពះ តូច ជាង មនុស្សុ ពេញ វ័យ ប៉ុន្តែ ត្រូវការ ថាមពល ខ្ពស់ ជាង មនុស្ស ពេញ វ័យ,"['ចងចាំ', 'ចិត្ត', 'ក្មេង', 'មាន', 'ក្រពះ', 'តូច', 'ជាង', 'មនុស្សុ', 'ពេញ', 'វ័យ', 'ប៉ុន្តែ', 'ត្រូវការ', 'ថាមពល', 'ខ្ពស់', 'ជាង', 'មនុស្ស', 'ពេញ', 'វ័យ']",23,18
585,pair3,negative,ក្នុងឱកាសខួប៨ឆ្នាំ នៃការចេញសាលក្រមឆ្នាំ២០១៣នេះ ធ្វើឲ្យខ្ញុំនឹកភ្នកដល់មនុស្សម្នាក់ ដែលសាធារណៈជន ឬអ្នកសិក្សាស្រាវជ្រាវខ្លះមិនធ្លាប់ស្គាល់ឬមិនបានចាប់អារម្មណ៍នឹងឈ្មោះគាត់ផង។,ឱកាស ខួប ឆ្នាំ នៃ ការចេញ សាលក្រម ឆ្នាំ ២០១៣ ធ្វើឲ្យ នឹក ភ្នក មនុស្ស ម្នាក់ សាធារណៈ ជន អ្នកសិក្សា ស្រាវជ្រាវ ខ្លះ មិន ធ្លាប់ ស្គាល់ មិន ចាប់អារម្មណ៍ ឈ្មោះ,"['ឱកាស', 'ខួប', 'ឆ្នាំ', 'នៃ', 'ការចេញ', 'សាលក្រម', 'ឆ្នាំ', '២០១៣', 'ធ្វើឲ្យ', 'នឹក', 'ភ្នក', 'មនុស្ស', 'ម្នាក់', 'សាធារណៈ', 'ជន', 'អ្នកសិក្សា', 'ស្រាវជ្រាវ', 'ខ្លះ', 'មិន', 'ធ្លាប់', 'ស្គាល់', 'មិន', 'ចាប់អារម្មណ៍', 'ឈ្មោះ']",37,24
68,pair1,neutral,តាមរយៈភរិយារបស់ខ្ញុំ ខ្ញុំបានដឹងហើយចំពោះការមកដល់របស់លោកនៅទីនេះ,តាមរយៈ ភរិយា ដឹង ការមកដល់ ទីនេះ,"['តាមរយៈ', 'ភរិយា', 'ដឹង', 'ការមកដល់', 'ទីនេះ']",14,5
453,pair3,positive,ព្រះពុទ្ធបានបង្រៀនមនុស្សមិនឲ្យធ្វើខ្លួនជាបុគ្គលគិតតែប្រយោជន៍ខ្លួនឯងនោះទេ។,ព្រះពុទ្ធ បង្រៀន មនុស្ស មិន ឲ្យ ធ្វើ ខ្លួន បុគ្គល គិត ប្រយោជន៍ ខ្លួន ឯង,"['ព្រះពុទ្ធ', 'បង្រៀន', 'មនុស្ស', 'មិន', 'ឲ្យ', 'ធ្វើ', 'ខ្លួន', 'បុគ្គល', 'គិត', 'ប្រយោជន៍', 'ខ្លួន', 'ឯង']",18,12
289,pair2,positive,នាយថ្មើរព្រៃនោះក៏បានចូលទៅគាល់ព្រះរាជាទូលព្រះរាជឱង្ការថា បពិត្រព្រះសម្មតិទេព! ទូលព្រះបង្គំបានឃើញស្តេចដំរីសស្អាត មានសីលាចារ គួរជាព្រះទីនាំងរបស់ព្រះអង្គបានក្រាបទូល! សូមព្រះអង្គ ទ្រង់ត្រាស់បញ្ជាឲ្យនាយហ្មដំរីទៅជាមួយទូលព្រះបង្គំៗ នឹងបង្ហាញផ្លូវក្រាបទូល។,នាយ ថ្មើរ ព្រៃ ចូលទៅ គាល់ ព្រះរាជា ទូល ព្រះរាជ ឱង្ការ បពិត្រ ព្រះសម្មតិ ទេព ទូលព្រះបង្គំ ឃើញ ស្តេច ដំរី ស្អាត មាន សីលា ចារ គួរ ព្រះទីនាំង ព្រះអង្គ ក្រាប ទូល សូម ព្រះអង្គ ទ្រង់ ត្រាស់បញ្ជា ឲ្យ នាយ ហ្ម ដំរី ទូលព្រះបង្គំ បង្ហាញ ផ្លូវ ក្រាប ទូល,"['នាយ', 'ថ្មើរ', 'ព្រៃ', 'ចូលទៅ', 'គាល់', 'ព្រះរាជា', 'ទូល', 'ព្រះរាជ', 'ឱង្ការ', 'បពិត្រ', 'ព្រះសម្មតិ', 'ទេព', 'ទូលព្រះបង្គំ', 'ឃើញ', 'ស្តេច', 'ដំរី', 'ស្អាត', 'មាន', 'សីលា', 'ចារ', 'គួរ', 'ព្រះទីនាំង', 'ព្រះអង្គ', 'ក្រាប', 'ទូល', 'សូម', 'ព្រះអង្គ', 'ទ្រង់', 'ត្រាស់បញ្ជា', 'ឲ្យ', 'នាយ', 'ហ្ម', 'ដំរី', 'ទូលព្រះបង្គំ', 'បង្ហាញ', 'ផ្លូវ', 'ក្រាប', 'ទូល']",54,38
267,pair2,negative,ឆាប់ខឹង(ចំពោះបុរស)៖ ជំងឺធ្លាក់ទឹកចិត្តអាចប៉ះពាល់ដល់ភេទខុសៗគ្នា។,ឆាប់ ខឹង បុរស ជំងឺ ធ្លាក់ទឹកចិត្ត ប៉ះពាល់ ភេទ ខុស,"['ឆាប់', 'ខឹង', 'បុរស', 'ជំងឺ', 'ធ្លាក់ទឹកចិត្ត', 'ប៉ះពាល់', 'ភេទ', 'ខុស']",17,8
61,pair1,positive,ទន្ទឹមនឹងជំនន់ទឹកភ្លៀងនេះដែរ ក្រសួងធនធានទឹក និងឧតុនិយម នៅថ្ងៃទី៤ ខែតុលា ឆ្នាំ២០២២ ក៏បានអំពាវនាវឱ្យប្រជាពលរដ្ឋ បន្តប្រុងប្រយ័ត្នចំពោះបាតុភូតធម្មជាតិ ដែលអាចកើតមានឡើងជាយថាហេតុ។,ទន្ទឹមនឹង ជំនន់ ទឹកភ្លៀង ក្រសួង ធនធាន ទឹក ឧតុនិយម ថ្ងៃទី ខែតុលា ឆ្នាំ ២០២២ អំពាវនាវ ឱ្យ ប្រជាពលរដ្ឋ បន្ត ប្រុងប្រយ័ត្ន បាតុភូត ធម្មជាតិ កើត មាន ឡើង យថាហេតុ,"['ទន្ទឹមនឹង', 'ជំនន់', 'ទឹកភ្លៀង', 'ក្រសួង', 'ធនធាន', 'ទឹក', 'ឧតុនិយម', 'ថ្ងៃទី', 'ខែតុលា', 'ឆ្នាំ', '២០២២', 'អំពាវនាវ', 'ឱ្យ', 'ប្រជាពលរដ្ឋ', 'បន្ត', 'ប្រុងប្រយ័ត្ន', 'បាតុភូត', 'ធម្មជាតិ', 'កើត', 'មាន', 'ឡើង', 'យថាហេតុ']",34,22
517,pair3,positive,ប្រជាពលរដ្ឋបានផុសផុលចូលវិភាគទានយ៉ាងកុះករ ដើម្បីជាវវ៉ាក់សាំងសម្រាប់ចាក់បង្ការមេរោគកូវីដ១៩ ដែលបង្ហាញអំពីស្មារតីនៃការចូលរួមទទួលខុសត្រូវ លើកិច្ចការជាតិប្រកបដោយមោទនភាព និងជំនឿជឿជាក់យ៉ាងមុតមាំចំពោះប្រមុខរាជរដ្ឋាភិបាល។,ប្រជាពលរដ្ឋ ផុសផុល ចូល វិភាគទាន យ៉ាង កុះករ វ៉ាក់សាំង ចាក់ បង្ការ មេរោគ កូវីដ១៩ បង្ហាញ អំពី ស្មារតី នៃ ការចូលរួម ទទួលខុសត្រូវ កិច្ចការ ជាតិ ប្រកបដោយ មោទនភាព ជំនឿ ជឿជាក់ យ៉ាង មុតមាំ ប្រមុខ រាជ រដ្ឋាភិបាល,"['ប្រជាពលរដ្ឋ', 'ផុសផុល', 'ចូល', 'វិភាគទាន', 'យ៉ាង', 'កុះករ', 'វ៉ាក់សាំង', 'ចាក់', 'បង្ការ', 'មេរោគ', 'កូវីដ១៩', 'បង្ហាញ', 'អំពី', 'ស្មារតី', 'នៃ', 'ការចូលរួម', 'ទទួលខុសត្រូវ', 'កិច្ចការ', 'ជាតិ', 'ប្រកបដោយ', 'មោទនភាព', 'ជំនឿ', 'ជឿជាក់', 'យ៉ាង', 'មុតមាំ', 'ប្រមុខ', 'រាជ', 'រដ្ឋាភិបាល']",38,28
543,pair3,positive,បទមួយណាក៏ពិរោះដែល នឹកស្រុកខ្លាំងណាស់,បទ ពិរោះ នឹក ស្រុក ខ្លាំង ណាស់,"['បទ', 'ពិរោះ', 'នឹក', 'ស្រុក', 'ខ្លាំង', 'ណាស់']",10,6
161,pair1,negative,ជាអកុសល សហរដ្ឋអាមេរិកបែរជាដឹកនាំបង្កើតឱ្យមានការធ្វើពហិការការទូតប្រឆាំងនឹងព្រឹត្តការណ៍ កីឡាអូឡាំពិកទីក្រុងប៉េកាំងឆ្នាំ២០២២ទៅវិញ។,អកុសល សហរដ្ឋ អាមេរិក បែរជា ដឹកនាំ បង្កើត ឱ្យ មាន ការធ្វើ ពហិការការទូត ប្រឆាំង ព្រឹត្តការណ៍ កីឡា អូឡាំពិក ទីក្រុង ប៉េកាំង ឆ្នាំ ២០២២ វិញ,"['អកុសល', 'សហរដ្ឋ', 'អាមេរិក', 'បែរជា', 'ដឹកនាំ', 'បង្កើត', 'ឱ្យ', 'មាន', 'ការធ្វើ', 'ពហិការការទូត', 'ប្រឆាំង', 'ព្រឹត្តការណ៍', 'កីឡា', 'អូឡាំពិក', 'ទីក្រុង', 'ប៉េកាំង', 'ឆ្នាំ', '២០២២', 'វិញ']",23,19
364,pair2,positive,ភ្នំពេញ៖ របាយការណ៍របស់សហព័ន្ធស្រូវអង្ករកម្ពុជា បានបង្ហាញថា នៅរយៈពេល៩ខែ ឆ្នាំ២០២២នេះ កម្ពុជាបាននាំចេញស្រូវ និងអង្ករទទួលចំណូលជិត ៨៥០លានដុល្លារ។,ភ្នំពេញ៖ របាយការណ៍ សហព័ន្ធ ស្រូវ អង្ករ កម្ពុជា បង្ហាញ រយៈពេល ៩ខែ ឆ្នាំ ២០២២ កម្ពុជា នាំចេញ ស្រូវ អង្ករ ទទួល ចំណូល ជិត ៨៥០ លាន ដុល្លារ,"['ភ្នំពេញ៖', 'របាយការណ៍', 'សហព័ន្ធ', 'ស្រូវ', 'អង្ករ', 'កម្ពុជា', 'បង្ហាញ', 'រយៈពេល', '៩ខែ', 'ឆ្នាំ', '២០២២', 'កម្ពុជា', 'នាំចេញ', 'ស្រូវ', 'អង្ករ', 'ទទួល', 'ចំណូល', 'ជិត', '៨៥០', 'លាន', 'ដុល្លារ']",29,21
560,pair3,neutral,មនុស្សខ្លះ តែងតែមានអារម្មណ៍ច្រណែននឹងអ្នកដទៃគ្រប់រឿង ប៉ុន្តែត្រង់ហ្នឹងវាក៏ធ្វើឱ្យយើងយល់ថា «ជាការពិត គឺដោយសារតែគេមានអារម្មណ៍ថា មនុស្សដែលគេច្រណែននោះមានអ្វីដែលល្អជាងអ្វីៗដែលគេមាន»។,មនុស្ស ខ្លះ តែងតែ មានអារម្មណ៍ ច្រណែន ដទៃ គ្រប់ រឿង ប៉ុន្តែ ត្រង់ ហ្នឹង ធ្វើឱ្យ យល់ ការពិត ដោយសារតែ មាន អារម្មណ៍ មនុស្ស ច្រណែន មាន អ្វី ល្អ ជាង អ្វី មាន,"['មនុស្ស', 'ខ្លះ', 'តែងតែ', 'មានអារម្មណ៍', 'ច្រណែន', 'ដទៃ', 'គ្រប់', 'រឿង', 'ប៉ុន្តែ', 'ត្រង់', 'ហ្នឹង', 'ធ្វើឱ្យ', 'យល់', 'ការពិត', 'ដោយសារតែ', 'មាន', 'អារម្មណ៍', 'មនុស្ស', 'ច្រណែន', 'មាន', 'អ្វី', 'ល្អ', 'ជាង', 'អ្វី', 'មាន']",45,25
228,pair2,negative,នៅក្នុងលិខិតមួយផ្ញើទៅក្រុមហ៊ុន Netflix អាជ្ញាធរផ្សព្វផ្សាយ និងព័ត៌មានអេឡិចត្រូនិករបស់វៀតណាមបាននិយាយថា រឿងនេះបានបំពានច្បាប់របស់ប្រទេសប្រឆាំងនឹងការបំភ្លៃប្រវត្តិសាស្តរ បដិសេធសមិទ្ធផលបដិវត្តន៍ ធ្វើឱ្យប៉ះពាល់ដល់ប្រទេសជាតិ និងវីរបុរសរបស់ប្រទេស។,នៅក្នុង លិខិត ផ្ញើ ក្រុមហ៊ុន Netflix អាជ្ញាធរ ផ្សព្វផ្សាយ ព័ត៌មាន អេឡិចត្រូនិក វៀតណាម និយាយ រឿង បំពាន ច្បាប់ ប្រទេស ប្រឆាំង ការបំភ្លៃ ប្រវត្តិសាស្តរ បដិសេធ សមិទ្ធផល បដិវត្តន៍ ធ្វើឱ្យ ប៉ះពាល់ ប្រទេសជាតិ វីរបុរស ប្រទេស,"['នៅក្នុង', 'លិខិត', 'ផ្ញើ', 'ក្រុមហ៊ុន', 'Netflix', 'អាជ្ញាធរ', 'ផ្សព្វផ្សាយ', 'ព័ត៌មាន', 'អេឡិចត្រូនិក', 'វៀតណាម', 'និយាយ', 'រឿង', 'បំពាន', 'ច្បាប់', 'ប្រទេស', 'ប្រឆាំង', 'ការបំភ្លៃ', 'ប្រវត្តិសាស្តរ', 'បដិសេធ', 'សមិទ្ធផល', 'បដិវត្តន៍', 'ធ្វើឱ្យ', 'ប៉ះពាល់', 'ប្រទេសជាតិ', 'វីរបុរស', 'ប្រទេស']",40,26
483,pair3,neutral,ឯកឧត្តម ក៏បានស្នើឱ្យបងប្អូនប្រជាពលរដ្ឋរាយការណ៍មកអាជ្ញាធរដែនដី និងសមត្ថកិច្ចគ្រប់ជាន់ថ្នាក់ ដើម្បីមានវិធានការបានទាន់ពេលវេលាផងដែរ។,ឯកឧត្តម ស្នើ ឱ្យ បងប្អូន ប្រជាពលរដ្ឋ រាយការណ៍ អាជ្ញាធរដែនដី សមត្ថកិច្ច គ្រប់ ជាន់ ថ្នាក់ មាន វិធានការបាន ទាន់ ពេលវេលា ផងដែរ,"['ឯកឧត្តម', 'ស្នើ', 'ឱ្យ', 'បងប្អូន', 'ប្រជាពលរដ្ឋ', 'រាយការណ៍', 'អាជ្ញាធរដែនដី', 'សមត្ថកិច្ច', 'គ្រប់', 'ជាន់', 'ថ្នាក់', 'មាន', 'វិធានការបាន', 'ទាន់', 'ពេលវេលា', 'ផងដែរ']",22,16
583,pair3,neutral,ខ្ញុំចង់កាត់ម៉ូដរបស់ម៉ាដូណា,ចង់ កាត់ ម៉ូដ ម៉ាដូណា,"['ចង់', 'កាត់', 'ម៉ូដ', 'ម៉ាដូណា']",6,4
577,pair3,neutral,ចំណែកជំពូក២កំណត់ពីការបង្កើតគណៈកម្មាធិការជាតិគ្រប់គ្រងគ្រោះមហន្តរាយអគ្គលេខាធិការដ្ឋានយន្តការគ្រប់គ្រងគ្រោះមហន្តរាយនៅក្នុងក្រសួងស្ថាប័ននិងគណៈកម្មាធិការថ្នាក់ក្រោមជាតិ។,ចំណែក ជំពូក ២កំណត់ ការបង្កើត គណៈកម្មាធិការ ជាតិ គ្រប់គ្រង គ្រោះមហន្តរាយ អគ្គ លេខាធិការដ្ឋាន យន្តការគ្រប់គ្រង គ្រោះមហន្តរាយ នៅក្នុង ក្រសួង ស្ថាប័ន គណៈកម្មាធិការ ថ្នាក់ ជាតិ,"['ចំណែក', 'ជំពូក', '២កំណត់', 'ការបង្កើត', 'គណៈកម្មាធិការ', 'ជាតិ', 'គ្រប់គ្រង', 'គ្រោះមហន្តរាយ', 'អគ្គ', 'លេខាធិការដ្ឋាន', 'យន្តការគ្រប់គ្រង', 'គ្រោះមហន្តរាយ', 'នៅក្នុង', 'ក្រសួង', 'ស្ថាប័ន', 'គណៈកម្មាធិការ', 'ថ្នាក់', 'ជាតិ']",22,18
396,pair2,neutral,ការអង្កេតថ្មីមួយបង្ហាញថាជិត៨០ភាគរយនៃក្រុមហ៊ុនជប៉ុនស្នាក់ការធំៗដែលកំពុងមានវត្តមាននៅកម្ពុជាគ្រោងវិនិយោគបន្ថែមនៅឆ្នាំនេះនិងពីរទៅបីឆ្នាំបន្ទាប់។,ការអង្កេត ថ្មី បង្ហាញ ជិត ៨០ ភាគរយ នៃ ក្រុមហ៊ុន ជប៉ុន ស្នាក់ការ ធំ កំពុង មាន វត្តមាន កម្ពុជា គ្រោង វិនិយោគ បន្ថែម ឆ្នាំ បី ឆ្នាំ បន្ទាប់,"['ការអង្កេត', 'ថ្មី', 'បង្ហាញ', 'ជិត', '៨០', 'ភាគរយ', 'នៃ', 'ក្រុមហ៊ុន', 'ជប៉ុន', 'ស្នាក់ការ', 'ធំ', 'កំពុង', 'មាន', 'វត្តមាន', 'កម្ពុជា', 'គ្រោង', 'វិនិយោគ', 'បន្ថែម', 'ឆ្នាំ', 'បី', 'ឆ្នាំ', 'បន្ទាប់']",33,22
367,pair2,positive,"លើសពីនេះ អ្នកក៍ត្រូវចេះបកស្រាយ យ៉ាងណាឲ្យឃើញថា អត្ថបទរបស់អ្នក មានផលប្រយាជន៍ ដល់អ្នកអាន ដល់ជាតិខ្មែរ ជាពិសេសជា មោទនភាពរបស់កូនខ្មែរ គឺនៅត្រង់ គ្រប់ប្រភេទអត្ថបទ ជាអក្សរខ្មែរ កាន់តែសំបូរបែប ជាពិសេសលើ បណ្តាញអ៊ីនធ័រណិត សំរាប់ការកំសាន្ត, ការរកមើលព័ត៌មាន, ការសិក្សា, និងការស្រាវជ្រាវ របស់មនុស្សទូទៅ ។",លើស អ្នកក៍ ចេះ បកស្រាយ យ៉ាងណា ឲ្យ ឃើញ អត្ថបទ មាន ផលប្រយាជន៍ អ្នកអាន ជាតិ ខ្មែរ ជាពិសេស មោទនភាព កូន ខ្មែរ ត្រង់ គ្រប់ ប្រភេទ អត្ថបទ អក្សរ ខ្មែរ កាន់តែ សំបូរ បែប ជាពិសេស បណ្តាញ អ៊ីនធ័រណិត សំរាប់ ការកំសាន្ត ការរកមើល ព័ត៌មាន ការសិក្សា ការស្រាវជ្រាវ មនុស្ស ទូទៅ,"['លើស', 'អ្នកក៍', 'ចេះ', 'បកស្រាយ', 'យ៉ាងណា', 'ឲ្យ', 'ឃើញ', 'អត្ថបទ', 'មាន', 'ផលប្រយាជន៍', 'អ្នកអាន', 'ជាតិ', 'ខ្មែរ', 'ជាពិសេស', 'មោទនភាព', 'កូន', 'ខ្មែរ', 'ត្រង់', 'គ្រប់', 'ប្រភេទ', 'អត្ថបទ', 'អក្សរ', 'ខ្មែរ', 'កាន់តែ', 'សំបូរ', 'បែប', 'ជាពិសេស', 'បណ្តាញ', 'អ៊ីនធ័រណិត', 'សំរាប់', 'ការកំសាន្ត', 'ការរកមើល', 'ព័ត៌មាន', 'ការសិក្សា', 'ការស្រាវជ្រាវ', 'មនុស្ស', 'ទូទៅ']",57,37
11,pair1,positive,ប្រដាប់ប្រដាក្មេងលេងដែលត្រឹមត្រូវនឹងធ្វើឱ្យគេចាប់អារម្មណ៍ និងជាឧបករណ៍អប់រំដ៏ល្អឥតខ្ចោះ ។,ប្រដាប់ប្រដា ក្មេង លេង ត្រឹមត្រូវ ធ្វើឱ្យ ចាប់អារម្មណ៍ ឧបករណ៍ អប់រំ ដ៏ ល្អ ឥត ខ្ចោះ,"['ប្រដាប់ប្រដា', 'ក្មេង', 'លេង', 'ត្រឹមត្រូវ', 'ធ្វើឱ្យ', 'ចាប់អារម្មណ៍', 'ឧបករណ៍', 'អប់រំ', 'ដ៏', 'ល្អ', 'ឥត', 'ខ្ចោះ']",18,12
182,pair1,neutral,ហេតុនេះ ទ្រង់ប្រោសប្រទាន ព្រះរាជវិនិច្ឆ័យថា : ក្របីដែលស្លាប់នេះ ទុកជាកម្មរបស់សត្វចុះយើងនឹងយកទោសពញាជ័យមិនបានទេ។,ហេតុ ទ្រង់ ប្រោសប្រទាន ព្រះរាជ វិនិច្ឆ័យ ក្របី ស្លាប់ ទុក ជាកម្ម សត្វ ចុះ យក ទោស ពញា ជ័យ មិន,"['ហេតុ', 'ទ្រង់', 'ប្រោសប្រទាន', 'ព្រះរាជ', 'វិនិច្ឆ័យ', 'ក្របី', 'ស្លាប់', 'ទុក', 'ជាកម្ម', 'សត្វ', 'ចុះ', 'យក', 'ទោស', 'ពញា', 'ជ័យ', 'មិន']",27,16
27,pair1,negative,គូសបញ្ជាក់ផងដែរថា ល្បែងស៊ីសងទាំងអស់នេះ អាចបណ្តាលឱ្យមានអំពើហិង្សា ការលួចឆក់ប្លន់ និងជាកន្លែងប្រើប្រាស់ជួញដូរចែកចាយគ្រឿងញៀនផងដែរ។,គូសបញ្ជាក់ ផងដែរ ល្បែងស៊ីសង ទាំងអស់ បណ្តាលឱ្យ មាន អំពើហិង្សា ការលួច ឆក់ ប្លន់ កន្លែង ប្រើប្រាស់ ជួញដូរ ចែកចាយ គ្រឿងញៀន ផងដែរ,"['គូសបញ្ជាក់', 'ផងដែរ', 'ល្បែងស៊ីសង', 'ទាំងអស់', 'បណ្តាលឱ្យ', 'មាន', 'អំពើហិង្សា', 'ការលួច', 'ឆក់', 'ប្លន់', 'កន្លែង', 'ប្រើប្រាស់', 'ជួញដូរ', 'ចែកចាយ', 'គ្រឿងញៀន', 'ផងដែរ']",22,16
500,pair3,positive,ក្រុមហ៊ុន Nike បានចូលរួមជាមួយម៉ាកយីហោសំខាន់ៗផ្សេងទៀត ដើម្បីបញ្ជាក់ពីការចាកចេញទាំងស្រុងពីទីផ្សាររុស្ស៊ី។,ក្រុមហ៊ុន Nike ចូលរួម ម៉ាក យីហោ សំខាន់ ផ្សេង ទៀត បញ្ជាក់ ការចាកចេញ ទាំងស្រុង ទីផ្សារ រុស្ស៊ី,"['ក្រុមហ៊ុន', 'Nike', 'ចូលរួម', 'ម៉ាក', 'យីហោ', 'សំខាន់', 'ផ្សេង', 'ទៀត', 'បញ្ជាក់', 'ការចាកចេញ', 'ទាំងស្រុង', 'ទីផ្សារ', 'រុស្ស៊ី']",20,13
34,pair1,negative,មុនថ្ងៃស្អែកចូលមកដល់ និងបន្ទាប់ពីអានអត្ថបទនេះរួច យើងសង្ឃឹមថាថ្ងៃនេះជាថ្ងៃចុងក្រោយដែលអ្នកព្រងើយកន្តើយនឹងផែនការថែរក្សាសុខភាពរបស់អ្នក ដោយសារតែសុខភាពរបស់យើងម្នាក់ៗមិនស្ថិតស្ថេរទេ។,មុន ថ្ងៃស្អែក ចូលមកដល់ បន្ទាប់ពី អាន អត្ថបទ សង្ឃឹម ថ្ងៃ ថ្ងៃ ចុងក្រោយ ព្រងើយ កន្តើយ ផែនការថែរក្សា សុខភាព ដោយសារតែ សុខភាព ម្នាក់ មិន ស្ថិតស្ថេរ,"['មុន', 'ថ្ងៃស្អែក', 'ចូលមកដល់', 'បន្ទាប់ពី', 'អាន', 'អត្ថបទ', 'សង្ឃឹម', 'ថ្ងៃ', 'ថ្ងៃ', 'ចុងក្រោយ', 'ព្រងើយ', 'កន្តើយ', 'ផែនការថែរក្សា', 'សុខភាព', 'ដោយសារតែ', 'សុខភាព', 'ម្នាក់', 'មិន', 'ស្ថិតស្ថេរ']",36,19
324,pair2,neutral,ការសិក្សាជាកាតព្វកិច្ចគឺប្រាំមួយឆ្នាំនៅសាលាបឋមសិក្សានិងបីឆ្នាំនៅអនុវិទ្យាល័យ,ការសិក្សា កាតព្វកិច្ច ប្រាំមួយ ឆ្នាំ សាលា បឋមសិក្សា បី ឆ្នាំ អនុវិទ្យាល័យ,"['ការសិក្សា', 'កាតព្វកិច្ច', 'ប្រាំមួយ', 'ឆ្នាំ', 'សាលា', 'បឋមសិក្សា', 'បី', 'ឆ្នាំ', 'អនុវិទ្យាល័យ']",14,9
140,pair1,neutral,ទូលព្រះបាទយើងអាចប្តូរប្រាក់បាន,ទូល ព្រះបាទ ប្តូរ ប្រាក់,"['ទូល', 'ព្រះបាទ', 'ប្តូរ', 'ប្រាក់']",7,4
50,pair1,neutral,ដល់កន្លែងបុរសនោះសុំអំបិលដាក់កាហ្វេ,កន្លែង បុរស សុំ អំបិល ដាក់ កាហ្វេ,"['កន្លែង', 'បុរស', 'សុំ', 'អំបិល', 'ដាក់', 'កាហ្វេ']",8,6
329,pair2,neutral,លោក ពូទីន បានចុះហត្ថលេខាលើច្បាប់នៃការបញ្ចូលទឹកដីអ៊ុយក្រែនចំនួន ៤ រួមទាំងទីក្រុងលូហាន ខណៈដែលសហភាពអឺរ៉ុបបានព្រមព្រៀងលើការដាក់ទណ្ឌកម្មថ្មីប្រឆាំងនឹងទីក្រុងម៉ូស្គូជាការឆ្លើយតប។,ពូទីន ចុះហត្ថលេខា ច្បាប់ នៃ ការបញ្ចូល ទឹកដី អ៊ុយក្រែន ចំនួន រួមទាំង ទីក្រុង លូហាន ខណៈ សហភាព អឺរ៉ុប ព្រមព្រៀង ការដាក់ទណ្ឌកម្ម ថ្មី ប្រឆាំង ទីក្រុង ម៉ូស្គូ ការឆ្លើយតប,"['ពូទីន', 'ចុះហត្ថលេខា', 'ច្បាប់', 'នៃ', 'ការបញ្ចូល', 'ទឹកដី', 'អ៊ុយក្រែន', 'ចំនួន', 'រួមទាំង', 'ទីក្រុង', 'លូហាន', 'ខណៈ', 'សហភាព', 'អឺរ៉ុប', 'ព្រមព្រៀង', 'ការដាក់ទណ្ឌកម្ម', 'ថ្មី', 'ប្រឆាំង', 'ទីក្រុង', 'ម៉ូស្គូ', 'ការឆ្លើយតប']",31,21
221,pair2,positive,ធ្លាប់តែមើលស្ទឹង បឹង ទន្លេ សមុទ្រ តស់! ទៅទស្សនាសម្រស់ស្ទឹងពពកម្តងវិញ ទេសភាពស្អាតអស្ចារ្យ ឈរលើភ្នំ មើលបណ្តុំពពកសក្បុស ពេលថ្ងៃរះ។,ធ្លាប់ មើល ស្ទឹង បឹង ទន្លេ សមុទ្រ តស់ ទស្សនា សម្រស់ ស្ទឹង ពពក ម្តង វិញ ទេសភាព ស្អាត អស្ចារ្យ ឈរ ភ្នំ មើល បណ្តុំ ពពក សក្បុស ថ្ងៃ រះ,"['ធ្លាប់', 'មើល', 'ស្ទឹង', 'បឹង', 'ទន្លេ', 'សមុទ្រ', 'តស់', 'ទស្សនា', 'សម្រស់', 'ស្ទឹង', 'ពពក', 'ម្តង', 'វិញ', 'ទេសភាព', 'ស្អាត', 'អស្ចារ្យ', 'ឈរ', 'ភ្នំ', 'មើល', 'បណ្តុំ', 'ពពក', 'សក្បុស', 'ថ្ងៃ', 'រះ']",30,24
373,pair2,positive,ទោះយ៉ាងណា លោក ភុំ វិមល នាយខណ្ឌរដ្ឋបាលជលផលខេត្តពោធិ៍សាត់ ជាខេត្ត ១ ក្នុងចំណោមខេត្តចំនួន ៦ ដែលនៅជាប់បឹងទន្លេសាបបានថ្លែងថា វិស័យជលផលនាពេលបច្ចុប្បន្ននេះ មានភាពល្អប្រសើរ បើនិយាយពីត្រីវិញ គឺសម្បូរគ្រប់ប្រភេទមានទាំង ត្រីឆ្លាំង ត្រីកែស និងត្រីរៀល ជាដើម។,ទោះ យ៉ាងណា ភុំ វិមល នាយ ខណ្ឌ រដ្ឋបាល ជលផល ខេត្ត ពោធិ៍សាត់ ខេត្ត ចំណោម ខេត្ត ចំនួន នៅជាប់ បឹង ទន្លេ សាប ថ្លែង វិស័យ ជល ផល នា បច្ចុប្បន្ន មាន ភាពល្អ ប្រសើរ និយាយ ត្រី វិញ សម្បូរ គ្រប់ ប្រភេទ មាន ត្រី ឆ្លាំង ត្រី កែស ត្រី រៀល ជាដើម,"['ទោះ', 'យ៉ាងណា', 'ភុំ', 'វិមល', 'នាយ', 'ខណ្ឌ', 'រដ្ឋបាល', 'ជលផល', 'ខេត្ត', 'ពោធិ៍សាត់', 'ខេត្ត', 'ចំណោម', 'ខេត្ត', 'ចំនួន', 'នៅជាប់', 'បឹង', 'ទន្លេ', 'សាប', 'ថ្លែង', 'វិស័យ', 'ជល', 'ផល', 'នា', 'បច្ចុប្បន្ន', 'មាន', 'ភាពល្អ', 'ប្រសើរ', 'និយាយ', 'ត្រី', 'វិញ', 'សម្បូរ', 'គ្រប់', 'ប្រភេទ', 'មាន', 'ត្រី', 'ឆ្លាំង', 'ត្រី', 'កែស', 'ត្រី', 'រៀល', 'ជាដើម']",57,41
85,pair1,positive,អ្នកខ្លះតម្រង់ទៅថតរូបផ្តិតយកទេសភាពដ៏ល្អឆើតឆាយនៃស្រុកខ្មែរ ពេលគយគន់ពីចំណោតថ្មនៃពយតាឌី។,ខ្លះ តម្រង់ ថត រូប ផ្តិត យក ទេសភាព ដ៏ ល្អ ឆើតឆាយ នៃ ស្រុក ខ្មែរ គយគន់ ចំណោត ថ្ម នៃ ពយ តាឌី,"['ខ្លះ', 'តម្រង់', 'ថត', 'រូប', 'ផ្តិត', 'យក', 'ទេសភាព', 'ដ៏', 'ល្អ', 'ឆើតឆាយ', 'នៃ', 'ស្រុក', 'ខ្មែរ', 'គយគន់', 'ចំណោត', 'ថ្ម', 'នៃ', 'ពយ', 'តាឌី']",24,19
80,pair1,neutral,បើទោះបីជាពួកគេអះអាងថា មានការបោះឆ្នោតគាំទ្រគំនិតនោះក៏ដោយ។,ទោះបីជា ពួកគេ អះអាង មាន ការបោះឆ្នោត គាំទ្រ គំនិត ក៏ដោយ,"['ទោះបីជា', 'ពួកគេ', 'អះអាង', 'មាន', 'ការបោះឆ្នោត', 'គាំទ្រ', 'គំនិត', 'ក៏ដោយ']",12,8
519,pair3,positive,មនុស្សដែលរីកចម្រើនទៅមុខលឿន ពួកគេតែងតែប្រុងប្រយ័ត្នណាស់ចំពោះទង្វើរបស់គេ ហើយជាពិសេសគឺអ្វីៗដែលគេនឹកគិត។,មនុស្ស រីកចម្រើន មុខ លឿន ពួកគេ តែងតែ ប្រុងប្រយ័ត្ន ណាស់ ទង្វើ ជាពិសេស អ្វី នឹក គិត,"['មនុស្ស', 'រីកចម្រើន', 'មុខ', 'លឿន', 'ពួកគេ', 'តែងតែ', 'ប្រុងប្រយ័ត្ន', 'ណាស់', 'ទង្វើ', 'ជាពិសេស', 'អ្វី', 'នឹក', 'គិត']",24,13
199,pair1,negative,គាត់ជិះកង់ឌុបគ្នាឆ្ងាយដែរពីទួលសង្កែទៅសាលាឥន្ទរទេវី សព្វថ្ងៃនេះកូនស្រីច្បងដែលគ្នាមានអាយុទើបតែ ១៣ ឆ្នាំ តែត្រូវមករ៉ាប់រងគ្រួសារទៅវិញ។,ជិះ កង់ ឌុប ឆ្ងាយ ទួល សង្កែ សាលា ឥន្ទរ ទេវី សព្វ ថ្ងៃ កូនស្រី ច្បង មាន អាយុ ទើបតែ ១៣ ឆ្នាំ រ៉ាប់រង គ្រួសារ វិញ,"['ជិះ', 'កង់', 'ឌុប', 'ឆ្ងាយ', 'ទួល', 'សង្កែ', 'សាលា', 'ឥន្ទរ', 'ទេវី', 'សព្វ', 'ថ្ងៃ', 'កូនស្រី', 'ច្បង', 'មាន', 'អាយុ', 'ទើបតែ', '១៣', 'ឆ្នាំ', 'រ៉ាប់រង', 'គ្រួសារ', 'វិញ']",34,21
594,pair3,positive,យើងត្រូវជឿជាក់ប៉ុន្តែមិនមែនជឿងប់។,ជឿជាក់ ប៉ុន្តែ មិន មែន ជឿងប់,"['ជឿជាក់', 'ប៉ុន្តែ', 'មិន', 'មែន', 'ជឿងប់']",8,5
132,pair1,positive,"គិតមកត្រឹមឆ្នាំ២០១៤ ចំនួនប្រជាជនកម្ពុជាដែលកំពុងធ្វើការងារ ទាំងស្របច្បាប់ និងមិនស្របច្បាប់ នៅក្រៅប្រទេស បានរីកធំធាត់ដល់ជាង ៦០០,០០០នាក់។",គិត ត្រឹម ឆ្នាំ ២០១៤ ចំនួន ប្រជាជន កម្ពុជា កំពុង ធ្វើ ការងារ ស្រប ច្បាប់ មិន ស្រប ច្បាប់ ក្រៅ ប្រទេស រីក ធំធាត់ ជាង ៦០០ ០០០ នាក់,"['គិត', 'ត្រឹម', 'ឆ្នាំ', '២០១៤', 'ចំនួន', 'ប្រជាជន', 'កម្ពុជា', 'កំពុង', 'ធ្វើ', 'ការងារ', 'ស្រប', 'ច្បាប់', 'មិន', 'ស្រប', 'ច្បាប់', 'ក្រៅ', 'ប្រទេស', 'រីក', 'ធំធាត់', 'ជាង', '៦០០', '០០០', 'នាក់']",29,23
471,pair3,neutral,កត្តាសំខាន់ៗក្នុងការជ្រើសរើសពូជប្រពៃណីរួមមានរយៈពេលប្រមូលផលគុណភាពទិន្នផលខ្ពស់ភាពឡើងបាយនិងកត្តាសង្គមក៏បានជះឥទ្ធិពលដល់ការជ្រើសរើសប្រភេទស្រូវមកដាំដែរតួយ៉ាងស្ទើរតែគ្រប់កសិករទាំងអស់បានដាំពូជស្រូវដំណើបសម្រាប់ធ្វើនំក្នុងពិធីប្រពៃណីនិងសាសនាជាដើម,កត្តា សំខាន់ ការជ្រើសរើស ពូជ ប្រពៃណី រួម មាន រយៈពេល ប្រមូល ផល គុណភាព ទិន្នផល ខ្ពស់ ភាព ឡើង បាយ កត្តា សង្គម ជះ ឥទ្ធិពល ការជ្រើសរើស ប្រភេទ ស្រូវ ដាំ តួយ៉ាង ស្ទើរតែ គ្រប់ កសិករ ទាំងអស់ ដាំ ពូជ ស្រូវ ដំណើប ធ្វើ នំ ពិធី ប្រពៃណី សាសនា ជាដើម,"['កត្តា', 'សំខាន់', 'ការជ្រើសរើស', 'ពូជ', 'ប្រពៃណី', 'រួម', 'មាន', 'រយៈពេល', 'ប្រមូល', 'ផល', 'គុណភាព', 'ទិន្នផល', 'ខ្ពស់', 'ភាព', 'ឡើង', 'បាយ', 'កត្តា', 'សង្គម', 'ជះ', 'ឥទ្ធិពល', 'ការជ្រើសរើស', 'ប្រភេទ', 'ស្រូវ', 'ដាំ', 'តួយ៉ាង', 'ស្ទើរតែ', 'គ្រប់', 'កសិករ', 'ទាំងអស់', 'ដាំ', 'ពូជ', 'ស្រូវ', 'ដំណើប', 'ធ្វើ', 'នំ', 'ពិធី', 'ប្រពៃណី', 'សាសនា', 'ជាដើម']",51,39
223,pair2,neutral,ចំណែកបណ្តឹងរបស់គណៈកម្មាធិការជាតិរៀបចំការបោះឆ្នោត(គជប) ដែលប្តឹង លោក សុន ឆ័យ ចៅក្រមជំនុំជម្រះ លោក ហម ម៉េងសែ សម្រេចផ្តន្ទាទោសនិងពិន័យជាប្រាក់ចំនួន៩ លានរៀល ចូលរដ្ឋ ក្រោមបទចោទប្រកាន់ «បរិហារកេរ្តិ៍ជាសាធារណៈ» ដូចគ្នា។,ចំណែក បណ្តឹង គណៈកម្មាធិការ ជាតិ រៀបចំ ការបោះឆ្នោត គជប ប្តឹង សុន ឆ័យ ចៅក្រម ជំនុំជម្រះ ហម ម៉េង សែ សម្រេច ផ្តន្ទាទោស ពិន័យ ប្រាក់ ចំនួន៩ លាន រៀល ចូល រដ្ឋ បទ ចោទប្រកាន់ បរិហារ កេរ្តិ៍ ជាសាធារណៈ ដូចគ្នា,"['ចំណែក', 'បណ្តឹង', 'គណៈកម្មាធិការ', 'ជាតិ', 'រៀបចំ', 'ការបោះឆ្នោត', 'គជប', 'ប្តឹង', 'សុន', 'ឆ័យ', 'ចៅក្រម', 'ជំនុំជម្រះ', 'ហម', 'ម៉េង', 'សែ', 'សម្រេច', 'ផ្តន្ទាទោស', 'ពិន័យ', 'ប្រាក់', 'ចំនួន៩', 'លាន', 'រៀល', 'ចូល', 'រដ្ឋ', 'បទ', 'ចោទប្រកាន់', 'បរិហារ', 'កេរ្តិ៍', 'ជាសាធារណៈ', 'ដូចគ្នា']",42,30
106,pair1,neutral,ថ្លៃឈ្នួលកម្លាំងពលកម្មក៏មានការប្រែប្រួលទៅតាមប្រភេទការងារផ្សេងៗដែរ ដូចជាការភ្ជួរដីដកស្ទូងធ្វើស្មៅច្រូត និងបោកជាដើមឬពេលមមាញឹកនៃការងារ,ថ្លៃ ឈ្នួល កម្លាំង ពលកម្ម មាន ការប្រែប្រួល តាម ប្រភេទ ការងារ ផ្សេង ដូចជា ការភ្ជួរ ដី ដក ស្ទូង ធ្វើ ស្មៅ ច្រូត បោក ជាដើម មមាញឹក នៃ ការងារ,"['ថ្លៃ', 'ឈ្នួល', 'កម្លាំង', 'ពលកម្ម', 'មាន', 'ការប្រែប្រួល', 'តាម', 'ប្រភេទ', 'ការងារ', 'ផ្សេង', 'ដូចជា', 'ការភ្ជួរ', 'ដី', 'ដក', 'ស្ទូង', 'ធ្វើ', 'ស្មៅ', 'ច្រូត', 'បោក', 'ជាដើម', 'មមាញឹក', 'នៃ', 'ការងារ']",30,23
478,pair3,negative,ខ្ញុំឈឺពោះហើយមានអារម្មណ៍ឈឺ,ឈឺ ពោះ មានអារម្មណ៍ ឈឺ,"['ឈឺ', 'ពោះ', 'មានអារម្មណ៍', 'ឈឺ']",6,4
185,pair1,neutral,បច្ចុប្បន្នមានគំរូសាលាជំនាន់ថ្មីសាកល្បងប្រមាណ ១១ សាលាដែលកំពុងដំណើរការនៅទូទាំងប្រទេសដោយមានគោលដៅពង្រីកគំរូដល់ ១០០ សាលានៅឆ្នាំ ២០២២ ។,បច្ចុប្បន្ន មាន គំរូ សាលា ជំនាន់ ថ្មី សាកល្បង ប្រមាណ ១១ សាលា កំពុង ដំណើរការ ទូទាំង ប្រទេស មាន គោលដៅ ពង្រីក គំរូ ១០០ សាលា ឆ្នាំ ២០២២,"['បច្ចុប្បន្ន', 'មាន', 'គំរូ', 'សាលា', 'ជំនាន់', 'ថ្មី', 'សាកល្បង', 'ប្រមាណ', '១១', 'សាលា', 'កំពុង', 'ដំណើរការ', 'ទូទាំង', 'ប្រទេស', 'មាន', 'គោលដៅ', 'ពង្រីក', 'គំរូ', '១០០', 'សាលា', 'ឆ្នាំ', '២០២២']",28,22
242,pair2,negative,អារម្មណ៍ផ្លូវចិត្តពិតជាពិបាកប៉ះប៉ូវណាស់,អារម្មណ៍ ផ្លូវចិត្ត ពិតជា ពិបាក ប៉ះ ប៉ូវ ណាស់,"['អារម្មណ៍', 'ផ្លូវចិត្ត', 'ពិតជា', 'ពិបាក', 'ប៉ះ', 'ប៉ូវ', 'ណាស់']",7,7
31,pair1,neutral,ដូច្នេះហើយ កិច្ចការសម្របសម្រួលនៃការធ្វើផែនការ និងការអនុវត្តគោលដៅអភិវឌ្ឍន៍ប្រកបដោយចីរភាពជាមួយនឹងយុទ្ធសាស្តរអភិវឌ្ឍន៍នៅក្នុងមូលដ្ឋាននានា ដូចជា ផែនការយុទ្ធសាស្តរអភិវឌ្ឍន៍ជាតិ ២០១៤-២០១៨ ត្រូវបានកំណត់ជាអាទិភាព។,ដូច្នេះហើយ កិច្ចការ សម្របសម្រួល នៃ ការធ្វើ ផែនការ ការអនុវត្ត គោលដៅ អភិវឌ្ឍន៍ ប្រកបដោយ ចីរភាព ជាមួយនឹង យុទ្ធសាស្តរ អភិវឌ្ឍន៍ នៅក្នុង មូលដ្ឋាន នានា ដូចជា ផែនការ យុទ្ធសាស្តរ អភិវឌ្ឍន៍ ជាតិ ២០១៤ ២០១៨ ត្រូវបាន កំណត់ អាទិភាព,"['ដូច្នេះហើយ', 'កិច្ចការ', 'សម្របសម្រួល', 'នៃ', 'ការធ្វើ', 'ផែនការ', 'ការអនុវត្ត', 'គោលដៅ', 'អភិវឌ្ឍន៍', 'ប្រកបដោយ', 'ចីរភាព', 'ជាមួយនឹង', 'យុទ្ធសាស្តរ', 'អភិវឌ្ឍន៍', 'នៅក្នុង', 'មូលដ្ឋាន', 'នានា', 'ដូចជា', 'ផែនការ', 'យុទ្ធសាស្តរ', 'អភិវឌ្ឍន៍', 'ជាតិ', '២០១៤', '២០១៨', 'ត្រូវបាន', 'កំណត់', 'អាទិភាព']",31,27
67,pair1,neutral,សូមបញ្ជាក់ថា ពិពណ៌បច្ចេកវិទ្យាកម្ពុជា ឆ្នាំ២០២២ ត្រូវរៀបចំឡើងដោយ ក្រសួងឧស្សាហកម្ម វិទ្យាសាស្តរ បច្ចេកវិទ្យា និងនវានុវត្តន៍។,សូម បញ្ជាក់ ពិពណ៌ បច្ចេកវិទ្យា កម្ពុជា ឆ្នាំ ២០២២ រៀបចំឡើង ក្រសួង ឧស្សាហកម្ម វិទ្យាសាស្ត បច្ចេកវិទ្យា វានុវត្តន៍,"['សូម', 'បញ្ជាក់', 'ពិពណ៌', 'បច្ចេកវិទ្យា', 'កម្ពុជា', 'ឆ្នាំ', '២០២២', 'រៀបចំឡើង', 'ក្រសួង', 'ឧស្សាហកម្ម', 'វិទ្យាសាស្ត', 'បច្ចេកវិទ្យា', 'វានុវត្តន៍']",20,13
350,pair2,negative,ខណៈប្តីទៅហូបកាហ្វេ១កែវសោះ បែរជា មិនមកផ្ទះ តាំងពីព្រឹកដល់ល្ងាច ព្រោះរវល់វក់វី និងការផ្សងសំណាង ។,ខណៈ ប្តី ហូប កាហ្វេ ១កែវ សោះ បែរជា មិន ផ្ទះ តាំងពី ព្រឹក ល្ងាច រវល់ វក់ វី ការផ្សង សំណាង,"['ខណៈ', 'ប្តី', 'ហូប', 'កាហ្វេ', '១កែវ', 'សោះ', 'បែរជា', 'មិន', 'ផ្ទះ', 'តាំងពី', 'ព្រឹក', 'ល្ងាច', 'រវល់', 'វក់', 'វី', 'ការផ្សង', 'សំណាង']",23,17
2,pair1,negative,"មាន ២,០៧៣ ករណីដែលបានរាយការណ៍ទាក់ទងនឹងការដួលសន្លប់របស់កម្មករ។",មាន ០៧៣ ករណី រាយការណ៍ ទាក់ទង ការដួល សន្លប់ កម្មករ,"['មាន', '០៧៣', 'ករណី', 'រាយការណ៍', 'ទាក់ទង', 'ការដួល', 'សន្លប់', 'កម្មករ']",13,8
452,pair3,neutral,ភ្នំពេញ៖ វិស័យព័ត៌មានពិតជាមានសារៈសំខាន់ក្នុងទំនាក់ទំនងកម្ពុជា-ចិននាពេលបច្ចុប្បន្ននេះ ខណៈវិស័យនេះ គឺត្រូវបានចាត់ទុកដូចជាស្ពានចម្លងនូវព័ត៌មានពិត នៃប្រទេសទាំងពីរ និងសកលលោក។,ភ្នំពេញ៖ វិស័យ ព័ត៌មាន ពិតជា មាន សារៈសំខាន់ ទំនាក់ទំនង កម្ពុជា ចិន នា បច្ចុប្បន្ន ខណៈ វិស័យ ត្រូវបាន ចាត់ទុក ដូចជា ស្ពាន ចម្លង នូវ ព័ត៌មាន ពិត នៃ ប្រទេស សកលលោក,"['ភ្នំពេញ៖', 'វិស័យ', 'ព័ត៌មាន', 'ពិតជា', 'មាន', 'សារៈសំខាន់', 'ទំនាក់ទំនង', 'កម្ពុជា', 'ចិន', 'នា', 'បច្ចុប្បន្ន', 'ខណៈ', 'វិស័យ', 'ត្រូវបាន', 'ចាត់ទុក', 'ដូចជា', 'ស្ពាន', 'ចម្លង', 'នូវ', 'ព័ត៌មាន', 'ពិត', 'នៃ', 'ប្រទេស', 'សកលលោក']",34,24
255,pair2,positive,ដើម្បីរក្សាទីក្រុងស្អាត និងអភិរក្សបរិស្ថានឲ្យកាន់តែស្រស់បំព្រងសម្រាប់ការរស់នៅប្រកបដោយផាសុកភាព សណ្ឋាគារ MHR បានធ្វើការជាមួយសហគមន៍មូលដ្ឋាន និងអាជ្ញាធរដើម្បីដាំដើមឈើបន្ថែមនៅក្នុងឧទ្យានជាតិអង្គរ និងផ្នែកខ្លះទៀតនៃខេត្តសៀមរាប។,រក្សា ទីក្រុង ស្អាត អភិរក្ស បរិស្ថាន ឲ្យ កាន់តែ ស្រស់បំព្រង ការរស់នៅ ប្រកបដោយ ផាសុកភាព សណ្ឋាគារ MHR ធ្វើការ សហគមន៍ មូលដ្ឋាន អាជ្ញាធរ ដាំ ដើមឈើ បន្ថែម នៅក្នុង ឧទ្យាន ជាតិ អង្គរ ផ្នែក ខ្លះ ទៀត នៃ ខេត្ត សៀមរាប,"['រក្សា', 'ទីក្រុង', 'ស្អាត', 'អភិរក្ស', 'បរិស្ថាន', 'ឲ្យ', 'កាន់តែ', 'ស្រស់បំព្រង', 'ការរស់នៅ', 'ប្រកបដោយ', 'ផាសុកភាព', 'សណ្ឋាគារ', 'MHR', 'ធ្វើការ', 'សហគមន៍', 'មូលដ្ឋាន', 'អាជ្ញាធរ', 'ដាំ', 'ដើមឈើ', 'បន្ថែម', 'នៅក្នុង', 'ឧទ្យាន', 'ជាតិ', 'អង្គរ', 'ផ្នែក', 'ខ្លះ', 'ទៀត', 'នៃ', 'ខេត្ត', 'សៀមរាប']",39,30
511,pair3,negative,គាត់មានការតក់ស្លុតយ៉ាងខ្លាំងស្ទើរតែមិនជឿហើយស្រក់ទឹកភ្នែកមកបណ្តើរខំទប់បណ្តើរ ទាំងក្តីបារម្ភខ្លាចឪពុកម្តាយដឹងថាខ្លួនមានជម្ងឺនេះពួកគាត់មិនអាចទទួលយកបាននូវបញ្ហាទាំងនេះ,មាន ការតក់ស្លុត យ៉ាង ខ្លាំង ស្ទើរតែ មិន ជឿ ស្រក់ ទឹកភ្នែក បណ្តើរ ខំ ទប់ បណ្តើរ ក្តីបារម្ភ ខ្លាច ឪពុក ម្តាយ ដឹង ខ្លួន មាន ជម្ងឺ ពួកគាត់ មិន ទទួលយក នូវ បញ្ហា ទាំងនេះ,"['មាន', 'ការតក់ស្លុត', 'យ៉ាង', 'ខ្លាំង', 'ស្ទើរតែ', 'មិន', 'ជឿ', 'ស្រក់', 'ទឹកភ្នែក', 'បណ្តើរ', 'ខំ', 'ទប់', 'បណ្តើរ', 'ក្តីបារម្ភ', 'ខ្លាច', 'ឪពុក', 'ម្តាយ', 'ដឹង', 'ខ្លួន', 'មាន', 'ជម្ងឺ', 'ពួកគាត់', 'មិន', 'ទទួលយក', 'នូវ', 'បញ្ហា', 'ទាំងនេះ']",35,27
304,pair2,neutral,តាមយោបល់ខ្ញុំសង្គ្រាមរវាងរុស្ស៊ី និងអ៊ុយក្រែន ប្រហែលគ្មានអ្នកឈ្នះ គ្មានអ្នកចាញ់ទេ ។,តាម យោបល់ សង្គ្រាម រវាង រុស្ស៊ី អ៊ុយក្រែន ប្រហែល គ្មាន ឈ្នះ គ្មាន ចាញ់,"['តាម', 'យោបល់', 'សង្គ្រាម', 'រវាង', 'រុស្ស៊ី', 'អ៊ុយក្រែន', 'ប្រហែល', 'គ្មាន', 'ឈ្នះ', 'គ្មាន', 'ចាញ់']",17,11
422,pair3,negative,មិត្តភក្តិរបស់ខ្ញុំមិនដែរគិតពីខ្ញុំឡើយ ពួកគេតែងតែគិតពីផលប្រយោជន៍របស់ពួកគេ។,មិត្តភក្តិ មិន គិត ឡើយ ពួកគេ តែងតែ គិត ផលប្រយោជន៍ ពួកគេ,"['មិត្តភក្តិ', 'មិន', 'គិត', 'ឡើយ', 'ពួកគេ', 'តែងតែ', 'គិត', 'ផលប្រយោជន៍', 'ពួកគេ']",17,9
349,pair2,neutral,ខ្ញុំគិតថាខ្ញុំនឹងរួចរាល់ឆាប់ៗតាមដែលយន្តហោះនេះបានចតចេញពីភាពចលាចលនេះ,គិត រួចរាល់ ឆាប់ តាម យន្តហោះ ចត ចេញ ភាពចលាចល,"['គិត', 'រួចរាល់', 'ឆាប់', 'តាម', 'យន្តហោះ', 'ចត', 'ចេញ', 'ភាពចលាចល']",18,8
317,pair2,negative,គណបក្សពលករដែលកំពុងកាន់អំណាចរបស់កូរ៉េខាងជើងបានសម្រេចចិត្តធ្វើសមយុទ្ធនេះជាការឆ្លើយតបដែលមិនអាចជៀសបាន ចំពោះការចល័តទ័ពជើងទឹកអាម៉េរិក និងកូរ៉េខាងត្បូងក្នុងទ្រង់ទ្រាយធំ រួមទាំងនាវាផ្ទុកយន្តហោះ និងនាវាមុជទឹកដើរដោយថាមពលនុយក្លេអ៊ែរ។,គណបក្ស ពលករ កំពុង កាន់អំណាច កូរ៉េ ខាងជើង សម្រេចចិត្ត ធ្វើ សមយុទ្ធ ការឆ្លើយតប មិន ជៀស ការចល័ត ទ័ព ជើងទឹក អាម៉េរិក កូរ៉េ ខាងត្បូង ទ្រង់ទ្រាយ ធំ រួមទាំង នាវា ផ្ទុក យន្តហោះ នាវា មុជទឹក ដើរ ថាមពល នុយក្លេអ៊ែរ,"['គណបក្ស', 'ពលករ', 'កំពុង', 'កាន់អំណាច', 'កូរ៉េ', 'ខាងជើង', 'សម្រេចចិត្ត', 'ធ្វើ', 'សមយុទ្ធ', 'ការឆ្លើយតប', 'មិន', 'ជៀស', 'ការចល័ត', 'ទ័ព', 'ជើងទឹក', 'អាម៉េរិក', 'កូរ៉េ', 'ខាងត្បូង', 'ទ្រង់ទ្រាយ', 'ធំ', 'រួមទាំង', 'នាវា', 'ផ្ទុក', 'យន្តហោះ', 'នាវា', 'មុជទឹក', 'ដើរ', 'ថាមពល', 'នុយក្លេអ៊ែរ']",43,29
599,pair3,neutral,ថ្ងៃមួយអាសំគមបាញ់លលកលីស្នា ដើរទៅស្វែងរកបាញ់លលកបានប្រទះឃើញភូមិសេដ្ឋី១មានដើមឈើដុះត្រសាយត្រសុំដង្គុំដង្គោលជាទីលំនៅនៃបក្សីមានលលកជាដើម,ថ្ងៃ អាសំគម បាញ់ លលក លីស្នា ដើរ ស្វែងរក បាញ់ លលក ប្រទះឃើញ ភូមិ សេដ្ឋី មាន ដើមឈើ ដុះ ត្រសាយ ត្រសុំ ដង្គុំ ដង្គោល ទីលំនៅ នៃ បក្សី មាន លលក ជាដើម,"['ថ្ងៃ', 'អាសំគម', 'បាញ់', 'លលក', 'លីស្នា', 'ដើរ', 'ស្វែងរក', 'បាញ់', 'លលក', 'ប្រទះឃើញ', 'ភូមិ', 'សេដ្ឋី', 'មាន', 'ដើមឈើ', 'ដុះ', 'ត្រសាយ', 'ត្រសុំ', 'ដង្គុំ', 'ដង្គោល', 'ទីលំនៅ', 'នៃ', 'បក្សី', 'មាន', 'លលក', 'ជាដើម']",30,25
247,pair2,neutral,បង្កើតវេទិកាឌីជីថលចំនួន ៣ ដូចខាងក្រោម ដើម្បីរៀបចំប្រព័ន្ធអប់រំអេឡិចត្រូនិក៖,បង្កើត វេទិកា ឌីជីថល ចំនួន ខាងក្រោម រៀបចំ ប្រព័ន្ធ អប់រំ អេឡិចត្រូនិក៖,"['បង្កើត', 'វេទិកា', 'ឌីជីថល', 'ចំនួន', 'ខាងក្រោម', 'រៀបចំ', 'ប្រព័ន្ធ', 'អប់រំ', 'អេឡិចត្រូនិក៖']",12,9
531,pair3,neutral,ថ្លែងបន្ទាប់ពីកិច្ចប្រជុំកំពូលនៃអង្គការសហប្រតិបត្តិការសៀងហៃ លោក ពូទីន បានចាត់ទុកការឈ្លានពានរបស់រុស្ស៊ីថាជាជំហានចាំបាច់មួយដើម្បីការពារអ្វីដែលលោកបាននិយាយថាជាផែនការរបស់លោកខាងលិចដើម្បីបំបែកប្រទេសរុស្ស៊ី។,ថ្លែង បន្ទាប់ពី កិច្ចប្រជុំ កំពូល នៃ អង្គការ សហប្រតិបត្តិការ សៀង ហៃ ពូទីន ចាត់ទុក ការឈ្លានពាន រុស្ស៊ី ជំហាន ចាំបាច់ ការពារ អ្វី និយាយ ផែនការ ខាងលិច បំបែក ប្រទេស រុស្ស៊ី,"['ថ្លែង', 'បន្ទាប់ពី', 'កិច្ចប្រជុំ', 'កំពូល', 'នៃ', 'អង្គការ', 'សហប្រតិបត្តិការ', 'សៀង', 'ហៃ', 'ពូទីន', 'ចាត់ទុក', 'ការឈ្លានពាន', 'រុស្ស៊ី', 'ជំហាន', 'ចាំបាច់', 'ការពារ', 'អ្វី', 'និយាយ', 'ផែនការ', 'ខាងលិច', 'បំបែក', 'ប្រទេស', 'រុស្ស៊ី']",39,23
563,pair3,neutral,ខ្ញុំគំរោងនឹងស្នាក់នៅប្រាំថ្ងៃ,គំរោង ស្នាក់ ប្រាំ ថ្ងៃ,"['គំរោង', 'ស្នាក់', 'ប្រាំ', 'ថ្ងៃ']",7,4
300,pair2,negative,បើយើងមិនបានស្រលាញ់ខ្លួនឯងគ្រប់គ្រាន់ មិនបានយកចិត្តនឹងខ្លួនឯងគ្រប់គ្រាន់ មិនបានស្មោះត្រង់ចំពោះខ្លួនឯង ភាពហត់នឿយចំពោះការធ្វើរឿងអស់ទាំងនេះចំពោះអ្នកដទៃវានឹងឆាប់កើតឡើង។,មិន ស្រលាញ់ ខ្លួន ឯង គ្រប់គ្រាន់ មិន យកចិត្ត ខ្លួន ឯង គ្រប់គ្រាន់ មិន ស្មោះត្រង់ ខ្លួន ឯង ភាព ហត់នឿយ ការធ្វើ រឿង អស់ ទាំងនេះ អ្នកដទៃ ឆាប់ កើតឡើង,"['មិន', 'ស្រលាញ់', 'ខ្លួន', 'ឯង', 'គ្រប់គ្រាន់', 'មិន', 'យកចិត្ត', 'ខ្លួន', 'ឯង', 'គ្រប់គ្រាន់', 'មិន', 'ស្មោះត្រង់', 'ខ្លួន', 'ឯង', 'ភាព', 'ហត់នឿយ', 'ការធ្វើ', 'រឿង', 'អស់', 'ទាំងនេះ', 'អ្នកដទៃ', 'ឆាប់', 'កើតឡើង']",35,23
46,pair1,positive,ជាងនេះទៅទៀត ប្រសិនបើមុខវិជ្ជាណាមួយត្រូវបានបង្រៀន ហើយបន្ទាប់មកត្រូវបានពង្រឹងតាមរយៈហ្គេមដែលមានកម្មវិធី វាពិតជាជួយក្នុងការបង្កើនការចងចាំរបស់ពួកគេ និងពង្រឹងការរៀនសូត្ររបស់ពួកគេអំពីគោលគំនិត ។,ជាង ទៀត ប្រសិនបើ មុខវិជ្ជា ណាមួយ ត្រូវបាន បង្រៀន បន្ទាប់មក ត្រូវបាន ពង្រឹង តាមរយៈ ហ្គេម មាន កម្មវិធី ពិតជា ជួយ ការបង្កើន ការចងចាំ ពួកគេ ពង្រឹង ការរៀនសូត្រ ពួកគេ អំពី គោល គំនិត,"['ជាង', 'ទៀត', 'ប្រសិនបើ', 'មុខវិជ្ជា', 'ណាមួយ', 'ត្រូវបាន', 'បង្រៀន', 'បន្ទាប់មក', 'ត្រូវបាន', 'ពង្រឹង', 'តាមរយៈ', 'ហ្គេម', 'មាន', 'កម្មវិធី', 'ពិតជា', 'ជួយ', 'ការបង្កើន', 'ការចងចាំ', 'ពួកគេ', 'ពង្រឹង', 'ការរៀនសូត្រ', 'ពួកគេ', 'អំពី', 'គោល', 'គំនិត']",35,25
341,pair2,negative,លោក ស ខេង កាលពីខែសីហា ឆ្នាំ២០២២ បានបញ្ចប់មុខតំណែងមន្ត្រីនៅក្រសួងនេះ ថ្នាក់អនុរដ្ឋលេខាធិការ ក្រោយពីរកឃើញថា មន្ត្រីនោះមានជាប់ពាក់ព័ន្ធនឹងអំពើពុករលួយ ដើរសន្យាលក់ក្របខណ្ឌនគរបាលជាតិ ក្នុងតម្លៃចន្លោះពី១ម៉ឺន ទៅ២ម៉ឺនដុល្លារ។,ខេង កាលពី ខែសីហា ឆ្នាំ ២០២២ បញ្ចប់ មុខតំណែង មន្ត្រី ក្រសួង ថ្នាក់ អនុ រដ្ឋលេខាធិការ ក្រោយពី រកឃើញ មន្ត្រី មាន ជាប់ពាក់ព័ន្ធ អំពើពុករលួយ ដើរ សន្យា លក់ ក្របខណ្ឌ នគរបាល ជាតិ តម្លៃ ចន្លោះ ១ម៉ឺន ២ម៉ឺន ដុល្លារ,"['ខេង', 'កាលពី', 'ខែសីហា', 'ឆ្នាំ', '២០២២', 'បញ្ចប់', 'មុខតំណែង', 'មន្ត្រី', 'ក្រសួង', 'ថ្នាក់', 'អនុ', 'រដ្ឋលេខាធិការ', 'ក្រោយពី', 'រកឃើញ', 'មន្ត្រី', 'មាន', 'ជាប់ពាក់ព័ន្ធ', 'អំពើពុករលួយ', 'ដើរ', 'សន្យា', 'លក់', 'ក្របខណ្ឌ', 'នគរបាល', 'ជាតិ', 'តម្លៃ', 'ចន្លោះ', '១ម៉ឺន', '២ម៉ឺន', 'ដុល្លារ']",41,29
52,pair1,negative,អ៊ីចឹងខួរក្បាលយើងត្រូវការអ៊ុកស៊ីហ្សែនគឺអត់ទទួលបានគ្រប់គ្រាន់ទេ មិនថាចិញ្ចឹមខួរក្បាល បេះដូង និងសរីរាង្គផ្សេងៗ អត់គ្រប់គ្រាន់ទេ។,អ៊ីចឹង ខួរក្បាល ត្រូវការ អ៊ុក ស៊ីហ្សែន អត់ ទទួលបាន គ្រប់គ្រាន់ មិន ចិញ្ចឹម ខួរក្បាល បេះដូង សរីរាង្គ ផ្សេង អត់ គ្រប់គ្រាន់,"['អ៊ីចឹង', 'ខួរក្បាល', 'ត្រូវការ', 'អ៊ុក', 'ស៊ីហ្សែន', 'អត់', 'ទទួលបាន', 'គ្រប់គ្រាន់', 'មិន', 'ចិញ្ចឹម', 'ខួរក្បាល', 'បេះដូង', 'សរីរាង្គ', 'ផ្សេង', 'អត់', 'គ្រប់គ្រាន់']",24,16
77,pair1,negative,ហួសចិត្ត !! ឃើញម៉ូតូគេទុកចោលមុខផ្ទះធ្វើសកម្មភាពលួចតែសំណាងមិនល្អ ត្រូវសមត្ថកិច្ចក្របួចបានមកវិញ,ហួសចិត្ត ឃើញ ម៉ូតូ ទុកចោល មុខ ផ្ទះ ធ្វើ សកម្មភាព លួច សំណាង មិន ល្អ សមត្ថកិច្ច ក្របួច មកវិញ,"['ហួសចិត្ត', 'ឃើញ', 'ម៉ូតូ', 'ទុកចោល', 'មុខ', 'ផ្ទះ', 'ធ្វើ', 'សកម្មភាព', 'លួច', 'សំណាង', 'មិន', 'ល្អ', 'សមត្ថកិច្ច', 'ក្របួច', 'មកវិញ']",20,15
366,pair2,neutral,ក្រោយពីបែកបាក់ជាមួយប្តីមក អ្នកស្រីបានចាក់មួកលក់តាមអនឡាញជាមួយកូនស្រីច្បងរហូតដល់បច្ចុប្បន្ន។,ក្រោយពី បែកបាក់ ប្តី អ្នកស្រី ចាក់ មួក លក់ តាម អនឡាញ កូនស្រី ច្បង រហូតដល់ បច្ចុប្បន្ន,"['ក្រោយពី', 'បែកបាក់', 'ប្តី', 'អ្នកស្រី', 'ចាក់', 'មួក', 'លក់', 'តាម', 'អនឡាញ', 'កូនស្រី', 'ច្បង', 'រហូតដល់', 'បច្ចុប្បន្ន']",18,13
595,pair3,positive,ដើម្បីបង្កើតប្រព័ន្ធអប់រំអេឡិចត្រូនិករយៈពេលមធ្យម និងវែងក្រសួងកំពុងរកហិរញ្ញប្បទានបន្ថែម,បង្កើត ប្រព័ន្ធ អប់រំ អេឡិចត្រូនិក រយៈពេល មធ្យម វែង ក្រសួង កំពុង រក ហិរញ្ញប្បទាន បន្ថែម,"['បង្កើត', 'ប្រព័ន្ធ', 'អប់រំ', 'អេឡិចត្រូនិក', 'រយៈពេល', 'មធ្យម', 'វែង', 'ក្រសួង', 'កំពុង', 'រក', 'ហិរញ្ញប្បទាន', 'បន្ថែម']",14,12
412,pair3,negative,បណ្តាញបរទេសដែលគេប្រើក្នុងការតវ៉ានិងផ្តួលរំលំរបបដឹកនាំមួយចំនួនដូចជានៅកូរ៉េខាងត្បូង នៅម៉ាឡេស៊ី នៅហុងកុង និងនៅថៃ ភូមាជាដើម។,បណ្តាញ បរទេស ប្រើ ការតវ៉ា ផ្តួលរំលំ របប ដឹកនាំ មួយចំនួន ដូចជា កូរ៉េ ខាងត្បូង ម៉ាឡេស៊ី ហុងកុង ថៃ ភូមា ជាដើម,"['បណ្តាញ', 'បរទេស', 'ប្រើ', 'ការតវ៉ា', 'ផ្តួលរំលំ', 'របប', 'ដឹកនាំ', 'មួយចំនួន', 'ដូចជា', 'កូរ៉េ', 'ខាងត្បូង', 'ម៉ាឡេស៊ី', 'ហុងកុង', 'ថៃ', 'ភូមា', 'ជាដើម']",26,16
72,pair1,positive,"និយតករធានារ៉ាប់រងកម្ពុជា (IRC) តួលេខដ៏ល្អប្រសើរគឺបញ្ជាក់អំពីការ-បន្តរីកចម្រើននៃឧស្សាហកម្មនេះ ជាមួយនឹងតម្លៃនៃបុព្វលាភសរុបនៅឆ្នាំ២០២១ ឈានដល់ ២៩៣លានដុល្លារ ពោលគឺកើនឡើងចំនួន ៩,៥ ភាគរយ ធៀបនឹងឆ្នាំ២០២០។",និយតករ ធានារ៉ាប់រង កម្ពុជា IRC តួលេខ ដ៏ ល្អ ប្រសើរ បញ្ជាក់ អំពី ការ បន្ត រីកចម្រើន នៃ ឧស្សាហកម្ម ជាមួយនឹង តម្លៃ នៃ បុព្វលាភ សរុប ឆ្នាំ ២០២១ ឈានដល់ ២៩៣ លាន ដុល្លារ ពោលគឺ កើនឡើង ចំនួន ភាគរយ ធៀប ឆ្នាំ ២០២០,"['និយតករ', 'ធានារ៉ាប់រង', 'កម្ពុជា', 'IRC', 'តួលេខ', 'ដ៏', 'ល្អ', 'ប្រសើរ', 'បញ្ជាក់', 'អំពី', 'ការ', 'បន្ត', 'រីកចម្រើន', 'នៃ', 'ឧស្សាហកម្ម', 'ជាមួយនឹង', 'តម្លៃ', 'នៃ', 'បុព្វលាភ', 'សរុប', 'ឆ្នាំ', '២០២១', 'ឈានដល់', '២៩៣', 'លាន', 'ដុល្លារ', 'ពោលគឺ', 'កើនឡើង', 'ចំនួន', 'ភាគរយ', 'ធៀប', 'ឆ្នាំ', '២០២០']",39,33
55,pair1,neutral,អង្គការសុខភាពពិភពលោកបានព្យាករណ៍ថាតួលេខនេះនឹងកើនឡើងគួរឱ្យកត់សម្គាល់ក្នុងរយៈពេលប៉ុន្មានឆ្នាំខាងមុខនេះ។,អង្គការ សុខភាព ពិភពលោក ព្យាករណ៍ តួលេខ កើនឡើង គួរឱ្យ កត់សម្គាល់ រយៈពេល ប៉ុន្មាន ឆ្នាំ ខាងមុខ,"['អង្គការ', 'សុខភាព', 'ពិភពលោក', 'ព្យាករណ៍', 'តួលេខ', 'កើនឡើង', 'គួរឱ្យ', 'កត់សម្គាល់', 'រយៈពេល', 'ប៉ុន្មាន', 'ឆ្នាំ', 'ខាងមុខ']",19,12
208,pair2,negative,អាកាសធាតុមិនអំណោយផល បណ្តាលឱ្យមានកង្វះការផ្គត់ផ្គង់គ្រាប់ធញ្ញជាតិទៅកាន់ទីផ្សារផលិតស្រាបៀរ។,អាកាសធាតុ មិន អំណោយផល បណ្តាលឱ្យ មាន កង្វះ ការផ្គត់ផ្គង់ គ្រាប់ ធញ្ញជាតិ ទៅកាន់ ទីផ្សារ ផលិត ស្រាបៀរ,"['អាកាសធាតុ', 'មិន', 'អំណោយផល', 'បណ្តាលឱ្យ', 'មាន', 'កង្វះ', 'ការផ្គត់ផ្គង់', 'គ្រាប់', 'ធញ្ញជាតិ', 'ទៅកាន់', 'ទីផ្សារ', 'ផលិត', 'ស្រាបៀរ']",14,13
410,pair3,positive,កាលពីថ្ងៃទី១៤ ខែមីនា ឆ្នាំ២០២២ សាលាឧទ្ធរណ៍រាជធានីភ្នំពេញ សម្រេចតម្កល់សាលក្រមសាសាដំបូងរាជធានីភ្នំពេញ ដែលបានកាត់ទោសយុវជន កាក់ សុវណ្ណច្ឆ័យ វ័យ១៦ឆ្នាំ ដាក់ពន្ធនាគាររយៈពេល៨ខែ និងដាក់ឱ្យស្ថិតក្រោមការត្រួតពិនិត្យរបស់តុលាការរយៈពេល២ឆ្នាំ។,កាលពី ថ្ងៃទី ១៤ ខែមីនា ឆ្នាំ ២០២២ សាលាឧទ្ធរណ៍ រាជធានី ភ្នំពេញ សម្រេច តម្កល់ សាលក្រម សាសា ដំបូង រាជធានី ភ្នំពេញ កាត់ទោស យុវជន កាក់ សុវណ្ណ ច្ឆ័យ វ័យ ១៦ ឆ្នាំ ដាក់ ពន្ធនាគារ រយៈពេល ៨ខែ ដាក់ ឱ្យ ស្ថិត ការត្រួតពិនិត្យ តុលាការ រយៈពេល ២ឆ្នាំ,"['កាលពី', 'ថ្ងៃទី', '១៤', 'ខែមីនា', 'ឆ្នាំ', '២០២២', 'សាលាឧទ្ធរណ៍', 'រាជធានី', 'ភ្នំពេញ', 'សម្រេច', 'តម្កល់', 'សាលក្រម', 'សាសា', 'ដំបូង', 'រាជធានី', 'ភ្នំពេញ', 'កាត់ទោស', 'យុវជន', 'កាក់', 'សុវណ្ណ', 'ច្ឆ័យ', 'វ័យ', '១៦', 'ឆ្នាំ', 'ដាក់', 'ពន្ធនាគារ', 'រយៈពេល', '៨ខែ', 'ដាក់', 'ឱ្យ', 'ស្ថិត', 'ការត្រួតពិនិត្យ', 'តុលាការ', 'រយៈពេល', '២ឆ្នាំ']",41,35
430,pair3,neutral,ការប្រើផ្លែម្រះក្នុងការព្យាបាលតាមបែបបុរាណ មានតាំងពី ៦០០ ឆ្នាំមុនម្លេះ។,ការប្រើ ផ្លែ ម្រះ ការព្យាបាល តាម បែប បុរាណ មាន តាំងពី ៦០០ ឆ្នាំ មុន ម្លេះ,"['ការប្រើ', 'ផ្លែ', 'ម្រះ', 'ការព្យាបាល', 'តាម', 'បែប', 'បុរាណ', 'មាន', 'តាំងពី', '៦០០', 'ឆ្នាំ', 'មុន', 'ម្លេះ']",15,13
320,pair2,neutral,ការលើកឡើងរបស់លោក ហ៊ុន សែន ធ្វើឡើងក្នុងពិធីចែកសញ្ញាបត្រដល់និស្សិតនៃវិទ្យាស្ថានវ៉ាន់ដា ដែលមានចំនួន ៣ ៨៦៦ នាក់ កាលពីថ្ងៃទី ៣ ខែតុលា ឆ្នាំ ២០២២។,ការលើកឡើង ហ៊ុន សែន ធ្វើឡើង ពិធី ចែក សញ្ញាបត្រ និស្សិត នៃ វិទ្យាស្ថាន វ៉ាន់ ដា មាន ចំនួន ៨៦៦ នាក់ កាលពី ថ្ងៃទី ខែតុលា ឆ្នាំ ២០២២,"['ការលើកឡើង', 'ហ៊ុន', 'សែន', 'ធ្វើឡើង', 'ពិធី', 'ចែក', 'សញ្ញាបត្រ', 'និស្សិត', 'នៃ', 'វិទ្យាស្ថាន', 'វ៉ាន់', 'ដា', 'មាន', 'ចំនួន', '៨៦៦', 'នាក់', 'កាលពី', 'ថ្ងៃទី', 'ខែតុលា', 'ឆ្នាំ', '២០២២']",29,21
596,pair3,positive,ការធានាឲ្យបានថា កូនៗទទួលបានការអប់រំគឺជាមធ្យោបាយដ៏មាននិរន្តភាពមួយដើម្បីកសាងអនាគតរបស់ពួកគេ ហើយជាអ្វីដែលឳពុកម្តាយគ្រប់រូបបានលះបង់ ដើម្បីសម្រេចឲ្យខានតែបាន។,ការធានា ឲ្យបាន កូន ទទួលបាន ការអប់រំ គឺជា មធ្យោបាយ ដ៏ មាន និរន្តភាព កសាង អនាគត ពួកគេ អ្វី ឳពុក ម្តាយ គ្រប់ រូប លះបង់ សម្រេច ឲ្យ ខាន,"['ការធានា', 'ឲ្យបាន', 'កូន', 'ទទួលបាន', 'ការអប់រំ', 'គឺជា', 'មធ្យោបាយ', 'ដ៏', 'មាន', 'និរន្តភាព', 'កសាង', 'អនាគត', 'ពួកគេ', 'អ្វី', 'ឳពុក', 'ម្តាយ', 'គ្រប់', 'រូប', 'លះបង់', 'សម្រេច', 'ឲ្យ', 'ខាន']",35,22
365,pair2,negative,កំពុងតែរីករាយសុខៗក៏ស្រាប់តែទុក្ខរត់ចូលមកវាយទន្ទរានយកសុបិនដ៏ស្រស់បំព្រងឱ្យលង់ទៅក្នុងភាពច្របូកច្របល់ បង់ស្មារតីទប់ទល់លែងបាន។,កំពុងតែ រីករាយ សុខ ស្រាប់តែ ទុក្ខ រត់ ចូលមក វាយ ទន្ទរាន យក សុបិន ដ៏ ស្រស់បំព្រង ឱ្យ លង់ ទៅក្នុង ភាពច្របូកច្របល់ បង់ ស្មារតី ទប់ទល់ លែង,"['កំពុងតែ', 'រីករាយ', 'សុខ', 'ស្រាប់តែ', 'ទុក្ខ', 'រត់', 'ចូលមក', 'វាយ', 'ទន្ទរាន', 'យក', 'សុបិន', 'ដ៏', 'ស្រស់បំព្រង', 'ឱ្យ', 'លង់', 'ទៅក្នុង', 'ភាពច្របូកច្របល់', 'បង់', 'ស្មារតី', 'ទប់ទល់', 'លែង']",25,21
386,pair2,negative,គ្រប់យ៉ាងដែលខ្ញុំសរសេរនៅទីនេះ គ្រាន់តែជាបទពិសោធជីវិតដែលខ្ញុំបាន និង កំពុងតែឆ្លងកាត់ យ៉ាងវីវក់ ជាមួយនឹងគេនឹងឯង ហើយខ្ញុំយកអ្វីដែលខ្ញុំជួបផ្ទាល់ភាគច្រើន ដើម្បីស្រាយចម្ងល់ខាងលើ។,គ្រប់ យ៉ាង សរសេរ ទីនេះ គ្រាន់តែ បទពិសោធ ជីវិត កំពុងតែ ឆ្លងកាត់ យ៉ាង វីវក់ ជាមួយនឹង ឯង យក អ្វី ជួប ផ្ទាល់ ភាគ ច្រើន ស្រាយ ចម្ងល់ ខាងលើ,"['គ្រប់', 'យ៉ាង', 'សរសេរ', 'ទីនេះ', 'គ្រាន់តែ', 'បទពិសោធ', 'ជីវិត', 'កំពុងតែ', 'ឆ្លងកាត់', 'យ៉ាង', 'វីវក់', 'ជាមួយនឹង', 'ឯង', 'យក', 'អ្វី', 'ជួប', 'ផ្ទាល់', 'ភាគ', 'ច្រើន', 'ស្រាយ', 'ចម្ងល់', 'ខាងលើ']",38,22
541,pair3,neutral,នេះគ្រាន់តែជាជ្រុងមួយនៃគំនិតសម្រាប់ចែកពិចារណ៍ជាសាធារណ៍។,គ្រាន់តែ ជ្រុង នៃ គំនិត ចែក ពិចារណ៍ សាធារណ៍,"['គ្រាន់តែ', 'ជ្រុង', 'នៃ', 'គំនិត', 'ចែក', 'ពិចារណ៍', 'សាធារណ៍']",13,7
32,pair1,positive,ក្រៅពីទម្លាប់ទទួលទានល្អ អ្នកក៏អាចធ្វើឲ្យសុខភាពកាន់តែប្រសើរឡើងមួយកម្រិតទៀត តាមរយៈការហាត់ប្រាណទៀងទាត់ និងកាត់បន្ថយការទទួលទានគ្រឿងស្រវឹង។,ក្រៅពី ទម្លាប់ ទទួលទាន ល្អ ធ្វើឲ្យ សុខភាព កាន់តែ ប្រសើរឡើង កម្រិត ទៀត តាមរយៈ ការហាត់ប្រាណ ទៀងទាត់ កាត់បន្ថយ ការទទួលទាន គ្រឿងស្រវឹង,"['ក្រៅពី', 'ទម្លាប់', 'ទទួលទាន', 'ល្អ', 'ធ្វើឲ្យ', 'សុខភាព', 'កាន់តែ', 'ប្រសើរឡើង', 'កម្រិត', 'ទៀត', 'តាមរយៈ', 'ការហាត់ប្រាណ', 'ទៀងទាត់', 'កាត់បន្ថយ', 'ការទទួលទាន', 'គ្រឿងស្រវឹង']",22,16
120,pair1,neutral,ចំណុចខាងក្រោមទាំងនេះ ជាសញ្ញាបញ្ជាក់អំពីរបៀបដែលទម្លាប់ និង ស្ថានភាពកើតមានឡើងមួយចំនួន និង ដែលកើតឡើងជាទូទៅ អាចប្រើក្លាយទៅជាបញ្ហាធ្ងន់ធ្ងរ។,ចំណុច ខាងក្រោម សញ្ញា បញ្ជាក់ អំពី របៀប ទម្លាប់ ស្ថានភាព កើត មាន ឡើង មួយចំនួន កើតឡើង ជាទូទៅ ប្រើ ក្លាយទៅជា បញ្ហា ធ្ងន់ធ្ងរ,"['ចំណុច', 'ខាងក្រោម', 'សញ្ញា', 'បញ្ជាក់', 'អំពី', 'របៀប', 'ទម្លាប់', 'ស្ថានភាព', 'កើត', 'មាន', 'ឡើង', 'មួយចំនួន', 'កើតឡើង', 'ជាទូទៅ', 'ប្រើ', 'ក្លាយទៅជា', 'បញ្ហា', 'ធ្ងន់ធ្ងរ']",27,18
171,pair1,negative,យោងតាម អារ៉ាប៊ីសាអូឌីត ដែលជាមេដឹកនាំរបស់ក្រុមនេះ បានអះអាងថា៖«ការកាត់បន្ថយការផ្គត់ផ្គង់ប្រេងស្មើនឹងប្រហែល ២ ភាគរយនៃការផ្គត់ផ្គង់ប្រេងទូទាំងពិភពលោក គឺជាការឆ្លើយតបទៅនឹងកំណើនអត្រាការប្រាក់នៅលោកខាងលិច និងការធ្លាក់ចុះនៃសេដ្ឋកិច្ចពិភពលោក»។,យោង តាម អារ៉ាប៊ី សាអូឌីត មេដឹកនាំ ក្រុម អះអាង ថា៖ ការកាត់បន្ថយ ការផ្គត់ផ្គង់ ប្រេង ស្មើនឹង ប្រហែល ភាគរយ នៃ ការផ្គត់ផ្គង់ ប្រេង ទូទាំង ពិភពលោក គឺជា ការឆ្លើយតប ទៅនឹង កំណើន អត្រា ការប្រាក់ ខាងលិច ការធ្លាក់ចុះ នៃ សេដ្ឋកិច្ច ពិភពលោក,"['យោង', 'តាម', 'អារ៉ាប៊ី', 'សាអូឌីត', 'មេដឹកនាំ', 'ក្រុម', 'អះអាង', 'ថា៖', 'ការកាត់បន្ថយ', 'ការផ្គត់ផ្គង់', 'ប្រេង', 'ស្មើនឹង', 'ប្រហែល', 'ភាគរយ', 'នៃ', 'ការផ្គត់ផ្គង់', 'ប្រេង', 'ទូទាំង', 'ពិភពលោក', 'គឺជា', 'ការឆ្លើយតប', 'ទៅនឹង', 'កំណើន', 'អត្រា', 'ការប្រាក់', 'ខាងលិច', 'ការធ្លាក់ចុះ', 'នៃ', 'សេដ្ឋកិច្ច', 'ពិភពលោក']",42,30
152,pair1,neutral,គេវាយតម្លៃថាតំបន់ផ្នូរបុរាណនេះមានសាកសពជាលក្ខណៈម៉ាមមីរហូតដល់ជាងមួយលានឯណោះហើយកប់ក្នុងផ្នូរធ្វើអំពីថ្មកំបោរក្នុងជំរៅដល់ជិត៣០ម៉ែត្រទៅក្រោមកាលសម័យនោះ។,វាយតម្លៃ តំបន់ ផ្នូរ បុរាណ មាន សាកសព លក្ខណៈ ម៉ាមមី រហូតដល់ ជាង លាន ឯណោះ កប់ ផ្នូរ ធ្វើ អំពី ថ្ម កំបោរ ជំរៅ ជិត៣០ ម៉ែត្រ កាល សម័យ,"['វាយតម្លៃ', 'តំបន់', 'ផ្នូរ', 'បុរាណ', 'មាន', 'សាកសព', 'លក្ខណៈ', 'ម៉ាមមី', 'រហូតដល់', 'ជាង', 'លាន', 'ឯណោះ', 'កប់', 'ផ្នូរ', 'ធ្វើ', 'អំពី', 'ថ្ម', 'កំបោរ', 'ជំរៅ', 'ជិត៣០', 'ម៉ែត្រ', 'កាល', 'សម័យ']",36,23
507,pair3,neutral,"ថ្លែងពីព្រះនាងកេសកេសី,ទ្រង់ផ្ទំលក់ក្នុងរាត្រីបានយល់សប្តិឃើញតាចាស់ម្នាក់មកប្រាប់ថា:ព្រះរាជកុមារវរវង្សនេះហើយជាព្រះស្វាមីព្រះនាងពីអតីតកាល។",ថ្លែង ព្រះនាង កេស កេសី ទ្រង់ ផ្ទំលក់ រាត្រី យល់សប្តិ ឃើញ តា ចាស់ ម្នាក់ ប្រាប់ ព្រះរាជ កុមារ វរវង្ស ព្រះស្វាមី ព្រះនាង អតីតកាល,"['ថ្លែង', 'ព្រះនាង', 'កេស', 'កេសី', 'ទ្រង់', 'ផ្ទំលក់', 'រាត្រី', 'យល់សប្តិ', 'ឃើញ', 'តា', 'ចាស់', 'ម្នាក់', 'ប្រាប់', 'ព្រះរាជ', 'កុមារ', 'វរវង្ស', 'ព្រះស្វាមី', 'ព្រះនាង', 'អតីតកាល']",30,19
71,pair1,negative,ក្មេងជំទង់ដែលមានអាយុពី១២ ទៅ ១៨ ឆ្នាំ នាំមុខគេក្នុងការមិនបំពេញកាតព្វកិច្ចសុខភាពរបស់ពួកគេក្នុងការទទួលការចាក់វ៉ាក់សាំងបង្ការប្រឆាំងនឹងកូវីដ-១៩ និងវីរុសបំលែង។,ក្មេង ជំទង់ មាន អាយុ ១២ ១៨ ឆ្នាំ នាំមុខ ការ មិន បំពេញ កាតព្វកិច្ច សុខភាព ពួកគេ ការទទួល ការចាក់ វ៉ាក់សាំង បង្ការ ប្រឆាំង កូវីដ ១៩ វីរុស បំលែង,"['ក្មេង', 'ជំទង់', 'មាន', 'អាយុ', '១២', '១៨', 'ឆ្នាំ', 'នាំមុខ', 'ការ', 'មិន', 'បំពេញ', 'កាតព្វកិច្ច', 'សុខភាព', 'ពួកគេ', 'ការទទួល', 'ការចាក់', 'វ៉ាក់សាំង', 'បង្ការ', 'ប្រឆាំង', 'កូវីដ', '១៩', 'វីរុស', 'បំលែង']",34,23
153,pair1,negative,ហេតុការណ៍ដែលបានកើតឡើងលើក្មេងៗសិស្សសាលាកាលពីប៉ុន្មានថ្ងៃនេះគឺពិតជាពិបាកនឹងទទួលយកខ្លាំងណាស់,ហេតុការណ៍ កើតឡើង ក្មេង សិស្សសាលា កាលពី ប៉ុន្មាន ថ្ងៃ ពិតជា ពិបាក ទទួលយក ខ្លាំង ណាស់,"['ហេតុការណ៍', 'កើតឡើង', 'ក្មេង', 'សិស្សសាលា', 'កាលពី', 'ប៉ុន្មាន', 'ថ្ងៃ', 'ពិតជា', 'ពិបាក', 'ទទួលយក', 'ខ្លាំង', 'ណាស់']",19,12
369,pair2,negative,ប្រសិនបើសមត្ថកិច្ចរកឃើញថា សហជីពទ្រទ្រង់សិទ្ធិការងារ បុគ្គលិកកម្មករខ្មែរនៃក្រុមហ៊ុនណាហ្គា វើលដ៍ ដឹកនាំដោយឈ្មោះ ឈឹម ស៊ីថរ ទទួលថវិកាមិនស្របច្បាប់ មកធ្វើបាតុកម្មមិនស្របច្បាប់នេះ អាចនឹងត្រូវប្រឈមមុខច្បាប់ធ្ងន់ធ្ងរ ព្រោះវាជាការទទួលហិរញ្ញប្បទាន ខុសច្បាប់មកធ្វើសកម្មភាពប្រឆាំងនឹងកម្ពុជា។,ប្រសិនបើ សមត្ថកិច្ច រកឃើញ សហជីព ទ្រទ្រង់ សិទ្ធិ ការងារ បុគ្គលិក កម្មករ ខ្មែរ នៃ ក្រុមហ៊ុន ណាហ្គា វើលដ៍ ដឹកនាំ ឈ្មោះ ឈឹម ស៊ី ថរ ទទួល ថវិកា មិន ស្រប ច្បាប់ ធ្វើ បាតុកម្ម មិន ស្រប ច្បាប់ អាចនឹង ប្រឈមមុខ ច្បាប់ ធ្ងន់ធ្ងរ ការទទួល ហិរញ្ញប្បទាន ខុស ច្បាប់ ធ្វើ សកម្មភាព ប្រឆាំង កម្ពុជា,"['ប្រសិនបើ', 'សមត្ថកិច្ច', 'រកឃើញ', 'សហជីព', 'ទ្រទ្រង់', 'សិទ្ធិ', 'ការងារ', 'បុគ្គលិក', 'កម្មករ', 'ខ្មែរ', 'នៃ', 'ក្រុមហ៊ុន', 'ណាហ្គា', 'វើលដ៍', 'ដឹកនាំ', 'ឈ្មោះ', 'ឈឹម', 'ស៊ី', 'ថរ', 'ទទួល', 'ថវិកា', 'មិន', 'ស្រប', 'ច្បាប់', 'ធ្វើ', 'បាតុកម្ម', 'មិន', 'ស្រប', 'ច្បាប់', 'អាចនឹង', 'ប្រឈមមុខ', 'ច្បាប់', 'ធ្ងន់ធ្ងរ', 'ការទទួល', 'ហិរញ្ញប្បទាន', 'ខុស', 'ច្បាប់', 'ធ្វើ', 'សកម្មភាព', 'ប្រឆាំង', 'កម្ពុជា']",52,41
498,pair3,positive,ស្របតាមចក្ខុវិស័យរបស់រដ្ឋាភិបាលក្នុងការប្រែក្លាយស្ថានភាពសេដ្ឋកិច្ចរបស់ប្រទេសកម្ពុជាទៅជាប្រទេសមានប្រាក់ចំណូលមធ្យមកម្រិតខ្ពស់ឲ្យបាននៅក្នងឆ្នាំ ២០៣០ ការអប់រំបានក្លាយជាអាទិភាពចំបង។,ស្រប តាម ចក្ខុវិស័យ រដ្ឋាភិបាល ការប្រែក្លាយ ស្ថានភាព សេដ្ឋកិច្ច ប្រទេស កម្ពុជា ទៅជា ប្រទេស មាន ប្រាក់ ចំណូល មធ្យម កម្រិត ខ្ពស់ ឲ្យបាន នៅក្នង ឆ្នាំ ២០៣០ ការអប់រំ ក្លាយជា អាទិភាព ចំបង,"['ស្រប', 'តាម', 'ចក្ខុវិស័យ', 'រដ្ឋាភិបាល', 'ការប្រែក្លាយ', 'ស្ថានភាព', 'សេដ្ឋកិច្ច', 'ប្រទេស', 'កម្ពុជា', 'ទៅជា', 'ប្រទេស', 'មាន', 'ប្រាក់', 'ចំណូល', 'មធ្យម', 'កម្រិត', 'ខ្ពស់', 'ឲ្យបាន', 'នៅក្នង', 'ឆ្នាំ', '២០៣០', 'ការអប់រំ', 'ក្លាយជា', 'អាទិភាព', 'ចំបង']",30,25
559,pair3,negative,ទន្ទឹមនឹងពេលដែលភ្ញៀវទេសចរហូរចូលកម្ពុជារាប់លាននាក់ជារៀងរាល់ឆ្នាំ ប្រជាជនកម្ពុជាខ្លួនឯងផ្ទាល់ហាក់មិនសូវបានចាប់អារម្មណ៍ពីសម្បត្តិធម្មជាតិរបស់ខ្លួនឱយបានក្បោះក្បាយ។,ទន្ទឹមនឹង ភ្ញៀវ ទេសចរ ហូរ ចូល កម្ពុជា រាប់ លាន នាក់ ជារៀងរាល់ ឆ្នាំ ប្រជាជន កម្ពុជា ខ្លួន ឯង ផ្ទាល់ ហាក់ មិន សូវ ចាប់អារម្មណ៍ សម្បត្តិ ធម្មជាតិ ខ្លួន ឱយ ក្បោះក្បាយ,"['ទន្ទឹមនឹង', 'ភ្ញៀវ', 'ទេសចរ', 'ហូរ', 'ចូល', 'កម្ពុជា', 'រាប់', 'លាន', 'នាក់', 'ជារៀងរាល់', 'ឆ្នាំ', 'ប្រជាជន', 'កម្ពុជា', 'ខ្លួន', 'ឯង', 'ផ្ទាល់', 'ហាក់', 'មិន', 'សូវ', 'ចាប់អារម្មណ៍', 'សម្បត្តិ', 'ធម្មជាតិ', 'ខ្លួន', 'ឱយ', 'ក្បោះក្បាយ']",32,25
445,pair3,positive,ចំណុចនេះសំខាន់ជាងគេ បើការតាំងចិត្តធ្វើរបស់យើងមិនមានភាពជាប់លាប់ទេ យើងគ្មានថ្ងៃជោគជ័យនោះឡើយ។,ចំណុច សំខាន់ ជាង ការតាំងចិត្ត ធ្វើ មិន មាន ភាព ជាប់ លាប់ គ្មាន ថ្ងៃ ជោគជ័យ ឡើយ,"['ចំណុច', 'សំខាន់', 'ជាង', 'ការតាំងចិត្ត', 'ធ្វើ', 'មិន', 'មាន', 'ភាព', 'ជាប់', 'លាប់', 'គ្មាន', 'ថ្ងៃ', 'ជោគជ័យ', 'ឡើយ']",23,14
527,pair3,negative,ហើយមកដល់ពេលនេះទើបខ្ញុំដឹងថា តាមការពិតទៅគ្មាននរណាខ្វល់ខ្វាយពីយើងតាំងតែពីដំបូងម្ល៉េះ ព្រោះមនុស្សគ្រប់គ្នារវល់ខ្វល់ខ្វាយ និងគិតគូរពីរឿងរបស់គេដែរ,មកដល់ ពេលនេះ ទើប ដឹង តាម ការពិត គ្មាន នរណា ខ្វល់ខ្វាយ តាំងតែពី ដំបូង ម្ល៉េះ មនុស្ស គ្រប់ រវល់ ខ្វល់ខ្វាយ គិតគូរ រឿង,"['មកដល់', 'ពេលនេះ', 'ទើប', 'ដឹង', 'តាម', 'ការពិត', 'គ្មាន', 'នរណា', 'ខ្វល់ខ្វាយ', 'តាំងតែពី', 'ដំបូង', 'ម្ល៉េះ', 'មនុស្ស', 'គ្រប់', 'រវល់', 'ខ្វល់ខ្វាយ', 'គិតគូរ', 'រឿង']",31,18
98,pair1,negative,កាត់បន្ថយបុគ្គលគ្រាប់ល្ពៅនឹងមន្រតីគ្រាប់ល្ពៅមិនងាយអស់ទេអូនស្រីអើយ អូនជាអ្នកចេះដឹងកុំខ្វល់រឿងឥតប្រយោជន៍អី ខ្ញុំរង់ចាំមើល video អូនគ្រប់ពេលណា,កាត់បន្ថយ បុគ្គល គ្រាប់ ល្ពៅ មន្រតី គ្រាប់ ល្ពៅ មិន ងាយ អស់ អូន ស្រី អើយ អូន អ្នកចេះដឹង កុំ ខ្វល់ រឿង ឥត ប្រយោជន៍ រង់ចាំ មើល video អូន គ្រប់ ពេលណា,"['កាត់បន្ថយ', 'បុគ្គល', 'គ្រាប់', 'ល្ពៅ', 'មន្រតី', 'គ្រាប់', 'ល្ពៅ', 'មិន', 'ងាយ', 'អស់', 'អូន', 'ស្រី', 'អើយ', 'អូន', 'អ្នកចេះដឹង', 'កុំ', 'ខ្វល់', 'រឿង', 'ឥត', 'ប្រយោជន៍', 'រង់ចាំ', 'មើល', 'video', 'អូន', 'គ្រប់', 'ពេលណា']",31,26
462,pair3,neutral,បន្ទាប់ពីគង់ចាំព្រះវស្សាអស់រយៈពេល៣ខែរួចមក នៅថ្ងៃ១៥កើត ខែអស្សុជ ព្រះភិក្ខុសង្ឃគ្រប់អង្គនៅតាមទីវត្តអារាមនានាតែងប្រារព្ធពិធីបុណ្យបែបសាសនាមួយដែលមានឈ្មោះថា បវារណា ឬហៅថា បុណ្យចេញព្រះវស្សា ដែលជាពិធីមួយស្របតាមពុទ្ធវិន័យរបស់ព្រះពុទ្ធបរមគ្រូជាម្ចាស់នៃយើង។,បន្ទាប់ពី គង់ ចាំ ព្រះវស្សា អស់ រយៈពេល ៣ខែ ថ្ងៃ ១៥ កើត ខែ អស្សុជ ព្រះភិក្ខុ សង្ឃ គ្រប់ អង្គ តាម ទី វត្តអារាម នានា តែង ប្រារព្ធ ពិធី បុណ្យ បែប សាសនា មាន ឈ្មោះ វារណា ហៅ បុណ្យ ចេញ ព្រះវស្សា ពិធី ស្រប តាម ពុទ្ធ វិន័យ ព្រះពុទ្ធ បរម គ្រូ ម្ចាស់ នៃ,"['បន្ទាប់ពី', 'គង់', 'ចាំ', 'ព្រះវស្សា', 'អស់', 'រយៈពេល', '៣ខែ', 'ថ្ងៃ', '១៥', 'កើត', 'ខែ', 'អស្សុជ', 'ព្រះភិក្ខុ', 'សង្ឃ', 'គ្រប់', 'អង្គ', 'តាម', 'ទី', 'វត្តអារាម', 'នានា', 'តែង', 'ប្រារព្ធ', 'ពិធី', 'បុណ្យ', 'បែប', 'សាសនា', 'មាន', 'ឈ្មោះ', 'វារណា', 'ហៅ', 'បុណ្យ', 'ចេញ', 'ព្រះវស្សា', 'ពិធី', 'ស្រប', 'តាម', 'ពុទ្ធ', 'វិន័យ', 'ព្រះពុទ្ធ', 'បរម', 'គ្រូ', 'ម្ចាស់', 'នៃ']",60,43
145,pair1,neutral,លោកបានបន្ថែមថា រថយន្តបានឆ្លងកាត់ប្រទេសប៊ុលហ្គារី ហ្សកហ្ស៊ី អាមេនី អូសេទីខាងជើង និងតំបន់ Krasnodar របស់រុស្ស៊ី មុនពេលមកដល់លើស្ពាន។,បន្ថែម រថយន្ត ឆ្លងកាត់ ប្រទេស ប៊ុលហ្គារី ហ្សកហ្ស៊ី អាមេនី អូសេទី ខាងជើង តំបន់ Krasnodar រុស្ស៊ី មុនពេល មកដល់ ស្ពាន,"['បន្ថែម', 'រថយន្ត', 'ឆ្លងកាត់', 'ប្រទេស', 'ប៊ុលហ្គារី', 'ហ្សកហ្ស៊ី', 'អាមេនី', 'អូសេទី', 'ខាងជើង', 'តំបន់', 'Krasnodar', 'រុស្ស៊ី', 'មុនពេល', 'មកដល់', 'ស្ពាន']",23,15
382,pair2,negative,របាយការណ៍ដដែលបង្ហាញថា យុវវ័យម្នាក់ក្នុងចំណោម ៧នាក់ នៅទូទាំងសកលលោក ត្រូវបានគេរកឃើញថា កំពុងរស់នៅជាមួយវិបត្តិផ្លូវចិត្ត។,របាយការណ៍ ដដែល បង្ហាញ យុវវ័យ ម្នាក់ ចំណោម ៧នាក់ ទូទាំង សកលលោក ត្រូវបាន រកឃើញ កំពុង រស់ វិបត្តិ ផ្លូវចិត្ត,"['របាយការណ៍', 'ដដែល', 'បង្ហាញ', 'យុវវ័យ', 'ម្នាក់', 'ចំណោម', '៧នាក់', 'ទូទាំង', 'សកលលោក', 'ត្រូវបាន', 'រកឃើញ', 'កំពុង', 'រស់', 'វិបត្តិ', 'ផ្លូវចិត្ត']",23,15
419,pair3,positive,មួយវិញទៀត លោក ក៏បានកត់សម្គាល់ ឃើញថា អ្នកសារព័ត៌មានកម្ពុជា និងចិនបានបំពេញការងារប្រកបដោយវិជ្ជាជីវៈ ព្រោះពួកគេមានលក្ខណៈ ពិសេសបានផ្សាយនូវអ្វីជាសមិទ្ធផលនិងការរីកចម្រើនរបស់ប្រទេសទាំងពីរទៅកាន់ប្រជាជនទាំងក្នុងស្រុក និងសាកលលោកបានដឹង។,មួយវិញទៀត កត់សម្គាល់ ឃើញ អ្នកសារព័ត៌មាន កម្ពុជា ចិន បំពេញ ការងារ ប្រកបដោយ វិជ្ជាជីវៈ ពួកគេ មាន លក្ខណៈ ពិសេស ផ្សាយ នូវ អ្វី សមិទ្ធផល ការរីកចម្រើន ប្រទេស ទៅកាន់ ប្រជាជន ស្រុក សាកលលោក ដឹង,"['មួយវិញទៀត', 'កត់សម្គាល់', 'ឃើញ', 'អ្នកសារព័ត៌មាន', 'កម្ពុជា', 'ចិន', 'បំពេញ', 'ការងារ', 'ប្រកបដោយ', 'វិជ្ជាជីវៈ', 'ពួកគេ', 'មាន', 'លក្ខណៈ', 'ពិសេស', 'ផ្សាយ', 'នូវ', 'អ្វី', 'សមិទ្ធផល', 'ការរីកចម្រើន', 'ប្រទេស', 'ទៅកាន់', 'ប្រជាជន', 'ស្រុក', 'សាកលលោក', 'ដឹង']",43,25
187,pair1,negative,គេក៏បានបង្ហាញអំពីមន្ទិលសង្ស័យផងដែរនៅពេលដែលបណ្តាធនាគារកណ្តាលរបស់ប្រទេសនានាបានងាកទៅរកការរឹតបន្តឹងនូវគោលនយោបាយរូបិយវត្ថុ និងបង្ខំឱ្យរដ្ឋាភិបាលត្រូវរក្សាកញ្ចប់សង្គ្រោះសារពើពន្ធច្រើនជ្រុលសម្រាប់រយៈពេលវែងជាងការរំពឹងទុក។,បង្ហាញ អំពី មន្ទិល សង្ស័យ ផងដែរ បណ្តា ធនាគារ កណ្តាល ប្រទេស នានា ងាក រក ការរឹតបន្តឹង នូវ គោល នយោបាយ រូបិយវត្ថុ បង្ខំឱ្យ រដ្ឋាភិបាល រក្សា កញ្ចប់ សង្គ្រោះ សារពើពន្ធ ច្រើន ជ្រុល រយៈពេល វែង ជាង ការរំពឹងទុក,"['បង្ហាញ', 'អំពី', 'មន្ទិល', 'សង្ស័យ', 'ផងដែរ', 'បណ្តា', 'ធនាគារ', 'កណ្តាល', 'ប្រទេស', 'នានា', 'ងាក', 'រក', 'ការរឹតបន្តឹង', 'នូវ', 'គោល', 'នយោបាយ', 'រូបិយវត្ថុ', 'បង្ខំឱ្យ', 'រដ្ឋាភិបាល', 'រក្សា', 'កញ្ចប់', 'សង្គ្រោះ', 'សារពើពន្ធ', 'ច្រើន', 'ជ្រុល', 'រយៈពេល', 'វែង', 'ជាង', 'ការរំពឹងទុក']",42,29
177,pair1,neutral,ខ្ញុំកំពុងស្វែងរកប៊ិកប៊ែនតែខ្ញុំរកវាអត់ឃើញ,កំពុង ស្វែងរក ប៊ិក ប៊ែន រក អត់ ឃើញ,"['កំពុង', 'ស្វែងរក', 'ប៊ិក', 'ប៊ែន', 'រក', 'អត់', 'ឃើញ']",11,7
561,pair3,neutral,លើសពីនេះវិស័យកម្មន្តសាលមិនមែនកាត់ដេរ បានបន្តកំណើនដ៏រឹងមាំថែមទៀត។,លើស វិស័យ កម្មន្ត សាល មិន មែន កាត់ដេរ បន្ត កំណើន ដ៏ រឹងមាំ ថែម ទៀត,"['លើស', 'វិស័យ', 'កម្មន្ត', 'សាល', 'មិន', 'មែន', 'កាត់ដេរ', 'បន្ត', 'កំណើន', 'ដ៏', 'រឹងមាំ', 'ថែម', 'ទៀត']",17,13
201,pair2,positive,ផលិតដោយក្រុមហ៊ុន Lockheed Martin Corp ភាពត្រឹមត្រូវ និងរយៈចម្ងាយឆ្ងាយរបស់ HIMARS បានអនុញ្ញាតឱ្យទីក្រុងកៀវ ប្រឆាំងនឹងកាំភ្លើងធំរបស់រុស្ស៊ីយ៉ាងមានប្រសិទ្ធភាព។,ផលិត ក្រុមហ៊ុន Lockheed Martin Corp ភាពត្រឹមត្រូវ រយៈ ចម្ងាយ ឆ្ងាយ HIMARS អនុញ្ញាតឱ្យ ទីក្រុង កៀវ ប្រឆាំង កាំភ្លើង ធំ រុស្ស៊ី យ៉ាង មាន ប្រសិទ្ធភាព,"['ផលិត', 'ក្រុមហ៊ុន', 'Lockheed', 'Martin', 'Corp', 'ភាពត្រឹមត្រូវ', 'រយៈ', 'ចម្ងាយ', 'ឆ្ងាយ', 'HIMARS', 'អនុញ្ញាតឱ្យ', 'ទីក្រុង', 'កៀវ', 'ប្រឆាំង', 'កាំភ្លើង', 'ធំ', 'រុស្ស៊ី', 'យ៉ាង', 'មាន', 'ប្រសិទ្ធភាព']",27,20
348,pair2,positive,ជាងនេះទៅទៀត សាខាកំបូលក៏បានបំពាក់នូវអេក្រង់ LED នៅខាងមុខសាខា សម្រាប់ឲ្យអតិថិជនដែលធ្វើដំណើរឆ្លងកាត់តាមផ្លូវជាតិលេខ៤ អាចមើលវីដេអូដែលរៀបរាប់លម្អិតអំពីផលិតផល និងសេវាកម្មរបស់ធនាគារផងដែរ។,ជាង ទៀត សាខា កំបូល បំពាក់ នូវ អេក្រង់ LED ខាងមុខ សាខា ឲ្យ អតិថិជន ធ្វើដំណើរ ឆ្លងកាត់ តាម ផ្លូវ ជាតិ លេខ មើល វីដេអូ រៀបរាប់ លម្អិត អំពី ផលិតផល សេវាកម្ម ធនាគារ ផងដែរ,"['ជាង', 'ទៀត', 'សាខា', 'កំបូល', 'បំពាក់', 'នូវ', 'អេក្រង់', 'LED', 'ខាងមុខ', 'សាខា', 'ឲ្យ', 'អតិថិជន', 'ធ្វើដំណើរ', 'ឆ្លងកាត់', 'តាម', 'ផ្លូវ', 'ជាតិ', 'លេខ', 'មើល', 'វីដេអូ', 'រៀបរាប់', 'លម្អិត', 'អំពី', 'ផលិតផល', 'សេវាកម្ម', 'ធនាគារ', 'ផងដែរ']",40,27
275,pair2,negative,អ្នកស្រាវជ្រាវបានចាត់ទុកកូដដែលមាននៅក្នុងកម្មវិធី TikTok គឺវាស្មើនឹងការលួចដំឡើងកម្មវិធី keylogger ទៅក្នុងកម្មវិធីគេហទំព័រមួយចំនួន ដែលជនខិលខូចតែងតែប្រើដើម្បីលួចទាញយកទិន្នន័យរបស់អ្នកប្រើប្រាស់។,អ្នកស្រាវជ្រាវ ចាត់ទុក កូដ មាន នៅក្នុង កម្មវិធី TikTok ស្មើនឹង ការលួច ដំឡើង កម្មវិធី keylogger ទៅក្នុង កម្មវិធី គេហទំព័រ មួយចំនួន ជន ខិលខូច តែងតែ ប្រើ លួច ទាញយក ទិន្នន័យ អ្នកប្រើប្រាស់,"['អ្នកស្រាវជ្រាវ', 'ចាត់ទុក', 'កូដ', 'មាន', 'នៅក្នុង', 'កម្មវិធី', 'TikTok', 'ស្មើនឹង', 'ការលួច', 'ដំឡើង', 'កម្មវិធី', 'keylogger', 'ទៅក្នុង', 'កម្មវិធី', 'គេហទំព័រ', 'មួយចំនួន', 'ជន', 'ខិលខូច', 'តែងតែ', 'ប្រើ', 'លួច', 'ទាញយក', 'ទិន្នន័យ', 'អ្នកប្រើប្រាស់']",32,24
88,pair1,negative,(ភ្នំពេញ)៖ រយៈពេលលើស២៤ម៉ោងហើយដែលទណ្ឌិត សម រង្ស៊ី មិនទាន់បានឆ្លើយតបជាផ្លូវការថា តើខ្លួនហ៊ាន ឬមិនហ៊ានទទួលយកការបបួលភ្នាល់របស់លោក ហ៊ុន ម៉ាណែត ឬអត់ ខណៈដែលអ្នកនៅជុំវិញទណ្ឌិត សម រង្ស៊ី បានបដិសេធសំណើសុំភ្នាល់នេះរួចហើយ។,ភ្នំពេញ រយៈពេល លើស ២៤ ម៉ោង ទណ្ឌិត សម រង្ស៊ី មិន ទាន់ ឆ្លើយតប ផ្លូវការ តើ ខ្លួន ហ៊ាន មិន ហ៊ាន ទទួលយក ការបបួល ភ្នាល់ ហ៊ុន ម៉ាណែត អត់ ខណៈ ជុំវិញ ទណ្ឌិត សម រង្ស៊ី បដិសេធ សំណើ សុំ ភ្នាល់ រួចហើយ,"['ភ្នំពេញ', 'រយៈពេល', 'លើស', '២៤', 'ម៉ោង', 'ទណ្ឌិត', 'សម', 'រង្ស៊ី', 'មិន', 'ទាន់', 'ឆ្លើយតប', 'ផ្លូវការ', 'តើ', 'ខ្លួន', 'ហ៊ាន', 'មិន', 'ហ៊ាន', 'ទទួលយក', 'ការបបួល', 'ភ្នាល់', 'ហ៊ុន', 'ម៉ាណែត', 'អត់', 'ខណៈ', 'ជុំវិញ', 'ទណ្ឌិត', 'សម', 'រង្ស៊ី', 'បដិសេធ', 'សំណើ', 'សុំ', 'ភ្នាល់', 'រួចហើយ']",51,33
76,pair1,neutral,ចំពោះប្រភេទទូទៅបំផុតនៃការគេងមិនដកដង្ហើមផ្លូវខ្យល់ក្លាយជាស្ទះឬត្បៀតអំឡុងពេលគេង។,ប្រភេទ ទូទៅ បំផុត នៃ ការគេង មិន ដកដង្ហើម ផ្លូវ ខ្យល់ ក្លាយជា ស្ទះ ត្បៀត អំឡុង គេង,"['ប្រភេទ', 'ទូទៅ', 'បំផុត', 'នៃ', 'ការគេង', 'មិន', 'ដកដង្ហើម', 'ផ្លូវ', 'ខ្យល់', 'ក្លាយជា', 'ស្ទះ', 'ត្បៀត', 'អំឡុង', 'គេង']",18,14
408,pair3,negative,ចិត្តស្មោះរបស់ខ្ញុំ គ្មានតម្លៃសម្រាប់នាងឡើយ,ចិត្ត ស្មោះ គ្មាន តម្លៃ នាង ឡើយ,"['ចិត្ត', 'ស្មោះ', 'គ្មាន', 'តម្លៃ', 'នាង', 'ឡើយ']",9,6
43,pair1,positive,គោលបំណងនៃគោលដៅនេះ គឺពឹងផ្អែកលើការចាប់យកជំនាញ និងការកសាងសមត្ថភាពដើម្បីទទួលបាននូវចំណេះដឹងដែលកម្ពុជា និងប្រជាជនកម្ពុជាត្រូវការ។,គោលបំណង នៃ គោលដៅ ពឹងផ្អែក ការចាប់ យក ជំនាញ ការកសាង សមត្ថភាព ទទួលបាន នូវ ចំណេះដឹង កម្ពុជា ប្រជាជន កម្ពុជា ត្រូវការ,"['គោលបំណង', 'នៃ', 'គោលដៅ', 'ពឹងផ្អែក', 'ការចាប់', 'យក', 'ជំនាញ', 'ការកសាង', 'សមត្ថភាព', 'ទទួលបាន', 'នូវ', 'ចំណេះដឹង', 'កម្ពុជា', 'ប្រជាជន', 'កម្ពុជា', 'ត្រូវការ']",24,16
244,pair2,positive,អូ កុំភ្លេចគិតដល់ការបាត់បង់កម្លាំងចិត្ត ដែលស្ថិតនៅចន្លោះអ្នក និងរូបរាងសមសួនដែលអ្នកប្រាថ្នា។,អូ កុំ ភ្លេច គិត ការបាត់បង់ កម្លាំងចិត្ត ស្ថិត ចន្លោះ រូបរាង សម សួន ប្រាថ្នា,"['អូ', 'កុំ', 'ភ្លេច', 'គិត', 'ការបាត់បង់', 'កម្លាំងចិត្ត', 'ស្ថិត', 'ចន្លោះ', 'រូបរាង', 'សម', 'សួន', 'ប្រាថ្នា']",20,12
397,pair2,negative,យុវជន កាក់ សុវណ្ណច្ឆ័យ ត្រូវបានចៅក្រមសាលាដំបូងរាជធានីភ្នំពេញ ចោទប្រកាន់ពីបទ ញុះញង់បង្កឱ្យមានភាពវឹកវរធ្ងន់ធ្ងរដល់សន្តិសុខសង្គម និងបទប្រមាថចំពោះអ្នករាជការសាធារណៈ។,យុវជន កាក់ សុវណ្ណ ច្ឆ័យ ត្រូវបាន ចៅក្រម សាលាដំបូង រាជធានី ភ្នំពេញ ចោទប្រកាន់ បទ ញុះញង់ បង្កឱ្យ មាន ភាពវឹកវរ ធ្ងន់ធ្ងរ សន្តិសុខ សង្គម បទ ប្រមាថ រាជការ សាធារណៈ,"['យុវជន', 'កាក់', 'សុវណ្ណ', 'ច្ឆ័យ', 'ត្រូវបាន', 'ចៅក្រម', 'សាលាដំបូង', 'រាជធានី', 'ភ្នំពេញ', 'ចោទប្រកាន់', 'បទ', 'ញុះញង់', 'បង្កឱ្យ', 'មាន', 'ភាពវឹកវរ', 'ធ្ងន់ធ្ងរ', 'សន្តិសុខ', 'សង្គម', 'បទ', 'ប្រមាថ', 'រាជការ', 'សាធារណៈ']",28,22
146,pair1,positive,ការណ៍នេះធ្វើឱ្យវិស័យឯកជនមានទំនុកចិត្ត ក្នុងការវិនិយោគឡើងវិញ ឬវិនិយោគថ្មី ទៅលើវិស័យមួយនេះ ដែលជាសញ្ញាវិជ្ជមានមួយសម្រាប់ វិស័យទេសចរណ៍។,ការណ៍ ធ្វើឱ្យ វិស័យ ឯកជន មាន ទំនុកចិត្ត ការវិនិយោគ ឡើងវិញ វិនិយោគ ថ្មី វិស័យ សញ្ញា វិជ្ជមាន វិស័យ ទេសចរណ៍,"['ការណ៍', 'ធ្វើឱ្យ', 'វិស័យ', 'ឯកជន', 'មាន', 'ទំនុកចិត្ត', 'ការវិនិយោគ', 'ឡើងវិញ', 'វិនិយោគ', 'ថ្មី', 'វិស័យ', 'សញ្ញា', 'វិជ្ជមាន', 'វិស័យ', 'ទេសចរណ៍']",27,15
328,pair2,negative,យោងតាមទីភ្នាក់ងារគ្រោះមហន្តរាយបានឱ្យដឹងថា គ្រួសារសរុបជាង ២០០០០០ នៅក្នុងខេត្តចំនួន ៥៤ បានរងគ្រោះដោយសារទឹកជំនន់ក្នុងរយៈពេល ១០ ថ្ងៃរហូតដល់ថ្ងៃសៅរ៍។,យោង តាម ទីភ្នាក់ងារ គ្រោះមហន្តរាយ ឱ្យដឹង គ្រួសារ សរុប ជាង ២០០០០០ នៅក្នុង ខេត្ត ចំនួន ៥៤ រងគ្រោះ ដោយសារ ទឹក ជំនន់ រយៈពេល ១០ ថ្ងៃ រហូតដល់ ថ្ងៃសៅរ៍,"['យោង', 'តាម', 'ទីភ្នាក់ងារ', 'គ្រោះមហន្តរាយ', 'ឱ្យដឹង', 'គ្រួសារ', 'សរុប', 'ជាង', '២០០០០០', 'នៅក្នុង', 'ខេត្ត', 'ចំនួន', '៥៤', 'រងគ្រោះ', 'ដោយសារ', 'ទឹក', 'ជំនន់', 'រយៈពេល', '១០', 'ថ្ងៃ', 'រហូតដល់', 'ថ្ងៃសៅរ៍']",27,22
218,pair2,negative,ពួកយើងចំណាយពេលប្រហែល២០នាទី ទៅដល់កន្លែងអង្គុយរង់ចាំឡើងយន្តហោះអ៊ំស្រីអាវក្រហមនៅតែបន្តរអ៊ូដដែលថា ហ្អើយ! ថ្មើរនេះនៅហើយមិនទាន់មកដល់ទៀត សង្ស័យតែយន្តហោះចេញចោលណាស់។,ពួកយើង ចំណាយ ប្រហែល ២០ នាទី ទៅដល់ កន្លែង អង្គុយ រង់ចាំ ឡើង យន្តហោះ អ៊ំ ស្រី អាវ ក្រហម នៅតែ បន្ត រអ៊ូដ ហ្អើយ ថ្មើរ មិន ទាន់ មកដល់ ទៀត សង្ស័យ យន្តហោះ ចេញ ចោល ណាស់,"['ពួកយើង', 'ចំណាយ', 'ប្រហែល', '២០', 'នាទី', 'ទៅដល់', 'កន្លែង', 'អង្គុយ', 'រង់ចាំ', 'ឡើង', 'យន្តហោះ', 'អ៊ំ', 'ស្រី', 'អាវ', 'ក្រហម', 'នៅតែ', 'បន្ត', 'រអ៊ូដ', 'ហ្អើយ', 'ថ្មើរ', 'មិន', 'ទាន់', 'មកដល់', 'ទៀត', 'សង្ស័យ', 'យន្តហោះ', 'ចេញ', 'ចោល', 'ណាស់']",38,29
198,pair1,negative,"ទិញskincare មួយឈុត ប្រើ2,3ឆ្នាំមិនទាន់អស់ ទុកទាល់តែហួសដេឡេរួចបោះចោល ហើយតាំងមកអង្គុយឆ្ងល់ ហេតុអ្វីមុខមិនសរលោង និងមានសំណើមដូចគេ?",ទិញ skincare ឈុត ប្រើ ឆ្នាំ មិន ទាន់ អស់ ទុក ទាល់តែ ហួស ដេឡេ បោះចោល តាំង អង្គុយ ឆ្ងល់ ហេតុ អ្វី មុខ មិន សរលោង មាន សំណើម,"['ទិញ', 'skincare', 'ឈុត', 'ប្រើ', 'ឆ្នាំ', 'មិន', 'ទាន់', 'អស់', 'ទុក', 'ទាល់តែ', 'ហួស', 'ដេឡេ', 'បោះចោល', 'តាំង', 'អង្គុយ', 'ឆ្ងល់', 'ហេតុ', 'អ្វី', 'មុខ', 'មិន', 'សរលោង', 'មាន', 'សំណើម']",30,23
510,pair3,negative,តាមច្បាប់ត្រង់ចំណុចនេះ គេអាចចោទប្រកាន់ថា លោកអនុសេនីយ៍ឯក អ៊ុំ ឬ Kerler ថាធ្វើខុសច្បាប់ហើយ គឺខុសពីគោលការណ៍កំណត់ក្នុងប្រការ១ នៃសន្ធិសញ្ញាឆ្នាំ១៩០៤។,តាម ច្បាប់ ត្រង់ ចំណុច ចោទប្រកាន់ អនុ សេនីយ៍ ឯក អ៊ុំ Kerler ធ្វើ ខុស ច្បាប់ ខុសពី គោលការណ៍ កំណត់ ប្រការ១ នៃ សន្ធិសញ្ញា ឆ្នាំ ១៩០៤,"['តាម', 'ច្បាប់', 'ត្រង់', 'ចំណុច', 'ចោទប្រកាន់', 'អនុ', 'សេនីយ៍', 'ឯក', 'អ៊ុំ', 'Kerler', 'ធ្វើ', 'ខុស', 'ច្បាប់', 'ខុសពី', 'គោលការណ៍', 'កំណត់', 'ប្រការ១', 'នៃ', 'សន្ធិសញ្ញា', 'ឆ្នាំ', '១៩០៤']",32,21
533,pair3,negative,កាលមកដល់ថ្មីៗគ្មានអ្នកណានិយាយរកខ្ញុំទេខ្ញុំនៅត្រឹកៗម្នាក់ឯងធុញអើយសែនធុញបើកុំតែបងប្រុសស្នាក់ការធំខ្ញុំកាចម្ល៉េះខ្ញុំវិលទៅក្រចេះវិញបាត់ទៅហើយ,កាល មកដល់ ថ្មី គ្មាន អ្នកណា និយាយ រក ត្រឹក ម្នាក់ឯង ធុញ អើយ សែន ធុញ កុំ បង ប្រុស ស្នាក់ការធំ កាច ម្ល៉េះ វិល ក្រចេះ វិញ បាត់,"['កាល', 'មកដល់', 'ថ្មី', 'គ្មាន', 'អ្នកណា', 'និយាយ', 'រក', 'ត្រឹក', 'ម្នាក់ឯង', 'ធុញ', 'អើយ', 'សែន', 'ធុញ', 'កុំ', 'បង', 'ប្រុស', 'ស្នាក់ការធំ', 'កាច', 'ម្ល៉េះ', 'វិល', 'ក្រចេះ', 'វិញ', 'បាត់']",36,23
413,pair3,negative,លោក ឈុន សុខ ថ្លែងថា៖ អត់ធ្វើផ្លូវឱ្យគាត់វិញ៦ខ្សែ សព្វថ្ងៃគាត់អត់មានច្រកចេញចូល។,ឈុន សុខ ថ្លែង ថា៖ អត់ ធ្វើ ផ្លូវ ឱ្យ វិញ ៦ខ្សែ សព្វ ថ្ងៃ អត់ មាន ច្រក ចេញ ចូល,"['ឈុន', 'សុខ', 'ថ្លែង', 'ថា៖', 'អត់', 'ធ្វើ', 'ផ្លូវ', 'ឱ្យ', 'វិញ', '៦ខ្សែ', 'សព្វ', 'ថ្ងៃ', 'អត់', 'មាន', 'ច្រក', 'ចេញ', 'ចូល']",21,17
186,pair1,negative,តែទោះជាយ៉ាងណាក៏ដោយពូជស្រូវដែលនៅសល់ក៏វាពុំមានភាពសុទ្ធល្អដែលជាហេតុធ្វើឲ្យយើងទទួលបាននូវទិន្នផលទាប,ទោះជា យ៉ាងណា ក៏ដោយ ពូជ ស្រូវ នៅសល់ ពុំ មាន ភាព សុទ្ធ ល្អ ហេតុ ធ្វើឲ្យ ទទួលបាន នូវ ទិន្នផល ទាប,"['ទោះជា', 'យ៉ាងណា', 'ក៏ដោយ', 'ពូជ', 'ស្រូវ', 'នៅសល់', 'ពុំ', 'មាន', 'ភាព', 'សុទ្ធ', 'ល្អ', 'ហេតុ', 'ធ្វើឲ្យ', 'ទទួលបាន', 'នូវ', 'ទិន្នផល', 'ទាប']",24,17
232,pair2,neutral,"ជនជាប់ចោទទាំង៣៧នាក់ ក្នុងនោះមានលោក សម រង្ស៊ី, លោក អេង ឆៃអ៊ាង, លោក ឡុង រី, លោកស្រី មូរ សុខហួរ ព្រមទាំងសកម្មជនផ្សេងទៀត ដែលបច្ចុប្បន្ន អ្នកទាំងអស់នេះកំពុងនិរទេសខ្លួននៅក្រៅប្រទេស ខណៈជនជាប់ចោទដែលមានវត្តមានក្នុងបន្ទប់សវនាការ មានតែ៣នាក់ប៉ុណ្ណោះ។",ជនជាប់ចោទ ៣៧ នាក់ មាន សម រង្ស៊ី អេង ឆៃ អ៊ាង ឡុង រី លោកស្រី មូរ សុខ ហួរ ព្រមទាំង សកម្ម ជន ផ្សេង ទៀត បច្ចុប្បន្ន ទាំងអស់ កំពុង និរទេស ខ្លួន ក្រៅ ប្រទេស ខណៈ ជន ជាប់ចោទ មាន វត្តមាន បន្ទប់ សវនាការ មាន ៣នាក់ ប៉ុណ្ណោះ,"['ជនជាប់ចោទ', '៣៧', 'នាក់', 'មាន', 'សម', 'រង្ស៊ី', 'អេង', 'ឆៃ', 'អ៊ាង', 'ឡុង', 'រី', 'លោកស្រី', 'មូរ', 'សុខ', 'ហួរ', 'ព្រមទាំង', 'សកម្ម', 'ជន', 'ផ្សេង', 'ទៀត', 'បច្ចុប្បន្ន', 'ទាំងអស់', 'កំពុង', 'និរទេស', 'ខ្លួន', 'ក្រៅ', 'ប្រទេស', 'ខណៈ', 'ជន', 'ជាប់ចោទ', 'មាន', 'វត្តមាន', 'បន្ទប់', 'សវនាការ', 'មាន', '៣នាក់', 'ប៉ុណ្ណោះ']",54,37
351,pair2,positive,"មន្ត្រីរូបនេះបានបញ្ជាក់ទៀតថា៖ ""ជំនួយយោធាទាំងអស់នេះគឺដើម្បីជួយធានាថាប្រទេសអ៊ុយក្រែនទទួលបានជោគជ័យនៅក្នុងការប្រយុទ្ធតបតទៅវិញ [ប្រឆាំងនឹងរុស្ស៊ី] ""។",មន្ត្រី រូប បញ្ជាក់ ទៀត ថា៖ ជំនួយ យោធា ទាំងអស់ ជួយ ធានា ប្រទេស អ៊ុយក្រែន ទទួលបាន ជោគជ័យ នៅក្នុង ការប្រយុទ្ធ តបត វិញ ប្រឆាំង រុស្ស៊ី,"['មន្ត្រី', 'រូប', 'បញ្ជាក់', 'ទៀត', 'ថា៖', 'ជំនួយ', 'យោធា', 'ទាំងអស់', 'ជួយ', 'ធានា', 'ប្រទេស', 'អ៊ុយក្រែន', 'ទទួលបាន', 'ជោគជ័យ', 'នៅក្នុង', 'ការប្រយុទ្ធ', 'តបត', 'វិញ', 'ប្រឆាំង', 'រុស្ស៊ី']",33,20
119,pair1,neutral,នេះបើតាមរយៈសេចក្តីថ្លែងការណ៍របស់ក្រសួងការបរទេសកម្ពុជា ដែលបានចេញកាលពីយប់ថ្ងៃទី៤ ខែ តុលា ឆ្នាំ២០២២។,តាមរយៈ សេចក្តីថ្លែងការណ៍ ក្រសួង ការបរទេស កម្ពុជា ចេញ កាលពី យប់ ថ្ងៃទី៤ ខែ តុលា ឆ្នាំ ២០២២,"['តាមរយៈ', 'សេចក្តីថ្លែងការណ៍', 'ក្រសួង', 'ការបរទេស', 'កម្ពុជា', 'ចេញ', 'កាលពី', 'យប់', 'ថ្ងៃទី៤', 'ខែ', 'តុលា', 'ឆ្នាំ', '២០២២']",19,13
137,pair1,positive,យ៉ាងណា តាមរយៈជំនួបខាងលើនេះដែរ ភាគីទាំងពីរក៏បានគូសបញ្ជក់ជាថ្មីនូវការប្តេជ្ញាចិត្ត លើកកម្ពស់កិច្ចសហប្រតិបត្តិការវាងកម្ពុជា និងអូស្ត្រាលី ដើម្បីជំរុញវិស័យសេដ្ឋកិច្ច-ពាណិជ្ជកម្មទ្វេភាគីឱ្យកាន់តែរីកចម្រើនបន្ថែមទៀត៕,យ៉ាងណា តាមរយៈ ជំនួប ខាងលើ ភាគី គូសបញ្ជក់ ជាថ្មី នូវ ការប្តេជ្ញាចិត្ត លើកកម្ពស់ កិច្ចសហប្រតិបត្តិការ វាង កម្ពុជា អូស្ត្រាលី ជំរុញ វិស័យ សេដ្ឋកិច្ច ពាណិជ្ជកម្ម ទ្វេ ភាគី ឱ្យ កាន់តែ រីកចម្រើន បន្ថែម ទៀត,"['យ៉ាងណា', 'តាមរយៈ', 'ជំនួប', 'ខាងលើ', 'ភាគី', 'គូសបញ្ជក់', 'ជាថ្មី', 'នូវ', 'ការប្តេជ្ញាចិត្ត', 'លើកកម្ពស់', 'កិច្ចសហប្រតិបត្តិការ', 'វាង', 'កម្ពុជា', 'អូស្ត្រាលី', 'ជំរុញ', 'វិស័យ', 'សេដ្ឋកិច្ច', 'ពាណិជ្ជកម្ម', 'ទ្វេ', 'ភាគី', 'ឱ្យ', 'កាន់តែ', 'រីកចម្រើន', 'បន្ថែម', 'ទៀត']",35,25
104,pair1,negative,ជាថ្មីម្តងទៀត ទាំងនេះគឺជារឿងរ៉ាវដែលរដ្ឋាភិបាលលោក ហ៊ុន សែន ធ្វើឡើងដើម្បីដាក់សម្ពាធកាន់តែខ្លាំងមកលើកញ្ញា សេង ធារី និងដើម្បីធ្វើឱ្យជីវិតរបស់កញ្ញាកាន់តែវេទនា ព្រមទាំងព្យាយាមបំបាក់ស្មារតីកញ្ញា។,ជាថ្មី ម្តង ទៀត គឺជា រឿងរ៉ាវ រដ្ឋាភិបាល ហ៊ុន សែន ធ្វើឡើង ដាក់ សម្ពាធ កាន់តែ ខ្លាំង កញ្ញា សេង ធារី ធ្វើឱ្យ ជីវិត កញ្ញា កាន់តែ វេទនា ព្រមទាំង ព្យាយាម បំបាក់ ស្មារតី កញ្ញា,"['ជាថ្មី', 'ម្តង', 'ទៀត', 'គឺជា', 'រឿងរ៉ាវ', 'រដ្ឋាភិបាល', 'ហ៊ុន', 'សែន', 'ធ្វើឡើង', 'ដាក់', 'សម្ពាធ', 'កាន់តែ', 'ខ្លាំង', 'កញ្ញា', 'សេង', 'ធារី', 'ធ្វើឱ្យ', 'ជីវិត', 'កញ្ញា', 'កាន់តែ', 'វេទនា', 'ព្រមទាំង', 'ព្យាយាម', 'បំបាក់', 'ស្មារតី', 'កញ្ញា']",37,26
321,pair2,positive,តែពេលនេះ អ្នកស្រីឱ្យដឹងថា៖ ធួររាល់ថ្ងៃសម្រាប់ឆ្នាំ ២០២២ នេះ នៅមានមកខ្លះៗ ១ ខែ អ៊ីចឹងមានភ្ញៀវប្រហែល ៣-៤ ធួរអី អ៊ីចឹងគេនៅចាប់អារម្មណ៍។,ពេលនេះ អ្នកស្រី ឱ្យដឹង ថា៖ ធួរ រាល់ ថ្ងៃ ឆ្នាំ ២០២២ មាន ខ្លះ ខែ អ៊ីចឹង មាន ភ្ញៀវ ប្រហែល ធួរ អ៊ីចឹង ចាប់អារម្មណ៍,"['ពេលនេះ', 'អ្នកស្រី', 'ឱ្យដឹង', 'ថា៖', 'ធួរ', 'រាល់', 'ថ្ងៃ', 'ឆ្នាំ', '២០២២', 'មាន', 'ខ្លះ', 'ខែ', 'អ៊ីចឹង', 'មាន', 'ភ្ញៀវ', 'ប្រហែល', 'ធួរ', 'អ៊ីចឹង', 'ចាប់អារម្មណ៍']",32,19
278,pair2,positive,រកឃើញហើយត្រូវយកស្ត្រីនោះទៅសែនព្រេនក្នុងផ្ទះអ្នកជំងឺដើម្បីសុំខមាលទោស ទើបមេបាព្រមលើកលែងឲ្យអ្នកជំងឺនោះជាសះស្បើយវិញ។,រកឃើញ យក ស្ត្រី សែន ព្រេន ផ្ទះ អ្នកជំងឺ សុំ មាល ទោស ទើប មេបា ព្រម លើកលែង ឲ្យ អ្នកជំងឺ ជាសះស្បើយ វិញ,"['រកឃើញ', 'យក', 'ស្ត្រី', 'សែន', 'ព្រេន', 'ផ្ទះ', 'អ្នកជំងឺ', 'សុំ', 'មាល', 'ទោស', 'ទើប', 'មេបា', 'ព្រម', 'លើកលែង', 'ឲ្យ', 'អ្នកជំងឺ', 'ជាសះស្បើយ', 'វិញ']",27,18
25,pair1,negative,សូមកុំយកកូនបើសិនអ្នកគ្មានទំនួលខុសត្រូវភាពជាឪពុកម្តាយ,សូម កុំ យក កូន បើសិន គ្មាន ទំនួល ខុសត្រូវ ភាព ឪពុក ម្តាយ,"['សូម', 'កុំ', 'យក', 'កូន', 'បើសិន', 'គ្មាន', 'ទំនួល', 'ខុសត្រូវ', 'ភាព', 'ឪពុក', 'ម្តាយ']",13,11
63,pair1,negative,កាលពីចុងខែមិថុនា ឆ្នាំ២០២២ លោក ស ខេង ក៏ធ្លាប់បានបង្ហាញការព្រួយបារម្ភ ខ្លាចអន្តរជាតិដាក់ធនាគារជាតិនៃកម្ពុជាក្នុងបញ្ជីខ្មៅ ដែលជាហេតុធ្វើឱ្យប្រឈមហានិភ័យធំធេងផ្នែកសេដ្ឋកិច្ចនិងនយោបាយផងដែរ។,កាលពី ចុង ខែមិថុនា ឆ្នាំ ២០២២ ខេង ធ្លាប់ បង្ហាញ ការព្រួយបារម្ភ ខ្លាច អន្តរជាតិ ដាក់ ធនាគារ ជាតិ នៃ កម្ពុជា បញ្ជីខ្មៅ ហេតុ ធ្វើឱ្យ ប្រឈម ហានិភ័យ ធំ ធេង ផ្នែក សេដ្ឋកិច្ច នយោបាយ ផងដែរ,"['កាលពី', 'ចុង', 'ខែមិថុនា', 'ឆ្នាំ', '២០២២', 'ខេង', 'ធ្លាប់', 'បង្ហាញ', 'ការព្រួយបារម្ភ', 'ខ្លាច', 'អន្តរជាតិ', 'ដាក់', 'ធនាគារ', 'ជាតិ', 'នៃ', 'កម្ពុជា', 'បញ្ជីខ្មៅ', 'ហេតុ', 'ធ្វើឱ្យ', 'ប្រឈម', 'ហានិភ័យ', 'ធំ', 'ធេង', 'ផ្នែក', 'សេដ្ឋកិច្ច', 'នយោបាយ', 'ផងដែរ']",36,27
40,pair1,negative,ការផ្តន្ទាទោសទៅលើអ្នកទាំង១១នាក់ធ្វើឡើងនៅថ្ងៃទី១១ខែវិច្ឆិកាឆ្នាំ២០១៤។,ការផ្តន្ទាទោស ១១នាក់ ធ្វើឡើង ថ្ងៃទី ១១ ខែវិច្ឆិកា ឆ្នាំ ២០១៤,"['ការផ្តន្ទាទោស', '១១នាក់', 'ធ្វើឡើង', 'ថ្ងៃទី', '១១', 'ខែវិច្ឆិកា', 'ឆ្នាំ', '២០១៤']",14,8
590,pair3,neutral,តែការបូជា ការធ្វើចេតិយនៅផ្ទះ ដោយសារជំនឿ ដូចនៅកៀនស្វាយអី គេបូជានៅតាមផ្ទះអីចឹងទៅ។,ការបូជា ការធ្វើ ចេតិយ ផ្ទះ ដោយសារ ជំនឿ កៀន ស្វាយ បូជា តាម ផ្ទះ អីចឹង,"['ការបូជា', 'ការធ្វើ', 'ចេតិយ', 'ផ្ទះ', 'ដោយសារ', 'ជំនឿ', 'កៀន', 'ស្វាយ', 'បូជា', 'តាម', 'ផ្ទះ', 'អីចឹង']",21,12
486,pair3,neutral,អ្នកខ្លះប្រឹងធ្វើការទាំងឈឺ ទាំងជាមិនបានសម្រាក។,ខ្លះ ប្រឹង ធ្វើ ការ ឈឺ មិន សម្រាក,"['ខ្លះ', 'ប្រឹង', 'ធ្វើ', 'ការ', 'ឈឺ', 'មិន', 'សម្រាក']",13,7
5,pair1,positive,សម្រាប់គម្រោងមានម្ចាស់ជាវិនិយោគិនក្នុងស្រុក គឺដំណើរការទៅមុខធម្មតា។,គម្រោង មាន ម្ចាស់ វិនិយោគិន ស្រុក ដំណើរការ មុខ ធម្មតា,"['គម្រោង', 'មាន', 'ម្ចាស់', 'វិនិយោគិន', 'ស្រុក', 'ដំណើរការ', 'មុខ', 'ធម្មតា']",14,8
116,pair1,negative,រដ្ឋមន្ត្រីក្រសួងសុខាភិបាលតួកគី លោក Fahrettin Koca បានសរសេរនៅលើបណ្តាញសង្គមធ្វីតធើររបស់លោកថា មានមនុស្សចំនួន ២៨ នាក់បានស្លាប់បាត់បង់ជីវិត នៅក្នុងឧបទ្ទវហេតុនេះ ខណៈក្រុមសង្គ្រោះបន្ទាន់បានជួយសង្គ្រោះមនុស្សចំនួន ៥៨ នាក់ចេញពីអណ្តូងរ៉ែកើតហេតុ។,រដ្ឋមន្ត្រី ក្រសួង សុខាភិបាល តួកគី Fahrettin Koca សរសេរ នៅលើ បណ្តាញ សង្គម ធ្វីត ធើរ មាន មនុស្ស ចំនួន ២៨ នាក់ ស្លាប់ បាត់បង់ជីវិត នៅក្នុង ឧបទ្ទវហេតុ ខណៈ ក្រុម សង្គ្រោះ បន្ទាន់ ជួយសង្គ្រោះ មនុស្ស ចំនួន ៥៨ នាក់ ចេញ អណ្តូង រ៉ែ កើត ហេតុ,"['រដ្ឋមន្ត្រី', 'ក្រសួង', 'សុខាភិបាល', 'តួកគី', 'Fahrettin', 'Koca', 'សរសេរ', 'នៅលើ', 'បណ្តាញ', 'សង្គម', 'ធ្វីត', 'ធើរ', 'មាន', 'មនុស្ស', 'ចំនួន', '២៨', 'នាក់', 'ស្លាប់', 'បាត់បង់ជីវិត', 'នៅក្នុង', 'ឧបទ្ទវហេតុ', 'ខណៈ', 'ក្រុម', 'សង្គ្រោះ', 'បន្ទាន់', 'ជួយសង្គ្រោះ', 'មនុស្ស', 'ចំនួន', '៥៨', 'នាក់', 'ចេញ', 'អណ្តូង', 'រ៉ែ', 'កើត', 'ហេតុ']",45,35
380,pair2,neutral,អភិបាលក្រុងកៀវ លោក Vitali Klitschko បាននិយាយនៅលើប្រព័ន្ធផ្សព្វផ្សាយសង្គមថា ការផ្ទុះជាច្រើននៅក្នុងសង្កាត់ Shevchenkivskyi ដែលស្ថិតនៅកណ្តាលរដ្ឋធានី។,អភិបាល ក្រុង កៀវ Vitali Klitschko និយាយ នៅលើ ប្រព័ន្ធ ផ្សព្វផ្សាយ សង្គម ការផ្ទុះ ជាច្រើន នៅក្នុង សង្កាត់ Shevchenkivskyi ស្ថិត កណ្តាល រដ្ឋធានី,"['អភិបាល', 'ក្រុង', 'កៀវ', 'Vitali', 'Klitschko', 'និយាយ', 'នៅលើ', 'ប្រព័ន្ធ', 'ផ្សព្វផ្សាយ', 'សង្គម', 'ការផ្ទុះ', 'ជាច្រើន', 'នៅក្នុង', 'សង្កាត់', 'Shevchenkivskyi', 'ស្ថិត', 'កណ្តាល', 'រដ្ឋធានី']",24,18
33,pair1,positive,ក្នុងសម័យឌីជីថលនេះ តួនាទីរបស់ទូរសព្ទស្មាតហ្វូនមានសារៈសំខាន់ខ្លាំងណាស់ ក្នុងការគាំទ្រសកម្មភាពមនុស្ស។,សម័យ ឌីជីថល តួនាទី ទូរសព្ទ ស្មាតហ្វូន មាន សារៈសំខាន់ ខ្លាំង ណាស់ ការគាំទ្រ សកម្មភាព មនុស្ស,"['សម័យ', 'ឌីជីថល', 'តួនាទី', 'ទូរសព្ទ', 'ស្មាតហ្វូន', 'មាន', 'សារៈសំខាន់', 'ខ្លាំង', 'ណាស់', 'ការគាំទ្រ', 'សកម្មភាព', 'មនុស្ស']",17,12
532,pair3,negative,កាលពីយប់ថ្ងៃទី១០ ខែកញ្ញា ឆ្នាំ២០២២ មានករណីបុរសម្នាក់បានយកសំរាមទៅបោះចោលនៅទីសាធារណៈ ដែលមានទីតាំង ខាងក្រោងការាស់សាំងកាល់តិច ស្ថិតនៅភូមិ១ សង្កាត់លេខ២ ក្រុងព្រះសីហនុ។,កាលពី យប់ ថ្ងៃទី ១០ ខែកញ្ញា ឆ្នាំ ២០២២ មាន ករណី បុរស ម្នាក់ យក សំរាម បោះចោល ទី សាធារណៈ មាន ទីតាំង ខាងក្រោង ការាស់ សាំង កាល់ តិច ស្ថិត ភូមិ១ សង្កាត់ លេខ ក្រុង ព្រះសីហនុ,"['កាលពី', 'យប់', 'ថ្ងៃទី', '១០', 'ខែកញ្ញា', 'ឆ្នាំ', '២០២២', 'មាន', 'ករណី', 'បុរស', 'ម្នាក់', 'យក', 'សំរាម', 'បោះចោល', 'ទី', 'សាធារណៈ', 'មាន', 'ទីតាំង', 'ខាងក្រោង', 'ការាស់', 'សាំង', 'កាល់', 'តិច', 'ស្ថិត', 'ភូមិ១', 'សង្កាត់', 'លេខ', 'ក្រុង', 'ព្រះសីហនុ']",36,29
482,pair3,neutral,ខណៈដែលកន្ទោងសំចតត្រង់ណាគេដឹងថាកន្លែងនោះហើយដែលអាធនវាលាក់ខ្លួនពួនអាត្មាវា។,ខណៈ កន្ទោង សំចត ត្រង់ណា ដឹង កន្លែង អាធន លាក់ ខ្លួន ពួន អាត្មា,"['ខណៈ', 'កន្ទោង', 'សំចត', 'ត្រង់ណា', 'ដឹង', 'កន្លែង', 'អាធន', 'លាក់', 'ខ្លួន', 'ពួន', 'អាត្មា']",20,11
54,pair1,neutral,សវនាការលើកទី៦១ នេះ ជាសវនាការលើកទី២ ដែលតុលាការប្រើពេលពេញមួយថ្ងៃដេញដោលសាក្សី។,សវនាការ លើក ទី ៦១ សវនាការ លើក ទី២ តុលាការ ប្រើ ពេញ ថ្ងៃ ដេញដោល សាក្សី,"['សវនាការ', 'លើក', 'ទី', '៦១', 'សវនាការ', 'លើក', 'ទី២', 'តុលាការ', 'ប្រើ', 'ពេញ', 'ថ្ងៃ', 'ដេញដោល', 'សាក្សី']",19,13
303,pair2,neutral,ខ្ញុំគ្រោងសរសេរពាក្យបណ្តឹងទៅក្រុមប្រឹក្សាធម្មនុញ្ញដើម្បីឲ្យបដិសេធចំណារលោកហេងសំរិននិងសុំឲ្យក្រុមប្រឹក្សាធម្មនុញ្ញបកស្រាយពីមាត្រា៩៦ថាតើប្រធានសភាមានសិទ្ធិបដិសេធលិខិតតំណាងរាស្ត្រដោយមិនបញ្ជូនទៅអ៊ីចឹងដែរឬ?,គ្រោង សរសេរ ពាក្យ បណ្តឹង ក្រុមប្រឹក្សា ធម្មនុញ្ញ ដើម្បីឲ្យ បដិសេធ ចំណារ ហេង សំរិន សុំឲ្យ ក្រុមប្រឹក្សា ធម្មនុញ្ញ បកស្រាយ មាត្រា ៩៦ តើ ប្រធាន សភា មាន សិទ្ធិ បដិសេធ លិខិត តំណាងរាស្ត្រ មិន បញ្ជូន អ៊ីចឹង,"['គ្រោង', 'សរសេរ', 'ពាក្យ', 'បណ្តឹង', 'ក្រុមប្រឹក្សា', 'ធម្មនុញ្ញ', 'ដើម្បីឲ្យ', 'បដិសេធ', 'ចំណារ', 'ហេង', 'សំរិន', 'សុំឲ្យ', 'ក្រុមប្រឹក្សា', 'ធម្មនុញ្ញ', 'បកស្រាយ', 'មាត្រា', '៩៦', 'តើ', 'ប្រធាន', 'សភា', 'មាន', 'សិទ្ធិ', 'បដិសេធ', 'លិខិត', 'តំណាងរាស្ត្រ', 'មិន', 'បញ្ជូន', 'អ៊ីចឹង']",39,28
575,pair3,positive,សុវណ្ណាភូមិ ឡាយហ្វ៍ គឺជាផ្នែកមួយនៃក្រុមហ៊ុន Canadia Investment Holdings និង Muang Thai Life របស់ប្រទេសថៃ ដែលកំពុងពង្រឹងផែនការទីផ្សាររបស់ខ្លួនសម្រាប់រយៈពេលច្រើនឆ្នាំទៅមុខ ខណៈឧស្សាហកម្មនេះ កំពុងប្រកួតប្រជែងជាមួយក្រុមហ៊ុនចំណូលថ្មីនៅក្នុងទីផ្សារធានារ៉ាប់រងអាយុជីវិត។,សុវណ្ណា ភូមិ ឡាយ ហ្វ៍ គឺជា ផ្នែក នៃ ក្រុមហ៊ុន Canadia Investment Holdings Muang Thai Life ប្រទេស ថៃ កំពុង ពង្រឹង ផែនការ ទីផ្សារ ខ្លួន រយៈពេល ច្រើន ឆ្នាំ មុខ ខណៈ ឧស្សាហកម្ម កំពុង ប្រកួតប្រជែង ក្រុមហ៊ុន ចំណូល ថ្មី នៅក្នុង ទីផ្សារ ធានារ៉ាប់រង អាយុជីវិត,"['សុវណ្ណា', 'ភូមិ', 'ឡាយ', 'ហ្វ៍', 'គឺជា', 'ផ្នែក', 'នៃ', 'ក្រុមហ៊ុន', 'Canadia', 'Investment', 'Holdings', 'Muang', 'Thai', 'Life', 'ប្រទេស', 'ថៃ', 'កំពុង', 'ពង្រឹង', 'ផែនការ', 'ទីផ្សារ', 'ខ្លួន', 'រយៈពេល', 'ច្រើន', 'ឆ្នាំ', 'មុខ', 'ខណៈ', 'ឧស្សាហកម្ម', 'កំពុង', 'ប្រកួតប្រជែង', 'ក្រុមហ៊ុន', 'ចំណូល', 'ថ្មី', 'នៅក្នុង', 'ទីផ្សារ', 'ធានារ៉ាប់រង', 'អាយុជីវិត']",46,36
12,pair1,positive,អ្នកនាំពាក្យរដ្ឋសភាលោក ឡេង ប៉េងឡុង ប្រាប់វិទ្យុអាស៊ីសេរីថា ខាងលោកបានទទួលលិខិតពីរដ្ឋាភិបាលដែលស្នើសុំរដ្ឋសភារៀបចំបោះឆ្នោតផ្តល់សេចក្តីទុកចិត្តនៃការបំពេញបន្ថែមសមាសភាពសមាជិករដ្ឋាភិបាលដល់លោក ឌិត ទីណា ជារដ្ឋមន្ត្រីក្រសួងកសិកម្ម រុក្ខាប្រមាញ់ និងនេសាទ។,អ្នកនាំពាក្យ រដ្ឋសភា ឡេង ប៉េង ឡុង ប្រាប់ វិទ្យុ អាស៊ី សេរី ខាង ទទួល លិខិត រដ្ឋាភិបាល ស្នើសុំ រដ្ឋសភា រៀបចំ បោះឆ្នោត ផ្តល់ សេចក្តីទុកចិត្ត នៃ ការបំពេញ បន្ថែម សមាសភាព សមាជិក រដ្ឋាភិបាល ឌិត ទីណា រដ្ឋមន្ត្រី ក្រសួង កសិកម្ម រុក្ខា ប្រមាញ់ នេសាទ,"['អ្នកនាំពាក្យ', 'រដ្ឋសភា', 'ឡេង', 'ប៉េង', 'ឡុង', 'ប្រាប់', 'វិទ្យុ', 'អាស៊ី', 'សេរី', 'ខាង', 'ទទួល', 'លិខិត', 'រដ្ឋាភិបាល', 'ស្នើសុំ', 'រដ្ឋសភា', 'រៀបចំ', 'បោះឆ្នោត', 'ផ្តល់', 'សេចក្តីទុកចិត្ត', 'នៃ', 'ការបំពេញ', 'បន្ថែម', 'សមាសភាព', 'សមាជិក', 'រដ្ឋាភិបាល', 'ឌិត', 'ទីណា', 'រដ្ឋមន្ត្រី', 'ក្រសួង', 'កសិកម្ម', 'រុក្ខា', 'ប្រមាញ់', 'នេសាទ']",44,33
276,pair2,neutral,លើសពីនេះ ក៏ជាឱកាសផ្សព្វផ្សាយពីប្រធានបទរបស់កីឡាអាស៊ី ដែលផ្តោតសំខាន់ «កីឡាដើម្បីទាំងអស់គ្នា»។,លើស ឱកាស ផ្សព្វផ្សាយ ប្រធានបទ កីឡា អាស៊ី ផ្តោត សំខាន់ កីឡា ទាំងអស់,"['លើស', 'ឱកាស', 'ផ្សព្វផ្សាយ', 'ប្រធានបទ', 'កីឡា', 'អាស៊ី', 'ផ្តោត', 'សំខាន់', 'កីឡា', 'ទាំងអស់']",22,10
497,pair3,positive,(ភ្នំពេញ)៖ ឯកអគ្គរដ្ឋទូតថ្មីនៃស្ថានទូតតួកគីប្រចាំកម្ពុជា លោកស្រី អ៊ូលឃូ កូចេអ៊ែហ្វ៊ែ (ÜLKÜ KOCAEFE) បានប្តេជ្ញាជំរុញឱ្យមានជើងហោះហើរត្រង់កម្ពុជា-តួកគីឱ្យបានក្នុងអាណត្តិបេសកកម្មរបស់លោកស្រី។,ភ្នំពេញ ឯក អគ្គ រដ្ឋទូត ថ្មី នៃ ស្ថានទូត តួកគី ប្រចាំ កម្ពុជា លោកស្រី អ៊ូល ឃូ កូចេអ៊ែហ្វ៊ែ LK KOCAEFE ប្តេជ្ញា ជំរុញ ឱ្យ មាន ជើងហោះហើរ ត្រង់ កម្ពុជា តួកគី ឱ្យ អាណត្តិ បេសកកម្ម លោកស្រី,"['ភ្នំពេញ', 'ឯក', 'អគ្គ', 'រដ្ឋទូត', 'ថ្មី', 'នៃ', 'ស្ថានទូត', 'តួកគី', 'ប្រចាំ', 'កម្ពុជា', 'លោកស្រី', 'អ៊ូល', 'ឃូ', 'កូចេអ៊ែហ្វ៊ែ', 'LK', 'KOCAEFE', 'ប្តេជ្ញា', 'ជំរុញ', 'ឱ្យ', 'មាន', 'ជើងហោះហើរ', 'ត្រង់', 'កម្ពុជា', 'តួកគី', 'ឱ្យ', 'អាណត្តិ', 'បេសកកម្ម', 'លោកស្រី']",37,28
109,pair1,negative,បើសិនជាមានរឿងនេះមេបាខ្លះគេប្រកាន់ គេនឹងទៅតាមកាច់សមាជិកគ្រួសារណាម្នាក់ឲ្យឈឺ រហូតតាមរកស្រតីប្រព្រឹត្តកំហុសនោះឃើញតាមរយៈបូលពងមាន់។,បើសិនជា មាន រឿង មេបា ខ្លះ ប្រកាន់ តាម កាច់ សមាជិក គ្រួសារ ម្នាក់ ឲ្យ ឈឺ តាម រក ស្រតី ប្រព្រឹត្ត កំហុស ឃើញ តាមរយៈ បូល ពង មាន់,"['បើសិនជា', 'មាន', 'រឿង', 'មេបា', 'ខ្លះ', 'ប្រកាន់', 'តាម', 'កាច់', 'សមាជិក', 'គ្រួសារ', 'ម្នាក់', 'ឲ្យ', 'ឈឺ', 'តាម', 'រក', 'ស្រតី', 'ប្រព្រឹត្ត', 'កំហុស', 'ឃើញ', 'តាមរយៈ', 'បូល', 'ពង', 'មាន់']",32,23
467,pair3,positive,នៅក្នុងខែកញ្ញា ឆ្នាំ ២០១៥ មហាសន្និបាតអង្គការសហប្រជាជាតិ បានអនុម័តនូវរបៀបវារៈឆ្នាំ ២០៣០ ថ្មី សម្រាប់ការអភិវឌ្ឍប្រកបដោយចីរភាព។,នៅក្នុង ខែកញ្ញា ឆ្នាំ ២០១៥ មហាសន្និបាត អង្គការ សហ ប្រជាជាតិ អនុម័ត នូវ របៀបវារៈ ឆ្នាំ ២០៣០ ថ្មី ការអភិវឌ្ឍ ប្រកបដោយ ចីរភាព,"['នៅក្នុង', 'ខែកញ្ញា', 'ឆ្នាំ', '២០១៥', 'មហាសន្និបាត', 'អង្គការ', 'សហ', 'ប្រជាជាតិ', 'អនុម័ត', 'នូវ', 'របៀបវារៈ', 'ឆ្នាំ', '២០៣០', 'ថ្មី', 'ការអភិវឌ្ឍ', 'ប្រកបដោយ', 'ចីរភាព']",20,17
217,pair2,negative,រាជធានីភ្នំពេញ៖ សម្តេចតេជោ ហ៊ុន សែន នាយករដ្ឋមន្ត្រីនៃកម្ពុជា បានផ្តាំផ្ញើទៅអ្នកមិនព្រមស្ម័គ្រចិត្តរុះរើសចេញពីតំបន់អង្គរថា នៅពេលដែលដល់ពេលកំណត់ហើយ នៅតែមិនព្រមចេញ សម្តេច..មិនសុខចិត្តឱ្យអង្គរវត្តត្រូវគេដកចេញពីបេតិកភណ្ឌពិភពលោកទេ ច្បាស់ជាដកគ្រួសារទាំងនោះចេញហើយ...។,រាជធានី ភ្នំពេញ៖ សម្តេច តេជោ ហ៊ុន សែន នាយក រដ្ឋមន្ត្រី នៃ កម្ពុជា ផ្តាំផ្ញើ មិន ព្រម ស្ម័គ្រចិត្ត រុះរើស ចេញ តំបន់ អង្គរ កំណត់ នៅតែ មិន ព្រម ចេញ សម្តេច មិន សុខចិត្ត ឱ្យ អង្គរវត្ត ដក ចេញ បេតិកភណ្ឌ ពិភពលោក ច្បាស់ជា ដក គ្រួសារ ទាំងនោះ ចេញ,"['រាជធានី', 'ភ្នំពេញ៖', 'សម្តេច', 'តេជោ', 'ហ៊ុន', 'សែន', 'នាយក', 'រដ្ឋមន្ត្រី', 'នៃ', 'កម្ពុជា', 'ផ្តាំផ្ញើ', 'មិន', 'ព្រម', 'ស្ម័គ្រចិត្ត', 'រុះរើស', 'ចេញ', 'តំបន់', 'អង្គរ', 'កំណត់', 'នៅតែ', 'មិន', 'ព្រម', 'ចេញ', 'សម្តេច', 'មិន', 'សុខចិត្ត', 'ឱ្យ', 'អង្គរវត្ត', 'ដក', 'ចេញ', 'បេតិកភណ្ឌ', 'ពិភពលោក', 'ច្បាស់ជា', 'ដក', 'គ្រួសារ', 'ទាំងនោះ', 'ចេញ']",56,37
522,pair3,positive,ភ្នំពេញ PropNex Cambodia ដែលជាក្រុមហ៊ុនបុត្រសម្ព័ន្ធរបស់ក្រុមហ៊ុនអចលនទ្រព្យដ៏ធំមានមូលដ្ឋាននៅក្នុងប្រទេសសិង្ហបុរី PropNex បានប្រកាសចូលក្នុងទីផ្សារអចលនទ្រព្យកម្ពុជាជាផ្លូវការជាមួយទស្សនវិស័យពង្រីកភ្នាក់ងារលក់មានវិជ្ជាជីវៈឱ្យដល់ចំនួន ១ ០០០ នាក់ ត្រឹមឆ្នាំ ២០២៣។,ភ្នំពេញ PropNex Cambodia ក្រុមហ៊ុន បុត្រ សម្ព័ន្ធ ក្រុមហ៊ុន អចលន ទ្រព្យ ដ៏ ធំ មាន មូលដ្ឋាន នៅក្នុង ប្រទេស សិង្ហបុរី PropNex ប្រកាស ចូលក្នុង ទីផ្សារ អចលន ទ្រព្យ កម្ពុជា ផ្លូវការ ទស្សនវិស័យ ពង្រីក ភ្នាក់ងារ លក់ មាន វិជ្ជាជីវៈ ឱ្យ ចំនួន ០០០ នាក់ ត្រឹម ឆ្នាំ ២០២៣,"['ភ្នំពេញ', 'PropNex', 'Cambodia', 'ក្រុមហ៊ុន', 'បុត្រ', 'សម្ព័ន្ធ', 'ក្រុមហ៊ុន', 'អចលន', 'ទ្រព្យ', 'ដ៏', 'ធំ', 'មាន', 'មូលដ្ឋាន', 'នៅក្នុង', 'ប្រទេស', 'សិង្ហបុរី', 'PropNex', 'ប្រកាស', 'ចូលក្នុង', 'ទីផ្សារ', 'អចលន', 'ទ្រព្យ', 'កម្ពុជា', 'ផ្លូវការ', 'ទស្សនវិស័យ', 'ពង្រីក', 'ភ្នាក់ងារ', 'លក់', 'មាន', 'វិជ្ជាជីវៈ', 'ឱ្យ', 'ចំនួន', '០០០', 'នាក់', 'ត្រឹម', 'ឆ្នាំ', '២០២៣']",46,37
225,pair2,negative,ខ្ញុំគិតថាខ្ញុំផ្តាសាយហើយ,គិត ផ្តាសាយ,"['គិត', 'ផ្តាសាយ']",6,2
530,pair3,positive,ចំណែក កីឡាករ ឈុត សេរីវ៉ាន់ថង នៅតែរក្សាទម្រង់ប្រកួតបានយ៉ាងល្អ ដោយរូបគេបានយកឈ្នះពិន្ទុមិត្តរួមក្រុមជម្រើសជាតិ វ៉ាន់ វឿន បន្ទាប់ពីតស៊ូគ្នាពេញ៥ទឹកមកនោះ។,ចំណែក កីឡាករ ឈុត សេរី វ៉ាន់ ថង នៅតែ រក្សា ទម្រង់ ប្រកួត យ៉ាង ល្អ រូប យកឈ្នះ ពិន្ទុ មិត្ត រួម ក្រុម ជម្រើសជាតិ វ៉ាន់ វឿន បន្ទាប់ពី តស៊ូ ពេញ ៥ទឹក,"['ចំណែក', 'កីឡាករ', 'ឈុត', 'សេរី', 'វ៉ាន់', 'ថង', 'នៅតែ', 'រក្សា', 'ទម្រង់', 'ប្រកួត', 'យ៉ាង', 'ល្អ', 'រូប', 'យកឈ្នះ', 'ពិន្ទុ', 'មិត្ត', 'រួម', 'ក្រុម', 'ជម្រើសជាតិ', 'វ៉ាន់', 'វឿន', 'បន្ទាប់ពី', 'តស៊ូ', 'ពេញ', '៥ទឹក']",33,25
60,pair1,positive,សាលាអន្តរជាតិសិង្ហបុរី (SCIA) ព្យាយាមនាំមកនូវការអប់រំស្តង់ដាសិង្ហបុរីដែលមានគុណភាពខ្ពស់មកកាន់រាជធានីភ្នំពេញ។,សាលា អន្តរជាតិ សិង្ហបុរី SCIA ព្យាយាម នាំមក នូវ ការអប់រំ ស្តង់ដា សិង្ហបុរី មាន គុណភាព ខ្ពស់ មកកាន់ រាជធានី ភ្នំពេញ,"['សាលា', 'អន្តរជាតិ', 'សិង្ហបុរី', 'SCIA', 'ព្យាយាម', 'នាំមក', 'នូវ', 'ការអប់រំ', 'ស្តង់ដា', 'សិង្ហបុរី', 'មាន', 'គុណភាព', 'ខ្ពស់', 'មកកាន់', 'រាជធានី', 'ភ្នំពេញ']",18,16
101,pair1,positive,"ព្រះអង្គជ័យ ស្តេចទ្រង់ទសពិធរាជធម៌ ប្រសើរណាស់, អាណាប្រជានុរាស្តរក្នុងព្រះនគរបានសុខក្សេមក្សាន្ត ឥតមានសឹកសត្រូវអ្វីឡើយ។",ព្រះអង្គ ជ័យ ស្តេច ទ្រង់ ទស ពិធ រាជធម៌ ប្រសើរ ណាស់ អាណា ប្រជានុរាស្តរ ព្រះនគរ សុខ ក្សេមក្សាន្ត ឥត មាន សឹក សត្រូវ អ្វី ឡើយ,"['ព្រះអង្គ', 'ជ័យ', 'ស្តេច', 'ទ្រង់', 'ទស', 'ពិធ', 'រាជធម៌', 'ប្រសើរ', 'ណាស់', 'អាណា', 'ប្រជានុរាស្តរ', 'ព្រះនគរ', 'សុខ', 'ក្សេមក្សាន្ត', 'ឥត', 'មាន', 'សឹក', 'សត្រូវ', 'អ្វី', 'ឡើយ']",24,20
21,pair1,positive,ពួកយើងក៏បានចុះចតនៅអាកាសយានដ្ឋានទីក្រុងបាងកក ហើយក៏បន្តជើងយន្តហោះ ទៅខេត្តឈៀងម៉ៃដោយសុវត្ថិភាព នៅវេលាម៉ោងប្រហែល៤រសៀល។,ពួកយើង ចុះចត អាកាសយានដ្ឋាន ទីក្រុង បាងកក ហើយក៏ បន្ត ជើង យន្តហោះ ខេត្ត ឈៀង ម៉ៃ សុវត្ថិភាព វេលា ម៉ោង ប្រហែល ៤រសៀល,"['ពួកយើង', 'ចុះចត', 'អាកាសយានដ្ឋាន', 'ទីក្រុង', 'បាងកក', 'ហើយក៏', 'បន្ត', 'ជើង', 'យន្តហោះ', 'ខេត្ត', 'ឈៀង', 'ម៉ៃ', 'សុវត្ថិភាព', 'វេលា', 'ម៉ោង', 'ប្រហែល', '៤រសៀល']",24,17
272,pair2,negative,ទឹកជំនន់ ជំងឺសារវាស្គាល់អាធ្លាក់រដូវភ្លៀងមកម្តង ២ដង វាចាប់ផ្តើមជួនកាលទៅវាស៊ីប៉ះថ្នាំពុលណាបង ក្របីនេះដល់ពេលជំងឺប៉ះថ្នាំពុលហើមតែពោះធម្មតា ប៉ះណាទៅឈឺប្រកាច់យកតែម្តង»។,ទឹក ជំនន់ ជំងឺ សារ ស្គាល់ អាធ្លាក់ រដូវ ភ្លៀង ម្តង ២ដង ចាប់ផ្តើម ជួនកាល ស៊ី ប៉ះ ថ្នាំ ពុល បង ក្របី ជំងឺ ប៉ះ ថ្នាំ ពុល ហើម ពោះ ធម្មតា ប៉ះ ឈឺ ប្រកាច់ យក តែម្តង,"['ទឹក', 'ជំនន់', 'ជំងឺ', 'សារ', 'ស្គាល់', 'អាធ្លាក់', 'រដូវ', 'ភ្លៀង', 'ម្តង', '២ដង', 'ចាប់ផ្តើម', 'ជួនកាល', 'ស៊ី', 'ប៉ះ', 'ថ្នាំ', 'ពុល', 'បង', 'ក្របី', 'ជំងឺ', 'ប៉ះ', 'ថ្នាំ', 'ពុល', 'ហើម', 'ពោះ', 'ធម្មតា', 'ប៉ះ', 'ឈឺ', 'ប្រកាច់', 'យក', 'តែម្តង']",44,30
274,pair2,positive,លើសពីនោះ លោកសង្ឃឹមថា ហ្វីលីពីននឹងក្លាយជាប្រទេសមួយដែលរួមចំណែកដល់ខិតខំប្រឹងប្រែង ដើម្បីស្វែងរកសន្តិភាពផងដែរ។,លើស សង្ឃឹម ហ្វីលីពីន ក្លាយជា ប្រទេស រួមចំណែក ខិតខំ ប្រឹងប្រែង ស្វែងរក សន្តិភាព ផងដែរ,"['លើស', 'សង្ឃឹម', 'ហ្វីលីពីន', 'ក្លាយជា', 'ប្រទេស', 'រួមចំណែក', 'ខិតខំ', 'ប្រឹងប្រែង', 'ស្វែងរក', 'សន្តិភាព', 'ផងដែរ']",21,11
233,pair2,negative,ចំណែកឯការផ្តល់សម្បទានសម្រាប់គោលបំណងអភិវឌ្ឍន៍ ដែលអាចផ្តល់ការងារធ្វើកាន់តែច្រើន និងឱកាសផ្នែកហិរញ្ញវត្ថុដល់អ្នកស្រុក នៅក្នុងករណីមួយចំនួន បន្ទាប់ពីដើមឈើត្រូវបានកាប់ បំផ្លាញឈូសឆាយរួចហើយ គឺគ្មានការអភិវឌ្ឍនៅតំបន់នោះឡើយ។,ចំណែកឯ ការផ្តល់ សម្បទាន គោលបំណង អភិវឌ្ឍន៍ ផ្តល់ ការងារ ធ្វើ កាន់តែ ច្រើន ឱកាស ផ្នែក ហិរញ្ញវត្ថុ អ្នកស្រុក នៅក្នុង ករណី មួយចំនួន បន្ទាប់ពី ដើមឈើ ត្រូវបាន កាប់ បំផ្លាញ ឈូសឆាយ រួចហើយ គ្មាន ការអភិវឌ្ឍ តំបន់ ឡើយ,"['ចំណែកឯ', 'ការផ្តល់', 'សម្បទាន', 'គោលបំណង', 'អភិវឌ្ឍន៍', 'ផ្តល់', 'ការងារ', 'ធ្វើ', 'កាន់តែ', 'ច្រើន', 'ឱកាស', 'ផ្នែក', 'ហិរញ្ញវត្ថុ', 'អ្នកស្រុក', 'នៅក្នុង', 'ករណី', 'មួយចំនួន', 'បន្ទាប់ពី', 'ដើមឈើ', 'ត្រូវបាន', 'កាប់', 'បំផ្លាញ', 'ឈូសឆាយ', 'រួចហើយ', 'គ្មាន', 'ការអភិវឌ្ឍ', 'តំបន់', 'ឡើយ']",37,28
515,pair3,neutral,កន្លែងណាសម្រាប់បត់ទៅសួនផ្ការីក?,កន្លែងណា បត់ សួន ផ្កា រីក,"['កន្លែងណា', 'បត់', 'សួន', 'ផ្កា', 'រីក']",8,5
65,pair1,neutral,នេះរួមបញ្ចូលទាំងការប្រើវាសម្រាប់មើលអ៊ីម៉ែល ឬជជែកជាមួយមិត្តភក្តិមុនចូលគេង សូម្បីតែនៅពេលដែលបិទភ្លើងហើយក៏ដោយ។,រួមបញ្ចូល ការប្រើ មើល អ៊ីម៉ែល ជជែក មិត្តភក្តិ មុន ចូល គេង សូម្បីតែ បិទ ភ្លើង ហើយក៏,"['រួមបញ្ចូល', 'ការប្រើ', 'មើល', 'អ៊ីម៉ែល', 'ជជែក', 'មិត្តភក្តិ', 'មុន', 'ចូល', 'គេង', 'សូម្បីតែ', 'បិទ', 'ភ្លើង', 'ហើយក៏']",24,13
9,pair1,positive,សកម្មជនសហជីព និងជាកូដករក្រុមហ៊ុនណាហ្គាវើលដ៍ កញ្ញា ជា សុខុម លើកឡើងថា ក្រុមកូដករមិនបានទាមទារលក្ខខណ្ឌធ្ងន់ធ្ងរណាមួយ ក្រៅតែពីចង់ឱ្យថៅកែទទួលយកសហជីពឯករាជ្យដែលអាចការពារកម្មករបាន ឱ្យចូលធ្វើការវិញនោះទេ។,សកម្មជន សហជីព កូដក ក្រុមហ៊ុន ណាហ្គាវើលដ៍ កញ្ញា សុខុម លើកឡើង ក្រុម កូដករ មិន ទាមទារ លក្ខខណ្ឌ ធ្ងន់ធ្ងរ ណាមួយ ក្រៅតែ ចង់ឱ្យ ថៅ កែទទួលយក សហជីព ឯករាជ្យ ការពារ កម្មករ ឱ្យ ចូល ធ្វើ ការ វិញ,"['សកម្មជន', 'សហជីព', 'កូដក', 'ក្រុមហ៊ុន', 'ណាហ្គាវើលដ៍', 'កញ្ញា', 'សុខុម', 'លើកឡើង', 'ក្រុម', 'កូដករ', 'មិន', 'ទាមទារ', 'លក្ខខណ្ឌ', 'ធ្ងន់ធ្ងរ', 'ណាមួយ', 'ក្រៅតែ', 'ចង់ឱ្យ', 'ថៅ', 'កែទទួលយក', 'សហជីព', 'ឯករាជ្យ', 'ការពារ', 'កម្មករ', 'ឱ្យ', 'ចូល', 'ធ្វើ', 'ការ', 'វិញ']",41,28
191,pair1,neutral,អត្តពលិកកីឡាម៉ូតូទឹក៖ ការប្រជែងពាននៅអាម៉េរិក ដើម្បីបន្សាំខ្លួនជាមួយអត្តពលិកខ្លាំងៗលំដាប់ពិភពលោក ត្រៀមស៊ីហ្គេមនៅកម្ពុជា,អត្តពលិក កីឡា ម៉ូតូ ទឹក៖ ការប្រជែង ពាន អាម៉េរិក បន្សាំ ខ្លួន អត្តពលិក ខ្លាំង លំដាប់ ពិភពលោក ត្រៀម ស៊ីហ្គេម កម្ពុជា,"['អត្តពលិក', 'កីឡា', 'ម៉ូតូ', 'ទឹក៖', 'ការប្រជែង', 'ពាន', 'អាម៉េរិក', 'បន្សាំ', 'ខ្លួន', 'អត្តពលិក', 'ខ្លាំង', 'លំដាប់', 'ពិភពលោក', 'ត្រៀម', 'ស៊ីហ្គេម', 'កម្ពុជា']",21,16
435,pair3,negative,រុស្ស៊ីថា ការអត្ថាធិប្បាយរបស់ ហ្សេឡេនស្គី អំពីការវាយប្រហារការពារ បញ្ជាក់ពីតម្រូវការសម្រាប់«ប្រតិបត្តិការយោធាពិសេស»នៅអ៊ុយក្រែន,រុស្ស៊ី ការអត្ថាធិប្បាយ ហ្សេឡេន ស្គី អំពី ការវាយប្រហារ ការពារ បញ្ជាក់ តម្រូវការ ប្រតិបត្តិការ យោធា ពិសេស អ៊ុយក្រែន,"['រុស្ស៊ី', 'ការអត្ថាធិប្បាយ', 'ហ្សេឡេន', 'ស្គី', 'អំពី', 'ការវាយប្រហារ', 'ការពារ', 'បញ្ជាក់', 'តម្រូវការ', 'ប្រតិបត្តិការ', 'យោធា', 'ពិសេស', 'អ៊ុយក្រែន']",20,13
518,pair3,neutral,ខណៈ ទីភ្នាក់ងារសារព័ត៌មានរុស្ស៊ីបានរាយការណ៍ថា លោក ពូទីន បាននិយាយនៅក្នុងកិច្ចប្រជុំជាមួយប្រធានគណៈកម្មាធិការស៊ើបអង្កេត ដែលលោកបានបង្កើតឡើង ដើម្បីពិនិត្យមើលហេតុកាណ៍នេះ។,ខណៈ ទីភ្នាក់ងារ សារព័ត៌មាន រុស្ស៊ី រាយការណ៍ ពូទីន និយាយ នៅក្នុង កិច្ចប្រជុំ ប្រធាន គណៈកម្មាធិការ ស៊ើបអង្កេត បង្កើតឡើង ពិនិត្យមើល ហេតុកាណ៍,"['ខណៈ', 'ទីភ្នាក់ងារ', 'សារព័ត៌មាន', 'រុស្ស៊ី', 'រាយការណ៍', 'ពូទីន', 'និយាយ', 'នៅក្នុង', 'កិច្ចប្រជុំ', 'ប្រធាន', 'គណៈកម្មាធិការ', 'ស៊ើបអង្កេត', 'បង្កើតឡើង', 'ពិនិត្យមើល', 'ហេតុកាណ៍']",26,15
151,pair1,positive,គោលដៅនេះផ្តោតលើទិដ្ឋភាពយ៉ាងទូលំទូលាយ រួមមានអត្រាមរណភាព ចំនួននៃការឆ្លងជំងឺជាច្រើន ការប្រើប្រាស់ថ្នាំជក់ អត្រានៃការធ្វើអត្តឃាត ការស្លាប់តាមដងផ្លូវ និងការទទួលបានសេវាសុខភាពចាំបាច់ និងផែនការគ្រួសារ។,គោលដៅ ផ្តោត ទិដ្ឋភាព យ៉ាង ទូលំទូលាយ រួម មាន អត្រា មរណភាព ចំនួន នៃ ការឆ្លង ជំងឺ ជាច្រើន ការប្រើប្រាស់ ថ្នាំជក់ អត្រា នៃ ការធ្វើ អត្តឃាត ការស្លាប់ តាម ដងផ្លូវ ការទទួលបាន សេវា សុខភាពចាំបាច់ ផែនការ គ្រួសារ,"['គោលដៅ', 'ផ្តោត', 'ទិដ្ឋភាព', 'យ៉ាង', 'ទូលំទូលាយ', 'រួម', 'មាន', 'អត្រា', 'មរណភាព', 'ចំនួន', 'នៃ', 'ការឆ្លង', 'ជំងឺ', 'ជាច្រើន', 'ការប្រើប្រាស់', 'ថ្នាំជក់', 'អត្រា', 'នៃ', 'ការធ្វើ', 'អត្តឃាត', 'ការស្លាប់', 'តាម', 'ដងផ្លូវ', 'ការទទួលបាន', 'សេវា', 'សុខភាពចាំបាច់', 'ផែនការ', 'គ្រួសារ']",33,28
204,pair2,positive,ជាចុងបញ្ចប់លោកយាយបានថ្លែងអំណរគុណចំពោះគម្រោងដែលបានជួយនិងគិតគូដល់ក្រុមគ្រួសាររបស់គាត់ឱ្យមានជីវភាពប្រសើរឡើងដូចថ្ងៃនេះហើយបានស្នើសុំឱ្យគម្រោងបន្តជួយនិងយកចិត្តទុកដាក់ចំពោះគ្រួសារដែលបានរងគ្រោះនិងងាយរងគ្រោះដទៃទៀតនៅក្នុងសហគមន៍របស់គាត់និងសហគមន៍ផ្សេងៗទៀតឱ្យមានភាពប្រសើរឡើងដូចជាគ្រួសាររបស់គាត់។,ចុងបញ្ចប់ លោកយាយ ថ្លែងអំណរគុណ គម្រោង ជួយ គិតគូ ក្រុមគ្រួសារ ឱ្យ មាន ជីវភាព ប្រសើរឡើង ថ្ងៃ ស្នើសុំ ឱ្យ គម្រោង បន្ត ជួយ យកចិត្តទុកដាក់ គ្រួសារ រងគ្រោះ ងាយ រងគ្រោះ ដទៃ ទៀត នៅក្នុង សហគមន៍ សហគមន៍ ផ្សេង ទៀត ឱ្យ មាន ភាពប្រសើរឡើង ដូចជា គ្រួសារ,"['ចុងបញ្ចប់', 'លោកយាយ', 'ថ្លែងអំណរគុណ', 'គម្រោង', 'ជួយ', 'គិតគូ', 'ក្រុមគ្រួសារ', 'ឱ្យ', 'មាន', 'ជីវភាព', 'ប្រសើរឡើង', 'ថ្ងៃ', 'ស្នើសុំ', 'ឱ្យ', 'គម្រោង', 'បន្ត', 'ជួយ', 'យកចិត្តទុកដាក់', 'គ្រួសារ', 'រងគ្រោះ', 'ងាយ', 'រងគ្រោះ', 'ដទៃ', 'ទៀត', 'នៅក្នុង', 'សហគមន៍', 'សហគមន៍', 'ផ្សេង', 'ទៀត', 'ឱ្យ', 'មាន', 'ភាពប្រសើរឡើង', 'ដូចជា', 'គ្រួសារ']",59,34
537,pair3,positive,និយ័តករទូរគមនាគមន៍កម្ពុជា ប្រកាសបិទខ្ទប់គេហទំព័រនិងយូអអិល ចំនួន ៩ ដែលបង្ហោះរូបភាព និងវីដែអូអាសអាភាសកុមារ។,និយ័តករ ទូរគមនាគមន៍ កម្ពុជា ប្រកាស បិទ ខ្ទប់ គេហទំព័រ យូអអិល ចំនួន បង្ហោះ រូបភាព វីដែអូ អាសអាភាស កុមារ,"['និយ័តករ', 'ទូរគមនាគមន៍', 'កម្ពុជា', 'ប្រកាស', 'បិទ', 'ខ្ទប់', 'គេហទំព័រ', 'យូអអិល', 'ចំនួន', 'បង្ហោះ', 'រូបភាព', 'វីដែអូ', 'អាសអាភាស', 'កុមារ']",19,14
407,pair3,neutral,ខណៈដែលក្លឹបបិសាចក្រហម មានត្រឹមកៅអីលេងពានរង្វាន់ Europa League ប៉ុណ្ណោះ៕,ខណៈ ក្លឹប បិសាច ក្រហម មាន ត្រឹម កៅអី លេង ពានរង្វាន់ Europa League ប៉ុណ្ណោះ,"['ខណៈ', 'ក្លឹប', 'បិសាច', 'ក្រហម', 'មាន', 'ត្រឹម', 'កៅអី', 'លេង', 'ពានរង្វាន់', 'Europa', 'League', 'ប៉ុណ្ណោះ']",14,12
280,pair2,neutral,ក្នុងករណីបែបនេះថិរវេលាសម្រាប់សកម្មភាពត្រូវបានប៉ាន់ប្រមាណដោយរូបមន្ត,ករណី បែប ថិរ វេលា សកម្មភាព ត្រូវបាន ប៉ាន់ប្រមាណ រូប មន្ត,"['ករណី', 'បែប', 'ថិរ', 'វេលា', 'សកម្មភាព', 'ត្រូវបាន', 'ប៉ាន់ប្រមាណ', 'រូប', 'មន្ត']",13,9
580,pair3,positive,ហើយនៅក្នុងសេដ្ឋកិច្ចទីផ្សារសេរី និងមូលធននិយម វាជាកត្តាសត្យានុម័ត ដែលឱកាសសេដ្ឋកិច្ចមានមិនស្មើគ្នានោះទេ ដូច្នេះហើយទើបរដ្ឋាភិបាលគ្រប់ប្រទេសតែងតែខិតខំប្រមូលពន្ធ និងទាញវិនិយោគ រោងចក្រ ឬគម្រោងអភិវឌ្ឍន៍នានា ទៅតាមទីជនបទ ដើម្បីខិតខំបែងចែកផលប្រយោជន៍ដែលកើតឡើងពីកំណើនសេដ្ឋកិច្ច។,នៅក្នុង សេដ្ឋកិច្ច ទីផ្សារ សេរី មូលធន និយម កត្តា សត្យានុម័ត ឱកាស សេដ្ឋកិច្ច មាន មិន ស្មើគ្នា ដូច្នេះហើយ ទើប រដ្ឋាភិបាល គ្រប់ ប្រទេស តែងតែ ខិតខំ ប្រមូល ពន្ធ ទាញ វិនិយោគ រោងចក្រ គម្រោង អភិវឌ្ឍន៍ នានា តាម ទី ជនបទ ខិតខំ បែងចែក ផលប្រយោជន៍ កើតឡើង កំណើន សេដ្ឋកិច្ច,"['នៅក្នុង', 'សេដ្ឋកិច្ច', 'ទីផ្សារ', 'សេរី', 'មូលធន', 'និយម', 'កត្តា', 'សត្យានុម័ត', 'ឱកាស', 'សេដ្ឋកិច្ច', 'មាន', 'មិន', 'ស្មើគ្នា', 'ដូច្នេះហើយ', 'ទើប', 'រដ្ឋាភិបាល', 'គ្រប់', 'ប្រទេស', 'តែងតែ', 'ខិតខំ', 'ប្រមូល', 'ពន្ធ', 'ទាញ', 'វិនិយោគ', 'រោងចក្រ', 'គម្រោង', 'អភិវឌ្ឍន៍', 'នានា', 'តាម', 'ទី', 'ជនបទ', 'ខិតខំ', 'បែងចែក', 'ផលប្រយោជន៍', 'កើតឡើង', 'កំណើន', 'សេដ្ឋកិច្ច']",51,37
586,pair3,positive,បងពេញចិត្តប្អូនប្រុសនាង ដាវីនច្រៀងបានពិរោះនឹងកាយវិការស់រវើកល្អៗបងសូមសរសើរដោយស្មោះ,បង ពេញចិត្ត ប្អូន ប្រុស នាង ដាវីន ច្រៀង ពិរោះ កាយវិការស់រវើក ល្អ បង សូម សរសើរ ស្មោះ,"['បង', 'ពេញចិត្ត', 'ប្អូន', 'ប្រុស', 'នាង', 'ដាវីន', 'ច្រៀង', 'ពិរោះ', 'កាយវិការស់រវើក', 'ល្អ', 'បង', 'សូម', 'សរសើរ', 'ស្មោះ']",18,14
147,pair1,negative,មន្ទីរសុខាភិបាលខេត្តស្វាយរៀង បានលើកឡើងថា សារជាតិពុលរបស់ឪម៉ាល់បានធ្វើឱ្យកុមារីវ័យ៧ឆ្នាំម្នាក់ស្លាប់ ក្រោយពីសត្វឪម៉ាល់ទាំងនោះបានទិចនាងជាច្រើនកន្លែង ដែលធ្វើឱ្យប៉ះពាល់ដល់សរីរាង្គសំខាន់ៗ។,មន្ទីរ សុខាភិបាល ខេត្ត ស្វាយរៀង លើកឡើង សារជាតិ ពុល ឪម៉ាល់ ធ្វើឱ្យ កុមារី វ័យ ៧ឆ្នាំ ម្នាក់ ស្លាប់ ក្រោយពី សត្វ ឪម៉ាល់ ទាំងនោះ ទិច នាង ជាច្រើន កន្លែង ធ្វើឱ្យ ប៉ះពាល់ សរីរាង្គ សំខាន់,"['មន្ទីរ', 'សុខាភិបាល', 'ខេត្ត', 'ស្វាយរៀង', 'លើកឡើង', 'សារជាតិ', 'ពុល', 'ឪម៉ាល់', 'ធ្វើឱ្យ', 'កុមារី', 'វ័យ', '៧ឆ្នាំ', 'ម្នាក់', 'ស្លាប់', 'ក្រោយពី', 'សត្វ', 'ឪម៉ាល់', 'ទាំងនោះ', 'ទិច', 'នាង', 'ជាច្រើន', 'កន្លែង', 'ធ្វើឱ្យ', 'ប៉ះពាល់', 'សរីរាង្គ', 'សំខាន់']",35,26
446,pair3,positive,តាមរយៈការប្រមូលផ្តុំមេដឹកនាំធុរកិច្ច និងសហគមន៍រួមគ្នាបង្កើតបានជាសំឡេង និងបេះដូងរួមគ្នាតែមួយនៅក្នុងឧស្សាហកម្មមួយនេះ ក្លិប STC ផ្តោតលើការកសាងសហគមន៍ដើម្បីសម្រេចបាននូវគោលដៅនៃកំណើនសេដ្ឋកិច្ចប្រកបដោយចីរភាពនៅក្នុងខេត្ត។,តាមរយៈ ការប្រមូលផ្តុំ មេដឹកនាំ ធុរកិច្ច សហគមន៍ រួមគ្នា បង្កើត បានជា សំឡេង បេះដូង រួមគ្នា នៅក្នុង ឧស្សាហកម្ម ក្លិប STC ផ្តោត ការកសាង សហគមន៍ សម្រេចបាន នូវ គោលដៅ នៃ កំណើន សេដ្ឋកិច្ច ប្រកបដោយ ចីរភាព នៅក្នុង ខេត្ត,"['តាមរយៈ', 'ការប្រមូលផ្តុំ', 'មេដឹកនាំ', 'ធុរកិច្ច', 'សហគមន៍', 'រួមគ្នា', 'បង្កើត', 'បានជា', 'សំឡេង', 'បេះដូង', 'រួមគ្នា', 'នៅក្នុង', 'ឧស្សាហកម្ម', 'ក្លិប', 'STC', 'ផ្តោត', 'ការកសាង', 'សហគមន៍', 'សម្រេចបាន', 'នូវ', 'គោលដៅ', 'នៃ', 'កំណើន', 'សេដ្ឋកិច្ច', 'ប្រកបដោយ', 'ចីរភាព', 'នៅក្នុង', 'ខេត្ត']",37,28
335,pair2,negative,ជំងឺកូវីដ៖ បារាំងអន់ចិត្តនឹងអង់គ្លេសដែលចេញបញ្ជាឲ្យចាប់ក្រុង រាល់អ្នកធ្វើដំណើរពី បារាំង,ជំងឺ កូវីដ៖ បារាំង អន់ចិត្ត អង់គ្លេស ចេញ បញ្ជា ឲ្យ ចាប់ ក្រុង រាល់ អ្នកធ្វើដំណើរ បារាំង,"['ជំងឺ', 'កូវីដ៖', 'បារាំង', 'អន់ចិត្ត', 'អង់គ្លេស', 'ចេញ', 'បញ្ជា', 'ឲ្យ', 'ចាប់', 'ក្រុង', 'រាល់', 'អ្នកធ្វើដំណើរ', 'បារាំង']",16,13
20,pair1,positive,ចំណែកអ្នកនាំពាក្យគណបក្សប្រជាជនកម្ពុជា លោក សុខ ឥសាន យល់ថា ការសម្រេចរបស់តុលាការពេលនេះគឺផ្អែកតាមអង្គហេតុ និងអង្គច្បាប់ត្រឹមត្រូវ។,ចំណែក អ្នកនាំពាក្យ គណបក្ស ប្រជាជន កម្ពុជា សុខ ឥសាន យល់ ការសម្រេច តុលាការ ពេលនេះ ផ្អែក តាម អង្គហេតុ អង្គ ច្បាប់ ត្រឹមត្រូវ,"['ចំណែក', 'អ្នកនាំពាក្យ', 'គណបក្ស', 'ប្រជាជន', 'កម្ពុជា', 'សុខ', 'ឥសាន', 'យល់', 'ការសម្រេច', 'តុលាការ', 'ពេលនេះ', 'ផ្អែក', 'តាម', 'អង្គហេតុ', 'អង្គ', 'ច្បាប់', 'ត្រឹមត្រូវ']",23,17
536,pair3,neutral,ការសិក្សានៅក្នុង ទស្សនាវត្តីវេជ្ជសាស្រតផ្នែកអាហារូបត្ថម្ភរបស់អាមេរិកាំង បានបង្ហាញថា មនុស្សត្រូវបរិភោគអាហារជាមធ្យមប្រហែល ៣០០ កាឡូរីក្នុងមួយថ្ងៃ ទន្ទឹមនឹងពេលដែលពួកគេទទួលទានដំណេកយ៉ាងលក់ស្រួល ។,ការសិក្សា នៅក្នុង ទស្សនា វត្តី វេជ្ជសាស្រត ផ្នែក អាហារូបត្ថម្ភ អាមេរិកាំង បង្ហាញ មនុស្ស បរិភោគ អាហារ មធ្យម ប្រហែល ៣០០ កាឡូរី ថ្ងៃ ទន្ទឹមនឹង ពួកគេ ទទួលទាន ដំណេក យ៉ាង លក់ ស្រួល,"['ការសិក្សា', 'នៅក្នុង', 'ទស្សនា', 'វត្តី', 'វេជ្ជសាស្រត', 'ផ្នែក', 'អាហារូបត្ថម្ភ', 'អាមេរិកាំង', 'បង្ហាញ', 'មនុស្ស', 'បរិភោគ', 'អាហារ', 'មធ្យម', 'ប្រហែល', '៣០០', 'កាឡូរី', 'ថ្ងៃ', 'ទន្ទឹមនឹង', 'ពួកគេ', 'ទទួលទាន', 'ដំណេក', 'យ៉ាង', 'លក់', 'ស្រួល']",34,24
442,pair3,neutral,ក្រោយពេលកើតហេតុ សមត្ថកិច្ចជំនាញ បានចុះទៅវាស់វែងធ្វើកំណត់ហេតុយករថយន្តទាំងពីរគ្រឿងមករក្សាទុកនៅការិយាល័យចរាចរណ៍ផ្លូវគោក ដើម្បីរង់ចាំម្ចាស់ចូលខ្លួនមកដោះស្រាយតាមផ្លូវច្បាប់ ចំណែកសាកសពជនរងគ្រោះទាំងបី ត្រូវបានប្រគល់ឱ្យសាច់ញាតិយកទៅរៀបចំធ្វើបុណ្យតាមប្រពៃណី...៕,ក្រោយពេល កើត ហេតុ សមត្ថកិច្ច ជំនាញ ចុះ វាស់វែង ធ្វើ កំណត់ហេតុ យក រថយន្ត គ្រឿង រក្សាទុក ការិយាល័យ ចរាចរណ៍ ផ្លូវគោក រង់ចាំ ម្ចាស់ ចូល ខ្លួន ដោះស្រាយ តាម ផ្លូវ ច្បាប់ ចំណែក សាកសព ជនរងគ្រោះ បី ត្រូវបាន ប្រគល់ ឱ្យ សាច់ញាតិ យក រៀបចំ ធ្វើ បុណ្យ តាម ប្រពៃណី,"['ក្រោយពេល', 'កើត', 'ហេតុ', 'សមត្ថកិច្ច', 'ជំនាញ', 'ចុះ', 'វាស់វែង', 'ធ្វើ', 'កំណត់ហេតុ', 'យក', 'រថយន្ត', 'គ្រឿង', 'រក្សាទុក', 'ការិយាល័យ', 'ចរាចរណ៍', 'ផ្លូវគោក', 'រង់ចាំ', 'ម្ចាស់', 'ចូល', 'ខ្លួន', 'ដោះស្រាយ', 'តាម', 'ផ្លូវ', 'ច្បាប់', 'ចំណែក', 'សាកសព', 'ជនរងគ្រោះ', 'បី', 'ត្រូវបាន', 'ប្រគល់', 'ឱ្យ', 'សាច់ញាតិ', 'យក', 'រៀបចំ', 'ធ្វើ', 'បុណ្យ', 'តាម', 'ប្រពៃណី']",50,38
371,pair2,neutral,ចំណុចខ្លាំងសម្រាប់ទីផ្សារទីមួយភាពយន្តបុរាណគឺផលិតកម្មធ្វើឡើងជារឿងបុរាណពិតៗនិងប្លែកគេព្រមទាំងចូលរួមពីតារាដែលចេះក្បាច់គុនដូចជាលោកសេនប៊ុនថេនលោកសុខដែនលោកពេជ្រសុផាន់លោកធន់សុភាលោកអូតភូថងនិងលោកសេងសុខចាន់ជាដើម។,ចំណុច ខ្លាំង ទីផ្សារ ទី ភាពយន្ត បុរាណ ផលិតកម្ម ធ្វើឡើង រឿង បុរាណ ពិត ប្លែក ព្រមទាំង ចូលរួម តារា ចេះ ក្បាច់គុន ដូចជា សេន ប៊ុន ថេន សុខ ដែន ពេជ្រ សុផាន់ ធន់ សុភា អូត ភូថង សេង សុខ ចាន់ ជាដើម,"['ចំណុច', 'ខ្លាំង', 'ទីផ្សារ', 'ទី', 'ភាពយន្ត', 'បុរាណ', 'ផលិតកម្ម', 'ធ្វើឡើង', 'រឿង', 'បុរាណ', 'ពិត', 'ប្លែក', 'ព្រមទាំង', 'ចូលរួម', 'តារា', 'ចេះ', 'ក្បាច់គុន', 'ដូចជា', 'សេន', 'ប៊ុន', 'ថេន', 'សុខ', 'ដែន', 'ពេជ្រ', 'សុផាន់', 'ធន់', 'សុភា', 'អូត', 'ភូថង', 'សេង', 'សុខ', 'ចាន់', 'ជាដើម']",50,33
476,pair3,negative,នៅសតវត្សទី១៧ សៀមបានឈ្លានពានកាន់កាប់ប្រទេសកម្ពុជា ហើយបានប្រែឈ្មោះខេត្តបន្ទាយមានជ័យជាខេត្តស៊ីសុផុន។,សតវត្ស ទី ១៧ សៀម ឈ្លានពាន កាន់កាប់ ប្រទេស កម្ពុជា ប្រែ ឈ្មោះ ខេត្ត បន្ទាយមានជ័យ ខេត្ត ស៊ីសុផុន,"['សតវត្ស', 'ទី', '១៧', 'សៀម', 'ឈ្លានពាន', 'កាន់កាប់', 'ប្រទេស', 'កម្ពុជា', 'ប្រែ', 'ឈ្មោះ', 'ខេត្ត', 'បន្ទាយមានជ័យ', 'ខេត្ត', 'ស៊ីសុផុន']",20,14
117,pair1,negative,សម្រាប់អ្នកឃ្លាំមើល ការកាត់ទោសដោយពិន័យជាប្រាក់រហូតដល់៧៥ម៉ឺនដុល្លារ «ពីបទបរិហាកេរ្តិ៍»នោះ គឺជាដាក់សម្ពាធទៅលើគណបក្សប្រឆាំងមុនការបោះឆ្នោតថ្នាក់ជាតិមកដល់។,អ្នកឃ្លាំមើល ការកាត់ទោស ពិន័យ ប្រាក់ រហូតដល់ ៧៥ ម៉ឺន ដុល្លារ បទ បរិហាកេរ្តិ៍ គឺជា ដាក់ សម្ពាធ គណបក្ស ប្រឆាំង មុន ការបោះឆ្នោត ថ្នាក់ ជាតិ មកដល់,"['អ្នកឃ្លាំមើល', 'ការកាត់ទោស', 'ពិន័យ', 'ប្រាក់', 'រហូតដល់', '៧៥', 'ម៉ឺន', 'ដុល្លារ', 'បទ', 'បរិហាកេរ្តិ៍', 'គឺជា', 'ដាក់', 'សម្ពាធ', 'គណបក្ស', 'ប្រឆាំង', 'មុន', 'ការបោះឆ្នោត', 'ថ្នាក់', 'ជាតិ', 'មកដល់']",29,20
454,pair3,positive,យ៉ាងណាមិញ ពាក់ព័ន្ធនឹងពេលវាលាដែលអាចរៀបចំពិធីឡើងវិញនេះ ឯកឧត្តមអភិបាលខេត្តកំពង់ធំ បានបញ្ជាក់ថា៖ «យើងគិតថា បើអត់មានភ្លៀងពីខេត្តព្រះវិហារនោះទេ ៤-៥ថ្ងៃ ១អាទិត្យទៀតអីស្រក យើងអាចកំណត់ពេលវិញបានហើយ»។,យ៉ាងណាមិញ ពាក់ព័ន្ធ លា រៀបចំ ពិធី ឡើងវិញ ឯកឧត្តម អភិបាល ខេត្ត កំពង់ធំ បញ្ជាក់ ថា៖ គិត អត់ មាន ភ្លៀង ខេត្ត ព្រះវិហារ ថ្ងៃ ១អាទិត្យ ទៀត ស្រក កំណត់ វិញ,"['យ៉ាងណាមិញ', 'ពាក់ព័ន្ធ', 'លា', 'រៀបចំ', 'ពិធី', 'ឡើងវិញ', 'ឯកឧត្តម', 'អភិបាល', 'ខេត្ត', 'កំពង់ធំ', 'បញ្ជាក់', 'ថា៖', 'គិត', 'អត់', 'មាន', 'ភ្លៀង', 'ខេត្ត', 'ព្រះវិហារ', 'ថ្ងៃ', '១អាទិត្យ', 'ទៀត', 'ស្រក', 'កំណត់', 'វិញ']",49,24
570,pair3,positive,ខាងក្រោមនេះគឺជាទម្លាប់នៃការញ៉ាំម្ហូបអាហាររបស់អាស៊ីប្រកបដោយសុខភាពដែលអ្នកអាចអនុវត្តនៅថ្ងៃនេះ,ខាងក្រោម គឺជា ទម្លាប់ នៃ ការញ៉ាំ ម្ហូប អាហារ អាស៊ី ប្រកបដោយ សុខភាព អនុវត្ត ថ្ងៃ,"['ខាងក្រោម', 'គឺជា', 'ទម្លាប់', 'នៃ', 'ការញ៉ាំ', 'ម្ហូប', 'អាហារ', 'អាស៊ី', 'ប្រកបដោយ', 'សុខភាព', 'អនុវត្ត', 'ថ្ងៃ']",19,12
429,pair3,positive,លោក ប្រាយុទ្ធ ក្នុងនាមជានាយករដ្ឋមន្រតីថៃ បានធ្វើការបញ្ជាឱ្យមានការរឹតបន្តឹងច្បាប់ប្រើប្រាស់កាំភ្លើង ក្រោយពីអតីតមន្រតីប៉ូលិសម្នាក់បានបាញ់សម្លាប់មនុស្ស ៣៦នាក់ ដែលក្នុងនោះគេឃើញថាមាន ២៤នាក់ជាកុមារ។,ប្រាយុទ្ធ នាម នាយក រដ្ឋមន្រ តី ថៃ ធ្វើ ការបញ្ជា ឱ្យ មាន ការរឹតបន្តឹង ច្បាប់ ប្រើប្រាស់ កាំភ្លើង ក្រោយពី អតីត មន្រតី ប៉ូលិស ម្នាក់ បាញ់ សម្លាប់ មនុស្ស ៣៦ នាក់ ឃើញ មាន ២៤ នាក់ កុមារ,"['ប្រាយុទ្ធ', 'នាម', 'នាយក', 'រដ្ឋមន្រ', 'តី', 'ថៃ', 'ធ្វើ', 'ការបញ្ជា', 'ឱ្យ', 'មាន', 'ការរឹតបន្តឹង', 'ច្បាប់', 'ប្រើប្រាស់', 'កាំភ្លើង', 'ក្រោយពី', 'អតីត', 'មន្រតី', 'ប៉ូលិស', 'ម្នាក់', 'បាញ់', 'សម្លាប់', 'មនុស្ស', '៣៦', 'នាក់', 'ឃើញ', 'មាន', '២៤', 'នាក់', 'កុមារ']",41,29
555,pair3,neutral,ការថយចុះនូវជីជាតិដីដោយសារការធ្វើប្រពលវប្បកម្មដំណាំបន្តបន្ទាប់ក្នុងរយៈពេលយូរអង្វែងគួរត្រូវពិចារណា និងរកមធ្យោបាយកែលម្អ,ការថយចុះ នូវ ជីជាតិ ដី ដោយសារ ការធ្វើ ប្រពល វប្បកម្ម ដំណាំ បន្តបន្ទាប់ រយៈពេល យូរអង្វែង គួរ ពិចារណា រក មធ្យោបាយ កែលម្អ,"['ការថយចុះ', 'នូវ', 'ជីជាតិ', 'ដី', 'ដោយសារ', 'ការធ្វើ', 'ប្រពល', 'វប្បកម្ម', 'ដំណាំ', 'បន្តបន្ទាប់', 'រយៈពេល', 'យូរអង្វែង', 'គួរ', 'ពិចារណា', 'រក', 'មធ្យោបាយ', 'កែលម្អ']",20,17
10,pair1,negative,សេចក្តីព្រាងនៃសេចក្តីប្រកាសព័ត៌មានរបស់ប្រធានអាស៊ានពាក់ព័ន្ធទៅនឹងភូមា បានធ្វើឱ្យកម្ពុជាគិតច្រើន ម្ខាងជាគ្រួសារធំអាស៊ាន៩ ជាមួយសហគមន៍អន្តរជាតិ និងម្ខាងទៀតជាចំណងការទូតនិងបេសកកម្មប្រវត្តិសាស្រតរបស់កម្ពុជាក្នុងនាមប្រធានអាស៊ានដែលត្រូវធ្វើការ១ឆ្នាំពេញជាមួយ។,សេចក្តីព្រាង នៃ សេចក្តីប្រកាស ព័ត៌មាន ប្រធាន អាស៊ាន ពាក់ព័ន្ធ ទៅនឹង ភូមា ធ្វើឱ្យ កម្ពុជា គិត ច្រើន ម្ខាង គ្រួសារ ធំ អាស៊ាន សហគមន៍ អន្តរជាតិ ម្ខាង ទៀត ចំណង ការទូត បេសកកម្ម ប្រវត្តិសាស្រត កម្ពុជា នាម ប្រធាន អាស៊ាន ធ្វើ ការ១ ឆ្នាំ ពេញ,"['សេចក្តីព្រាង', 'នៃ', 'សេចក្តីប្រកាស', 'ព័ត៌មាន', 'ប្រធាន', 'អាស៊ាន', 'ពាក់ព័ន្ធ', 'ទៅនឹង', 'ភូមា', 'ធ្វើឱ្យ', 'កម្ពុជា', 'គិត', 'ច្រើន', 'ម្ខាង', 'គ្រួសារ', 'ធំ', 'អាស៊ាន', 'សហគមន៍', 'អន្តរជាតិ', 'ម្ខាង', 'ទៀត', 'ចំណង', 'ការទូត', 'បេសកកម្ម', 'ប្រវត្តិសាស្រត', 'កម្ពុជា', 'នាម', 'ប្រធាន', 'អាស៊ាន', 'ធ្វើ', 'ការ១', 'ឆ្នាំ', 'ពេញ']",47,33
150,pair1,positive,ឥឡូវនេះ ប្រទេសកម្ពុជាបានរៀបចំការបោះឆ្នោតជាតិ និងថ្នាក់ក្រោមជាតិជាទៀងទាត់ ក្រោមបន្ទាត់នៃរដ្ឋធម្មនុញ្ញជាតិបែបសេរី ដែលធានានូវសិទ្ធិពលរដ្ឋ និងសិទ្ធិនយោបាយ។,ឥឡូវនេះ ប្រទេស កម្ពុជា រៀបចំ ការបោះឆ្នោត ជាតិ ថ្នាក់ ជាតិ ទៀងទាត់ បន្ទាត់ នៃ រដ្ឋធម្មនុញ្ញ ជាតិ បែប សេរី ធានា នូវ សិទ្ធិ ពលរដ្ឋ សិទ្ធិ នយោបាយ,"['ឥឡូវនេះ', 'ប្រទេស', 'កម្ពុជា', 'រៀបចំ', 'ការបោះឆ្នោត', 'ជាតិ', 'ថ្នាក់', 'ជាតិ', 'ទៀងទាត់', 'បន្ទាត់', 'នៃ', 'រដ្ឋធម្មនុញ្ញ', 'ជាតិ', 'បែប', 'សេរី', 'ធានា', 'នូវ', 'សិទ្ធិ', 'ពលរដ្ឋ', 'សិទ្ធិ', 'នយោបាយ']",29,21
229,pair2,positive,កោះស្លាកែតស្ទូឌីយោ បានរៀបចំជាហាងកាហ្វេប៊្រេនដែលមានទីធ្លាធំទូលាយភ្ជាប់គ្នានឹងអាងហែលទឹកទំនើប និងមានផ្ទះលម្ហែសាងសង់បែបរចនាប័ទ្មខ្មែរផ្នែកខាងក្រៅ និងផ្នែកខាងក្នុងតែងជាលក្ខណៈទំនើបទាន់សម័យតាមបែបរចនាប័ទ្មបរទេសដូចជា ប្រទេសថៃ ជប៉ុន អាមេរិក និងឈីក (ម៉ូរ៉ុកកូ)។,កោះ ស្លា កែត ស្ទូឌីយោ រៀបចំ ហាង កាហ្វេ ប៊្រេន មាន ទីធ្លា ធំ ទូលាយ ភ្ជាប់គ្នា អាង ហែលទឹក ទំនើប មាន ផ្ទះ លម្ហែ សាងសង់ បែប រចនាប័ទ្ម ខ្មែរ ផ្នែក ខាងក្រៅ ផ្នែក ខាងក្នុង តែង លក្ខណៈ ទំនើប ទាន់សម័យ តាម បែប រចនាប័ទ្ម បរទេស ដូចជា ប្រទេស ថៃ ជប៉ុន អាមេរិក ឈីក ម៉ូរ៉ុក កូ,"['កោះ', 'ស្លា', 'កែត', 'ស្ទូឌីយោ', 'រៀបចំ', 'ហាង', 'កាហ្វេ', 'ប៊្រេន', 'មាន', 'ទីធ្លា', 'ធំ', 'ទូលាយ', 'ភ្ជាប់គ្នា', 'អាង', 'ហែលទឹក', 'ទំនើប', 'មាន', 'ផ្ទះ', 'លម្ហែ', 'សាងសង់', 'បែប', 'រចនាប័ទ្ម', 'ខ្មែរ', 'ផ្នែក', 'ខាងក្រៅ', 'ផ្នែក', 'ខាងក្នុង', 'តែង', 'លក្ខណៈ', 'ទំនើប', 'ទាន់សម័យ', 'តាម', 'បែប', 'រចនាប័ទ្ម', 'បរទេស', 'ដូចជា', 'ប្រទេស', 'ថៃ', 'ជប៉ុន', 'អាមេរិក', 'ឈីក', 'ម៉ូរ៉ុក', 'កូ']",53,43
424,pair3,positive,ចង់បានក្រុមការងារពេញដោយថាមពល និងស្វាហាប់ ព្រមទាំងស្ថិតស្ថេរផងដែរ?,ចង់បាន ក្រុមការងារ ពេញ ថាមពល ស្វាហាប់ ព្រមទាំង ស្ថិតស្ថេរ ផងដែរ,"['ចង់បាន', 'ក្រុមការងារ', 'ពេញ', 'ថាមពល', 'ស្វាហាប់', 'ព្រមទាំង', 'ស្ថិតស្ថេរ', 'ផងដែរ']",11,8
593,pair3,neutral,មន្រតីការពារសិទ្ធិមនុស្សនៃសមាគមអាដហុក លោក យី សុខសាន្ត ដែលឃ្លាំមើលពីដំណើរការសវនាការនេះ យល់ថា ការអំពាវនាវរបស់ថ្នាក់ដឹកនាំ និងសកម្មជនទាំងអស់ ជាសិទ្ធិបញ្ចេញមតិតែប៉ុណ្ណោះ។,ន្រតី ការពារ សិទ្ធិ មនុស្ស នៃ សមាគម អាដហុក យី សុខសាន្ត ឃ្លាំមើល ដំណើរការ សវនាការ យល់ ការអំពាវនាវ ថ្នាក់ដឹកនាំ សកម្មជន ទាំងអស់ សិទ្ធិ បញ្ចេញមតិ ប៉ុណ្ណោះ,"['ន្រតី', 'ការពារ', 'សិទ្ធិ', 'មនុស្ស', 'នៃ', 'សមាគម', 'អាដហុក', 'យី', 'សុខសាន្ត', 'ឃ្លាំមើល', 'ដំណើរការ', 'សវនាការ', 'យល់', 'ការអំពាវនាវ', 'ថ្នាក់ដឹកនាំ', 'សកម្មជន', 'ទាំងអស់', 'សិទ្ធិ', 'បញ្ចេញមតិ', 'ប៉ុណ្ណោះ']",31,20
310,pair2,neutral,សហរដ្ឋអាម៉េរិកបានប្តេជ្ញាពង្រឹងការសម្របសម្រួលជាមួយកូរ៉េខាងត្បូង ដើម្បីបន្តពង្រាយ និងអនុវត្តជាយុទ្ធសាស្តរនៅក្នុងតំបន់ឱ្យបានទាន់ពេលវេលា និងប្រកបដោយប្រសិទ្ធភាព ដើម្បីរារាំង និងឆ្លើយតបចំពោះកូរ៉េខាងជើង និងពង្រឹងសន្តិសុខក្នុងតំបន់។,សហរដ្ឋ អាម៉េរិក ប្តេជ្ញា ពង្រឹង ការសម្របសម្រួល កូរ៉េ ខាងត្បូង បន្ត ពង្រាយ អនុវត្ត យុទ្ធសាស្តរ នៅក្នុង តំបន់ ឱ្យ ទាន់ ពេលវេលា ប្រកបដោយ ប្រសិទ្ធភាព រារាំង ឆ្លើយតប កូរ៉េ ខាងជើង ពង្រឹង សន្តិសុខ តំបន់,"['សហរដ្ឋ', 'អាម៉េរិក', 'ប្តេជ្ញា', 'ពង្រឹង', 'ការសម្របសម្រួល', 'កូរ៉េ', 'ខាងត្បូង', 'បន្ត', 'ពង្រាយ', 'អនុវត្ត', 'យុទ្ធសាស្តរ', 'នៅក្នុង', 'តំបន់', 'ឱ្យ', 'ទាន់', 'ពេលវេលា', 'ប្រកបដោយ', 'ប្រសិទ្ធភាព', 'រារាំង', 'ឆ្លើយតប', 'កូរ៉េ', 'ខាងជើង', 'ពង្រឹង', 'សន្តិសុខ', 'តំបន់']",38,25
489,pair3,neutral,នាយទុំក៏រត់តាមជាប់ពីក្រោយទៅដែរ។,នាយ ទុំ រត់ តាម ជាប់ ពីក្រោយ,"['នាយ', 'ទុំ', 'រត់', 'តាម', 'ជាប់', 'ពីក្រោយ']",10,6
16,pair1,negative,ជាការពិតផលិតផលមួយមិនអាចកើតមានឡើងដោយឯកឯងទេឬក៏ដោយពុំមានការវិនិយោគនោះ,ការពិត ផលិតផល មិន កើត មាន ឡើង ឯកឯង ក៏ដោយ ពុំ មាន ការវិនិយោគ,"['ការពិត', 'ផលិតផល', 'មិន', 'កើត', 'មាន', 'ឡើង', 'ឯកឯង', 'ក៏ដោយ', 'ពុំ', 'មាន', 'ការវិនិយោគ']",18,11
207,pair2,negative,លើការជាក់ស្តែងក្នុងការប្រកួតប្រជែងក្នុងការបោះឆ្នោតជាមួយសម្តេចតេជោ ហ៊ុន សែន គឺមួយជីវិតនយោបាយរហូតដល់អាយុ៧២ឆ្នាំទៅហើយ ប៉ុន្តែ សម រង្ស៊ី បានបរាជ័យជាដរាប បរាជ័យរហូតគ្មានបក្សឈរជើង និងរលាយរលត់ រត់ចោលស្រុកខ្មែរថែមទៀតផង។,ការជាក់ស្តែង ការប្រកួតប្រជែង ការបោះឆ្នោត សម្តេច តេជោ ហ៊ុន សែន ជីវិត នយោបាយ រហូតដល់ អាយុ ៧២ ឆ្នាំ ប៉ុន្តែ សម រង្ស៊ី បរាជ័យ ជាដរាប បរាជ័យ គ្មាន បក្ស ឈរ ជើង រលាយ រលត់ រត់ ចោល ស្រុក ខ្មែរ ថែម ទៀត,"['ការជាក់ស្តែង', 'ការប្រកួតប្រជែង', 'ការបោះឆ្នោត', 'សម្តេច', 'តេជោ', 'ហ៊ុន', 'សែន', 'ជីវិត', 'នយោបាយ', 'រហូតដល់', 'អាយុ', '៧២', 'ឆ្នាំ', 'ប៉ុន្តែ', 'សម', 'រង្ស៊ី', 'បរាជ័យ', 'ជាដរាប', 'បរាជ័យ', 'គ្មាន', 'បក្ស', 'ឈរ', 'ជើង', 'រលាយ', 'រលត់', 'រត់', 'ចោល', 'ស្រុក', 'ខ្មែរ', 'ថែម', 'ទៀត']",44,31
433,pair3,neutral,សូមរំលឹកខ្លួនឯងរាល់ពេលបរិភោគអាហារថាត្រូវជ្រើសយកអាហារសុខភាពសម្រាប់ទទួលទាន នោះអ្នកអាចចាប់ផ្តើមបណ្តុះទម្លាប់ទទួលទានអាហារសុខភាពនេះរហូតទៅ។,សូម រំលឹក ខ្លួន ឯង រាល់ បរិភោគ អាហារ ជ្រើស យក អាហារ សុខភាព ទទួលទាន ចាប់ផ្តើម បណ្តុះ ទម្លាប់ ទទួលទាន អាហារ សុខភាព,"['សូម', 'រំលឹក', 'ខ្លួន', 'ឯង', 'រាល់', 'បរិភោគ', 'អាហារ', 'ជ្រើស', 'យក', 'អាហារ', 'សុខភាព', 'ទទួលទាន', 'ចាប់ផ្តើម', 'បណ្តុះ', 'ទម្លាប់', 'ទទួលទាន', 'អាហារ', 'សុខភាព']",29,18
345,pair2,negative,ខណ:ពេលខ្លះទម្ងន់នៃរឿងមិនល្អដែលចូលមកប៉ះអារម្មណ៍អ្នកផ្ទួនៗ ហើយធ្ងន់ធ្ងរពេក អ្នកក៏ពិបាកនឹងគេចវេស ហើយសម្រួលអារម្មណ៍អោយមកប្រក្រតីវិញបានដោយងាយឡើយ,ខណ ខ្លះ ទម្ងន់ នៃ រឿង មិន ល្អ ចូលមក ប៉ះ អារម្មណ៍ ផ្ទួន ធ្ងន់ធ្ងរ ពេក ពិបាក គេចវេស សម្រួល អារម្មណ៍ អោយ ប្រក្រតី វិញ ងាយ ឡើយ,"['ខណ', 'ខ្លះ', 'ទម្ងន់', 'នៃ', 'រឿង', 'មិន', 'ល្អ', 'ចូលមក', 'ប៉ះ', 'អារម្មណ៍', 'ផ្ទួន', 'ធ្ងន់ធ្ងរ', 'ពេក', 'ពិបាក', 'គេចវេស', 'សម្រួល', 'អារម្មណ៍', 'អោយ', 'ប្រក្រតី', 'វិញ', 'ងាយ', 'ឡើយ']",34,22
502,pair3,negative,ដីស្រែទាំងអស់ គឺជាកម្មសិទ្ធិរបស់អង្គការ និងប្រជាជនត្រូវបានបង្ខំឲ្យធ្វើស្រែតាមបញ្ជារបស់ថ្នាក់លើដោយគ្មានការប្រកែកតវ៉ាបានទេ,ដី ស្រែ ទាំងអស់ គឺជា កម្មសិទ្ធិ អង្គការ ប្រជាជន ត្រូវបាន បង្ខំ ឲ្យ ធ្វើ ស្រែ តាម បញ្ជា ថ្នាក់ គ្មាន ការប្រកែក តវ៉ា,"['ដី', 'ស្រែ', 'ទាំងអស់', 'គឺជា', 'កម្មសិទ្ធិ', 'អង្គការ', 'ប្រជាជន', 'ត្រូវបាន', 'បង្ខំ', 'ឲ្យ', 'ធ្វើ', 'ស្រែ', 'តាម', 'បញ្ជា', 'ថ្នាក់', 'គ្មាន', 'ការប្រកែក', 'តវ៉ា']",25,18
138,pair1,positive,តំបន់រមណីយដ្ឋានអង្គរដែលបានចុះបញ្ជីបេតិកភណ្ឌពិភពលោក នេះមានផ្ទៃដី ៤០១ គីឡូម៉ែត្រក្រឡាដែលជាផ្ទៃដីត្រូវរក្សាការពារដាច់ខាតដោយចែកចេញជាបីតំបន់ធំៗ ៕,តំបន់ រមណីយដ្ឋាន អង្គរ ចុះបញ្ជី បេតិកភណ្ឌ ពិភពលោក មាន ផ្ទៃដី ៤០១ គីឡូម៉ែត្រ ក្រឡា ផ្ទៃដី រក្សា ការពារ ដាច់ខាត ចែកចេញ បី តំបន់ ធំ,"['តំបន់', 'រមណីយដ្ឋាន', 'អង្គរ', 'ចុះបញ្ជី', 'បេតិកភណ្ឌ', 'ពិភពលោក', 'មាន', 'ផ្ទៃដី', '៤០១', 'គីឡូម៉ែត្រ', 'ក្រឡា', 'ផ្ទៃដី', 'រក្សា', 'ការពារ', 'ដាច់ខាត', 'ចែកចេញ', 'បី', 'តំបន់', 'ធំ']",29,19
125,pair1,positive,ជារៀងរាល់ឆ្នាំកូនចៅតែងនាំគ្នាសែនព្រេន និងបង្សុកូលនៅវត្ត ឬចេតិយឳពុកម្តាយខ្លួន ដើម្បីជាការរំលឹកគុណចំពោះលោក។,ជារៀងរាល់ ឆ្នាំ កូន ចៅ តែង នាំគ្នា សែន ព្រេន បង្សុកូល វត្ត ចេតិយ ឳពុក ម្តាយ ខ្លួន ការរំលឹក គុណ,"['ជារៀងរាល់', 'ឆ្នាំ', 'កូន', 'ចៅ', 'តែង', 'នាំគ្នា', 'សែន', 'ព្រេន', 'បង្សុកូល', 'វត្ត', 'ចេតិយ', 'ឳពុក', 'ម្តាយ', 'ខ្លួន', 'ការរំលឹក', 'គុណ']",24,16
339,pair2,neutral,ជុំវិញបញ្ហារនេះដែរ ភ្នាក់ងារកាសែតកោះសន្តិភាពប្រចាំខេត្តកណ្តាល ទំនាក់ទំនងទៅលោកវរសេនីយ៍ឯក ព្រុំ សំណាង អធិការនគរបាលស្រុកកៀនស្វាយ តែទូរស័ព្ទចូលគ្មានអ្នកទទួល ។,ជុំវិញ បញ្ហា ភ្នាក់ងារ កាសែត កោះសន្តិភាព ប្រចាំ ខេត្ត កណ្តាល ទំនាក់ទំនង វរសេនីយ៍ ឯក ព្រុំ សំណាង អធិការ នគរបាល ស្រុក កៀនស្វាយ ទូរស័ព្ទ ចូល គ្មាន អ្នកទទួល,"['ជុំវិញ', 'បញ្ហា', 'ភ្នាក់ងារ', 'កាសែត', 'កោះសន្តិភាព', 'ប្រចាំ', 'ខេត្ត', 'កណ្តាល', 'ទំនាក់ទំនង', 'វរសេនីយ៍', 'ឯក', 'ព្រុំ', 'សំណាង', 'អធិការ', 'នគរបាល', 'ស្រុក', 'កៀនស្វាយ', 'ទូរស័ព្ទ', 'ចូល', 'គ្មាន', 'អ្នកទទួល']",28,21
122,pair1,positive,ខណៈ ក្រុមហ៊ុន Izvestia នៅសប្តាហ៍នេះបានបង្ហាញថា ការលក់អាចបន្តនៅក្នុងខែតុលាជាមួយនឹងការផ្គត់ផ្គង់ឧបករណ៍ដល់អ្នកលក់រាយ និងបើកដំណើរការហាងអនឡាញរបស់ខ្លួនជាផ្លូវការ៕,ខណៈ ក្រុមហ៊ុន Izvestia សប្តាហ៍ បង្ហាញ ការលក់ បន្ត នៅក្នុង ខែតុលា ជាមួយនឹង ការផ្គត់ផ្គង់ ឧបករណ៍ អ្នកលក់ រាយ បើក ដំណើរការ ហាង អនឡាញ ខ្លួន ផ្លូវការ,"['ខណៈ', 'ក្រុមហ៊ុន', 'Izvestia', 'សប្តាហ៍', 'បង្ហាញ', 'ការលក់', 'បន្ត', 'នៅក្នុង', 'ខែតុលា', 'ជាមួយនឹង', 'ការផ្គត់ផ្គង់', 'ឧបករណ៍', 'អ្នកលក់', 'រាយ', 'បើក', 'ដំណើរការ', 'ហាង', 'អនឡាញ', 'ខ្លួន', 'ផ្លូវការ']",30,20
148,pair1,neutral,ថ្មពិលដែលយើងប្រើសព្វថ្ងៃនេះមានច្រើនប្រភេទ។,ថ្ម ពិល ប្រើ សព្វ ថ្ងៃ មាន ច្រើន ប្រភេទ,"['ថ្ម', 'ពិល', 'ប្រើ', 'សព្វ', 'ថ្ងៃ', 'មាន', 'ច្រើន', 'ប្រភេទ']",12,8
460,pair3,neutral,គួររំលឹកដែរថា រាជរដ្ឋាភិបាលកម្ពុជា បានសម្រេចឱ្យមានការប្រមូលពន្ធអាករលើរថយន្តគ្មានពន្ធ មានស្រាប់ក្នុងប្រទេស ជ្រកក្រោមផ្លាកលេខផ្សេងៗ ចាប់ពីខែកញ្ញា ឆ្នាំ២០២១ និងបញ្ចប់ត្រឹមថ្ងៃទី៣០ ខែមិថុនា ឆ្នាំ២០២២។,គួរ រំលឹក រាជ រដ្ឋាភិបាល កម្ពុជា សម្រេច ឱ្យ មាន ការប្រមូល ពន្ធ អាករ រថយន្ត គ្មាន ពន្ធ មាន ស្រាប់ ប្រទេស ជ្រក ផ្លាកលេខ ផ្សេង ចាប់ពី ខែកញ្ញា ឆ្នាំ ២០២១ បញ្ចប់ ត្រឹម ថ្ងៃទី៣០ ខែមិថុនា ឆ្នាំ ២០២២,"['គួរ', 'រំលឹក', 'រាជ', 'រដ្ឋាភិបាល', 'កម្ពុជា', 'សម្រេច', 'ឱ្យ', 'មាន', 'ការប្រមូល', 'ពន្ធ', 'អាករ', 'រថយន្ត', 'គ្មាន', 'ពន្ធ', 'មាន', 'ស្រាប់', 'ប្រទេស', 'ជ្រក', 'ផ្លាកលេខ', 'ផ្សេង', 'ចាប់ពី', 'ខែកញ្ញា', 'ឆ្នាំ', '២០២១', 'បញ្ចប់', 'ត្រឹម', 'ថ្ងៃទី៣០', 'ខែមិថុនា', 'ឆ្នាំ', '២០២២']",39,30
96,pair1,negative,សូមរំលឹកផងដែរថា កាលពីថ្ងៃទី៨ ខែតុលា ឆ្នាំ២០២២ លោក វេង សាខុន ត្រូវបានព្រះករុណា ព្រះបាទសម្តេច ព្រះបរមនាថ នរោត្តម សីហមុនី ព្រះមហាក្សត្រនៃកម្ពុជា បានចេញព្រះរាជក្រឹត្យបញ្ចប់មុខតំណែងលោក វេង សាខុន ពីរដ្ឋមន្រតីក្រសួងកសិកម្ម រុក្ខាប្រមាញ់ និងនេសាទ...៕,សូម រំលឹក ផងដែរ កាលពី ថ្ងៃទី ខែតុលា ឆ្នាំ ២០២២ វេង សាខុន ត្រូវបាន ព្រះករុណា ព្រះបាទ សម្តេច ព្រះបរម នាថ នរោត្តម សីហមុនី ព្រះមហាក្សត្រ នៃ កម្ពុជា ចេញ ព្រះរាជ ក្រឹត្យ បញ្ចប់ មុខតំណែង វេង សាខុន រដ្ឋមន្រតី ក្រសួង កសិកម្ម រុក្ខា ប្រមាញ់ នេសាទ,"['សូម', 'រំលឹក', 'ផងដែរ', 'កាលពី', 'ថ្ងៃទី', 'ខែតុលា', 'ឆ្នាំ', '២០២២', 'វេង', 'សាខុន', 'ត្រូវបាន', 'ព្រះករុណា', 'ព្រះបាទ', 'សម្តេច', 'ព្រះបរម', 'នាថ', 'នរោត្តម', 'សីហមុនី', 'ព្រះមហាក្សត្រ', 'នៃ', 'កម្ពុជា', 'ចេញ', 'ព្រះរាជ', 'ក្រឹត្យ', 'បញ្ចប់', 'មុខតំណែង', 'វេង', 'សាខុន', 'រដ្ឋមន្រតី', 'ក្រសួង', 'កសិកម្ម', 'រុក្ខា', 'ប្រមាញ់', 'នេសាទ']",43,34
362,pair2,neutral,នេះបើតាមរបាយការណ៍សង្ខេបចុងក្រោយរបស់ CIVICUS ចេញផ្សាយនៅក្នុងសប្តាហ៍នេះ។,តាម របាយការណ៍ សង្ខេប ចុងក្រោយ CIVICUS ចេញផ្សាយ នៅក្នុង សប្តាហ៍,"['តាម', 'របាយការណ៍', 'សង្ខេប', 'ចុងក្រោយ', 'CIVICUS', 'ចេញផ្សាយ', 'នៅក្នុង', 'សប្តាហ៍']",13,8
253,pair2,positive,បើដូច្នេះ បងសុភាទន្សាយអាណិតជួយដោះទុក្ខអស់បងប្អូនខ្ញុំ ឲ្យបានរួចពីភ័យម្តងនេះ នឹងបានល្បីកេរ្តិ៍ឈ្មោះតទៅ អស់យើងនឹងតបគុណបងសុភាទន្សាយឯង យើងមិនភ្លេចគុណដរាបដល់អស់ជីវិត ។,ដូច្នេះ បង សុភាទ ន្សាយ អាណិត ជួយ ដោះ ទុក្ខ អស់ បងប្អូន ឲ្យបាន ភ័យ ម្តង ល្បី កេរ្តិ៍ឈ្មោះ អស់ តប គុណ បង សុភា ទន្សាយ ឯង មិន ភ្លេច គុណ ដរាប អស់ ជីវិត,"['ដូច្នេះ', 'បង', 'សុភាទ', 'ន្សាយ', 'អាណិត', 'ជួយ', 'ដោះ', 'ទុក្ខ', 'អស់', 'បងប្អូន', 'ឲ្យបាន', 'ភ័យ', 'ម្តង', 'ល្បី', 'កេរ្តិ៍ឈ្មោះ', 'អស់', 'តប', 'គុណ', 'បង', 'សុភា', 'ទន្សាយ', 'ឯង', 'មិន', 'ភ្លេច', 'គុណ', 'ដរាប', 'អស់', 'ជីវិត']",42,28
490,pair3,negative,"តាបានឈ្នួតក្បាលក៏ត្រឡប់មកកន្លែងរទេះរបស់គាត់រកមើលត្រីអាំងមិនឃើញងាករកចុះឡើងមិនឃើញសោះក៏ក្រឡេកទៅលើចុងឈើទើបឃើញក្អែកទាំងពីរកំពុងចែកត្រីអាំងគ្នាស៊ីយ៉ាងហ៊ឺហា,តាក្តៅចិត្តណាស់ប៉ុន្តែមិនដឹងធ្វើម្តេចកើត។",តា ឈ្នួត ក្បាល ត្រឡប់មក កន្លែង រទេះ រកមើល ត្រី អាំង មិន ឃើញ ងាក រក ចុះ ឡើង មិន ឃើញ សោះ ក្រឡេក ចុង ឈើ ទើប ឃើញ ក្អែក កំពុង ចែក ត្រី អាំង ស៊ី យ៉ាង ហ៊ឺហា តា ក្តៅ ចិត្ត ណាស់ ប៉ុន្តែ មិន ដឹង ធ្វើ ម្តេច កើត,"['តា', 'ឈ្នួត', 'ក្បាល', 'ត្រឡប់មក', 'កន្លែង', 'រទេះ', 'រកមើល', 'ត្រី', 'អាំង', 'មិន', 'ឃើញ', 'ងាក', 'រក', 'ចុះ', 'ឡើង', 'មិន', 'ឃើញ', 'សោះ', 'ក្រឡេក', 'ចុង', 'ឈើ', 'ទើប', 'ឃើញ', 'ក្អែក', 'កំពុង', 'ចែក', 'ត្រី', 'អាំង', 'ស៊ី', 'យ៉ាង', 'ហ៊ឺហា', 'តា', 'ក្តៅ', 'ចិត្ត', 'ណាស់', 'ប៉ុន្តែ', 'មិន', 'ដឹង', 'ធ្វើ', 'ម្តេច', 'កើត']",51,41
235,pair2,neutral,សហគ្រិនចិន ស្ថាបនិក Smile shop៖ ចង់ចាប់ផ្តើមរកស៊ីបច្ចេកវិទ្យា គួរចាប់ផ្តើមពីស្រុកខ្មែរទៅ,សហគ្រិន ចិន ស្ថាបនិក Smile shop ចង់ ចាប់ផ្តើម រកស៊ី បច្ចេកវិទ្យា គួរ ចាប់ផ្តើម ស្រុក ខ្មែរ,"['សហគ្រិន', 'ចិន', 'ស្ថាបនិក', 'Smile', 'shop', 'ចង់', 'ចាប់ផ្តើម', 'រកស៊ី', 'បច្ចេកវិទ្យា', 'គួរ', 'ចាប់ផ្តើម', 'ស្រុក', 'ខ្មែរ']",16,13
508,pair3,negative,លោក Pablo Kang ឯកអគ្គរដ្ឋទូតអូស្រ្តាលីប្រចាំកម្ពុជា បានសរសេរតាមបណ្តាញសង្គមធ្វីតធ័រ នៅថ្ងៃសុក្រ ដោយសម្តែងក្តីខកចិត្តទៅនឹងការសម្រេចរបស់តុលាការ ខណៈលោក សុន ឆ័យ ត្រូវបានកាត់ទោសពីបទបរិហាកេរ្តិ៍តាមប្រព័ន្ធផ្សព្វផ្សាយ។,Pablo Kang ឯក អគ្គ រដ្ឋទូត អូស្រ្តាលី ប្រចាំ កម្ពុជា សរសេរ តាម បណ្តាញ សង្គម ធ្វីតធ័រ ថ្ងៃសុក្រ សម្តែង ក្តី ខកចិត្ត ទៅនឹង ការសម្រេច តុលាការ ខណៈ សុន ឆ័យ ត្រូវបាន កាត់ទោស បទ បរិហាកេរ្តិ៍ តាម ប្រព័ន្ធ ផ្សព្វផ្សាយ,"['Pablo', 'Kang', 'ឯក', 'អគ្គ', 'រដ្ឋទូត', 'អូស្រ្តាលី', 'ប្រចាំ', 'កម្ពុជា', 'សរសេរ', 'តាម', 'បណ្តាញ', 'សង្គម', 'ធ្វីតធ័រ', 'ថ្ងៃសុក្រ', 'សម្តែង', 'ក្តី', 'ខកចិត្ត', 'ទៅនឹង', 'ការសម្រេច', 'តុលាការ', 'ខណៈ', 'សុន', 'ឆ័យ', 'ត្រូវបាន', 'កាត់ទោស', 'បទ', 'បរិហាកេរ្តិ៍', 'តាម', 'ប្រព័ន្ធ', 'ផ្សព្វផ្សាយ']",38,30
86,pair1,positive,ក្រោយមកអ្នកគ្រប់គ្រងកម្មវិធី និងជាចាងហ្វាងផលិតកម្មមហាហង្ស លោក អ៊ិន សុភិន បានចេញលិខិតបំភ្លឺសុំទោស នៅថ្ងៃទី២៥ ខែសីហា ឆ្នាំ២០២២ ប៉ុន្តែបានបង្កកំហុសឆ្គងម្តងទៀត...។,ក្រោយមក អ្នកគ្រប់គ្រង កម្មវិធី ចាងហ្វាង ផលិតកម្ម មហាហង្ស អ៊ិន សុភិន ចេញ លិខិត បំភ្លឺ សុំទោស ថ្ងៃទី ២៥ ខែសីហា ឆ្នាំ ២០២២ ប៉ុន្តែ បង្ក កំហុសឆ្គង ម្តង ទៀត,"['ក្រោយមក', 'អ្នកគ្រប់គ្រង', 'កម្មវិធី', 'ចាងហ្វាង', 'ផលិតកម្ម', 'មហាហង្ស', 'អ៊ិន', 'សុភិន', 'ចេញ', 'លិខិត', 'បំភ្លឺ', 'សុំទោស', 'ថ្ងៃទី', '២៥', 'ខែសីហា', 'ឆ្នាំ', '២០២២', 'ប៉ុន្តែ', 'បង្ក', 'កំហុសឆ្គង', 'ម្តង', 'ទៀត']",30,22
183,pair1,neutral,បច្ចុប្បន្ន ជនសង្ស័យពាក់ព័ន្ធទាំងអស់ត្រូវបានសមត្ថកិច្ចបញ្ជូនទៅកាន់ទីបញ្ជាការដ្ឋានកងរាជអាវុធហត្ថរាជធានីភ្នំពេញ ដើម្បីសាកសួរបន្តនីតិវិធី៕,បច្ចុប្បន្ន ជនសង្ស័យ ពាក់ព័ន្ធ ទាំងអស់ ត្រូវបាន សមត្ថកិច្ច បញ្ជូន ទៅកាន់ ទី បញ្ជាការដ្ឋាន កងរាជអាវុធហត្ថ រាជធានី ភ្នំពេញ សាកសួរ បន្ត នីតិវិធី,"['បច្ចុប្បន្ន', 'ជនសង្ស័យ', 'ពាក់ព័ន្ធ', 'ទាំងអស់', 'ត្រូវបាន', 'សមត្ថកិច្ច', 'បញ្ជូន', 'ទៅកាន់', 'ទី', 'បញ្ជាការដ្ឋាន', 'កងរាជអាវុធហត្ថ', 'រាជធានី', 'ភ្នំពេញ', 'សាកសួរ', 'បន្ត', 'នីតិវិធី']",18,16
35,pair1,positive,នៅក្នុងសៀវភៅទក្ខិណានុប្បទានបានពន្យល់ថា ហេតុដែលនាំឱ្យកើតបុណ្យមានតែបីចំណុចប៉ុណ្ណោះគឺចេតនាទាំងបីហ្នឹងឯងជាប្រភពនាំឱ្យកើតបុណ្យ ដែលពាក្យថាចេតនានេះប្រែថា ការជ្រះថ្លា សប្បាយរីករាយ ពេញចិត្តក្នុងទង្វើល្អផ្សេងៗ មានចំណាយទ្រព្យធ្វើបុណ្យជាដើម ។,នៅក្នុង សៀវភៅ ទក្ខិណា នុប្បទាន ពន្យល់ ហេតុ នាំឱ្យ កើត បុណ្យ មាន បី ចំណុច ប៉ុណ្ណោះ ចេតនា បី ហ្នឹងឯង ប្រភព នាំឱ្យ កើត បុណ្យ ពាក្យ ចេតនា ប្រែ ការជ្រះថ្លា សប្បាយរីករាយ ពេញចិត្ត ទង្វើ ល្អ ផ្សេង មាន ចំណាយ ទ្រព្យ ធ្វើ បុណ្យ ជាដើម,"['នៅក្នុង', 'សៀវភៅ', 'ទក្ខិណា', 'នុប្បទាន', 'ពន្យល់', 'ហេតុ', 'នាំឱ្យ', 'កើត', 'បុណ្យ', 'មាន', 'បី', 'ចំណុច', 'ប៉ុណ្ណោះ', 'ចេតនា', 'បី', 'ហ្នឹងឯង', 'ប្រភព', 'នាំឱ្យ', 'កើត', 'បុណ្យ', 'ពាក្យ', 'ចេតនា', 'ប្រែ', 'ការជ្រះថ្លា', 'សប្បាយរីករាយ', 'ពេញចិត្ត', 'ទង្វើ', 'ល្អ', 'ផ្សេង', 'មាន', 'ចំណាយ', 'ទ្រព្យ', 'ធ្វើ', 'បុណ្យ', 'ជាដើម']",49,35
485,pair3,positive,(ភ្នំពេញ)៖ ការបើកយុទ្ធនាការបង្រកាបល្បែងខុសច្បាប់នៅកម្ពុជា និងការរឹតបណ្តឹងច្បាប់ ស្តីពីការគ្រប់គ្រងល្បែងពាណិជ្ជកម្ម គឺជាការលុបបំបាត់ត្រីតូចដើម្បីស្ទូចយកត្រីធំ។,ភ្នំពេញ ការបើក យុទ្ធនាការបង្រ កាប ល្បែង ខុស ច្បាប់ កម្ពុជា ការរឹត បណ្តឹង ច្បាប់ ស្តីពី ការគ្រប់គ្រង ល្បែង ពាណិជ្ជកម្ម គឺជា ការលុបបំបាត់ ត្រី តូច ស្ទូច យក ត្រី ធំ,"['ភ្នំពេញ', 'ការបើក', 'យុទ្ធនាការបង្រ', 'កាប', 'ល្បែង', 'ខុស', 'ច្បាប់', 'កម្ពុជា', 'ការរឹត', 'បណ្តឹង', 'ច្បាប់', 'ស្តីពី', 'ការគ្រប់គ្រង', 'ល្បែង', 'ពាណិជ្ជកម្ម', 'គឺជា', 'ការលុបបំបាត់', 'ត្រី', 'តូច', 'ស្ទូច', 'យក', 'ត្រី', 'ធំ']",30,23
581,pair3,neutral,លោក ហែមថុន ពន្លឺ បានបន្ថែមថាក្រោយបញ្ចប់កម្មវិធីកីឡាជាតិ ការហ្វឹកហាត់នេះ នឹងត្រូវកាត់ចោលការហែលទឹក៣ថ្ងៃនោះ ដោយបង្កើនម៉ោងហ្វឹកហាត់ សម្រាប់វិញ្ញាសាហែលជើងទាសុទ្ធ។,ហែម ថុន ពន្លឺ បន្ថែម ក្រោយ បញ្ចប់ កម្មវិធី កីឡា ជាតិ ការហ្វឹកហាត់ កាត់ចោល ការហែលទឹក៣ ថ្ងៃ បង្កើន ម៉ោង ហ្វឹកហាត់ វិញ្ញាសា ហែល ជើង ទា សុទ្ធ,"['ហែម', 'ថុន', 'ពន្លឺ', 'បន្ថែម', 'ក្រោយ', 'បញ្ចប់', 'កម្មវិធី', 'កីឡា', 'ជាតិ', 'ការហ្វឹកហាត់', 'កាត់ចោល', 'ការហែលទឹក៣', 'ថ្ងៃ', 'បង្កើន', 'ម៉ោង', 'ហ្វឹកហាត់', 'វិញ្ញាសា', 'ហែល', 'ជើង', 'ទា', 'សុទ្ធ']",31,21
503,pair3,negative,ខ្ញុំមិនមានតួលេខច្បាស់លាស់ទេ ប៉ុន្តែប្រាកដណាស់តួលេខដែលត្រូវបានរាយការណ៍គឺខុសឆ្ងាយពីការពិត។,មិន មាន តួលេខ ច្បាស់លាស់ ប៉ុន្តែ ប្រាកដ ណាស់ តួលេខ ត្រូវបាន រាយការណ៍ ខុស ឆ្ងាយ ការពិត,"['មិន', 'មាន', 'តួលេខ', 'ច្បាស់លាស់', 'ប៉ុន្តែ', 'ប្រាកដ', 'ណាស់', 'តួលេខ', 'ត្រូវបាន', 'រាយការណ៍', 'ខុស', 'ឆ្ងាយ', 'ការពិត']",19,13
130,pair1,positive,AISPP ក៏ជាសមាជិកមួយនៃសមាគមសាលារៀនអូស្ត្រាលីអន្តរជាតិ (the Australian International School Association) (AISA) ហើយយើងក៏ជាដៃគូសកលជាមួយនឹងសមាគមសាលារៀនឯកជននៃរដ្ឋ New South Wales ប្រទេសអូស្តរាលី (the Association of Independent Schools of New South Wales) ផងដែរ ។,AISPP សមាជិក នៃ សមាគម សាលារៀន អូស្ត្រាលី អន្តរជាតិ the Australian International School Association AISA ដៃគូ សកល ជាមួយនឹង សមាគម សាលារៀន ឯកជន នៃ រដ្ឋ New South Wales ប្រទេស អូស្ត រាលី the Association of Independent Schools of New South Wales ផងដែរ,"['AISPP', 'សមាជិក', 'នៃ', 'សមាគម', 'សាលារៀន', 'អូស្ត្រាលី', 'អន្តរជាតិ', 'the', 'Australian', 'International', 'School', 'Association', 'AISA', 'ដៃគូ', 'សកល', 'ជាមួយនឹង', 'សមាគម', 'សាលារៀន', 'ឯកជន', 'នៃ', 'រដ្ឋ', 'New', 'South', 'Wales', 'ប្រទេស', 'អូស្ត', 'រាលី', 'the', 'Association', 'of', 'Independent', 'Schools', 'of', 'New', 'South', 'Wales', 'ផងដែរ']",45,37
49,pair1,positive,ក្នុងស្ថានភាពនេះ លោកបានមើលឃើញទៀតថា ទីផ្សារតម្រូវការសេវាថែទាំសុខភាពរបស់ប្រជាជនកម្ពុជាមានទំហំធំ។,ស្ថានភាព មើលឃើញ ទៀត ទីផ្សារ តម្រូវការ សេវា ថែទាំ សុខភាព ប្រជាជន កម្ពុជា មាន ទំហំ ធំ,"['ស្ថានភាព', 'មើលឃើញ', 'ទៀត', 'ទីផ្សារ', 'តម្រូវការ', 'សេវា', 'ថែទាំ', 'សុខភាព', 'ប្រជាជន', 'កម្ពុជា', 'មាន', 'ទំហំ', 'ធំ']",20,13
129,pair1,neutral,លោកប៉ាន់ប្រមាណថា ចំនួនអ្នកធ្វើដំណើរតាមផ្លូវអាកាស អាចនឹងមានការកើនឡើងវិញ នៅចុងឆ្នាំ២០២៣ ឬដើមឆ្នាំ២០២៤ ប្រសិនគ្មានបញ្ហាសកលអ្វីៗកើតឡើងជាបន្តទៀត។,ប៉ាន់ប្រមាណ ចំនួន អ្នកធ្វើដំណើរ តាម ផ្លូវ អាកាស អាចនឹង មាន ការកើន ឡើងវិញ ចុង ឆ្នាំ ២០២៣ ដើម ឆ្នាំ ២០២៤ ប្រសិន គ្មាន បញ្ហា សកល អ្វី កើតឡើង ជាបន្ត ទៀត,"['ប៉ាន់ប្រមាណ', 'ចំនួន', 'អ្នកធ្វើដំណើរ', 'តាម', 'ផ្លូវ', 'អាកាស', 'អាចនឹង', 'មាន', 'ការកើន', 'ឡើងវិញ', 'ចុង', 'ឆ្នាំ', '២០២៣', 'ដើម', 'ឆ្នាំ', '២០២៤', 'ប្រសិន', 'គ្មាន', 'បញ្ហា', 'សកល', 'អ្វី', 'កើតឡើង', 'ជាបន្ត', 'ទៀត']",30,24
376,pair2,negative,ការមើលទូរទស្សន៍ ឬទូរស័ព្ទច្រើនពេកក៏នឹងនាំឱ្យមានរបៀបរស់នៅមិនស្ងប់ មានបញ្ហានៃការមើល និងកាត់បន្ថយសមត្ថភាពនៃការគិត ៕,ការមើល ទូរទស្សន៍ ទូរស័ព្ទ ច្រើន ពេក នាំឱ្យ មាន របៀប រស់ មិន ស្ងប់ មាន បញ្ហា នៃ ការមើល កាត់បន្ថយ សមត្ថភាព នៃ ការគិត,"['ការមើល', 'ទូរទស្សន៍', 'ទូរស័ព្ទ', 'ច្រើន', 'ពេក', 'នាំឱ្យ', 'មាន', 'របៀប', 'រស់', 'មិន', 'ស្ងប់', 'មាន', 'បញ្ហា', 'នៃ', 'ការមើល', 'កាត់បន្ថយ', 'សមត្ថភាព', 'នៃ', 'ការគិត']",25,19
243,pair2,neutral,ជួនកាលការវាយតម្លៃទង្វើភាពក៏គួរតែបង្ហើយមុននឹងពួកគេទៅធ្វើការនៅគម្រោងផ្សេងទៀត,ជួនកាល ការវាយតម្លៃ ទង្វើ ភាព គួរតែ បង្ហើយ មុននឹង ពួកគេ ធ្វើការ គម្រោង ផ្សេង ទៀត,"['ជួនកាល', 'ការវាយតម្លៃ', 'ទង្វើ', 'ភាព', 'គួរតែ', 'បង្ហើយ', 'មុននឹង', 'ពួកគេ', 'ធ្វើការ', 'គម្រោង', 'ផ្សេង', 'ទៀត']",15,12
534,pair3,neutral,ចៅពញាភក្តីសង្គរាមហុកទទួលព្រះរាជបញ្ជាហើយក៏សន្យានឹងព្រះជ័យជេដ្ឋាថាតែ៧ថ្ងៃនឹងធ្វើការនេះឲ្យបានសម្រេចហើយសូមព្រះអង្គឲ្យទ័ពទៅចាំទទួល។,ចៅ ពញា ភក្តី សង្គ រាម ហុក ទទួល ព្រះរាជ បញ្ជា ហើយក៏ សន្យា ព្រះជ័យ ជេដ្ឋា ថ្ងៃ ធ្វើ ការ ឲ្យបាន សម្រេច សូម ព្រះអង្គ ឲ្យ ទ័ព ចាំ ទទួល,"['ចៅ', 'ពញា', 'ភក្តី', 'សង្គ', 'រាម', 'ហុក', 'ទទួល', 'ព្រះរាជ', 'បញ្ជា', 'ហើយក៏', 'សន្យា', 'ព្រះជ័យ', 'ជេដ្ឋា', 'ថ្ងៃ', 'ធ្វើ', 'ការ', 'ឲ្យបាន', 'សម្រេច', 'សូម', 'ព្រះអង្គ', 'ឲ្យ', 'ទ័ព', 'ចាំ', 'ទទួល']",33,24
402,pair3,neutral,លោកថ្លែងប្រាប់វីអូអេថា៖ «យើងឃើញមានសាក្សី ៥ នាក់ផ្សេងទៀតដែរ ដែលឆ្លើយ ហើយក្នុងហ្នឹងក៏ឃើញអ្នកស្រី ចក់ សុភាព ដែរ ដែលសួរពាក់ព័ន្ធហ្នឹងខាងផ្នែកហិរញ្ញវត្ថុនៃមជ្ឈមណ្ឌលសិទ្ធិមនុស្សកម្ពុជា ដែលអ្នកស្រីធ្វើការជាមួយឯកឧត្តម កឹម សុខា»។,ថ្លែង ប្រាប់ វីអូអេថា៖ ឃើញ មាន សាក្សី នាក់ ផ្សេង ទៀត ឆ្លើយ ហ្នឹង ឃើញ អ្នកស្រី ចក់ សុភាព សួរ ពាក់ព័ន្ធ ហ្នឹង ខាង ផ្នែក ហិរញ្ញវត្ថុ នៃ មជ្ឈមណ្ឌល សិទ្ធិ មនុស្ស កម្ពុជា អ្នកស្រី ធ្វើការ ឯកឧត្តម កឹម សុខា,"['ថ្លែង', 'ប្រាប់', 'វីអូអេថា៖', 'ឃើញ', 'មាន', 'សាក្សី', 'នាក់', 'ផ្សេង', 'ទៀត', 'ឆ្លើយ', 'ហ្នឹង', 'ឃើញ', 'អ្នកស្រី', 'ចក់', 'សុភាព', 'សួរ', 'ពាក់ព័ន្ធ', 'ហ្នឹង', 'ខាង', 'ផ្នែក', 'ហិរញ្ញវត្ថុ', 'នៃ', 'មជ្ឈមណ្ឌល', 'សិទ្ធិ', 'មនុស្ស', 'កម្ពុជា', 'អ្នកស្រី', 'ធ្វើការ', 'ឯកឧត្តម', 'កឹម', 'សុខា']",46,31
246,pair2,negative,ការព្រួយបារម្ភនេះ ចំពេលយន្តការបញ្ជរាបកូនរបស់ថ្នាក់ដឹកនាំឱ្យកាន់មុខតំណែងក្នុងក្រសួងសំខាន់ៗនៅតែបន្តកើតឡើង ក្រោយពីតុលាការកំពូលរំលាយគណបក្សប្រឆាំងធំមួយដែលមានអាសនៈក្នុងសភា និងឃុំ- សង្កាត់ ប្រហាក់ប្រហែលបក្សកាន់អំណាច ចេញពីទីលានប្រកួតនយោបាយ។,ការព្រួយបារម្ភ ចំ យន្ត ការបញ្ជរាប កូន ថ្នាក់ដឹកនាំ ឱ្យ កាន់ មុខតំណែង ក្រសួង សំខាន់ នៅតែ បន្ត កើតឡើង ក្រោយពី តុលាការ កំពូល រំលាយ គណបក្ស ប្រឆាំង ធំ មាន អាសនៈ សភា ឃុំ សង្កាត់ ប្រហាក់ប្រហែល បក្ស កាន់អំណាច ចេញ ទីលាន ប្រកួត នយោបាយ,"['ការព្រួយបារម្ភ', 'ចំ', 'យន្ត', 'ការបញ្ជរាប', 'កូន', 'ថ្នាក់ដឹកនាំ', 'ឱ្យ', 'កាន់', 'មុខតំណែង', 'ក្រសួង', 'សំខាន់', 'នៅតែ', 'បន្ត', 'កើតឡើង', 'ក្រោយពី', 'តុលាការ', 'កំពូល', 'រំលាយ', 'គណបក្ស', 'ប្រឆាំង', 'ធំ', 'មាន', 'អាសនៈ', 'សភា', 'ឃុំ', 'សង្កាត់', 'ប្រហាក់ប្រហែល', 'បក្ស', 'កាន់អំណាច', 'ចេញ', 'ទីលាន', 'ប្រកួត', 'នយោបាយ']",45,33
538,pair3,neutral,បន្ទាប់ពីនោះក្រុមអ្នកកាសែតចែកជើងគ្នារត់ទៅសួរលោកនេះម្តងលោកនោះម្តង ថាភាគីទាំងពីរព្រមព្រៀងគ្នាយ៉ាងម៉េចខ្លះលើចំណុចខ្វែងគំនិតគ្នាទាំងជាង១០ចំណុចនោះតែមិនបានចម្លើយតបនោះទេ។,បន្ទាប់ពី ក្រុម អ្នកកាសែត ចែក ជើង រត់ សួរ ម្តង ម្តង ភាគី ព្រមព្រៀង យ៉ាងម៉េច ខ្លះ ចំណុច ខ្វែង គំនិត ជាង ១០ចំណុច មិន ចម្លើយតប,"['បន្ទាប់ពី', 'ក្រុម', 'អ្នកកាសែត', 'ចែក', 'ជើង', 'រត់', 'សួរ', 'ម្តង', 'ម្តង', 'ភាគី', 'ព្រមព្រៀង', 'យ៉ាងម៉េច', 'ខ្លះ', 'ចំណុច', 'ខ្វែង', 'គំនិត', 'ជាង', '១០ចំណុច', 'មិន', 'ចម្លើយតប']",40,20
440,pair3,positive,ផលិតភាព និងប្រសិទ្ធភាពអាចកើតឡើងបានលុះត្រាតែអ្នកធ្វើការងារនោះពេញចិត្តនឹងអ្វីដែលពួកគេកំពុងធ្វើ។,ផលិតភាព ប្រសិទ្ធភាព កើតឡើង លុះត្រាតែ អ្នកធ្វើ ការងារ ពេញចិត្ត អ្វី ពួកគេ កំពុង ធ្វើ,"['ផលិតភាព', 'ប្រសិទ្ធភាព', 'កើតឡើង', 'លុះត្រាតែ', 'អ្នកធ្វើ', 'ការងារ', 'ពេញចិត្ត', 'អ្វី', 'ពួកគេ', 'កំពុង', 'ធ្វើ']",18,11
234,pair2,neutral,តាមពិតកម្មវិធីភាសាដែលយើងបានសម្ពោធនៅមុនភាសាខ្មែរគឺភាសាឡាវដូចលោកមានប្រសាសន៍នៅពេលមុននេះ។,តាមពិត កម្មវិធី ភាសា សម្ពោធ មុន ភាសា ខ្មែរ ភាសា ឡាវ មានប្រសាសន៍ នៅពេល មុន,"['តាមពិត', 'កម្មវិធី', 'ភាសា', 'សម្ពោធ', 'មុន', 'ភាសា', 'ខ្មែរ', 'ភាសា', 'ឡាវ', 'មានប្រសាសន៍', 'នៅពេល', 'មុន']",21,12
299,pair2,neutral,ទាំងភោជនីយដ្ឋាន និងណូរី ត្រូវបានសាងសង់រួចហើយតាំងពីឆ្នាំ ២០២១ ដោយផ្តើមទទួលភ្ញៀវជាក្រុមឯកជនសម្រាប់តែការកក់ទុកមុន។,ភោជនីយដ្ឋាន ណូរី ត្រូវបាន សាងសង់ រួចហើយ តាំងពី ឆ្នាំ ២០២១ ផ្តើម ទទួល ភ្ញៀវ ក្រុម ឯកជន ការកក់ទុក មុន,"['ភោជនីយដ្ឋាន', 'ណូរី', 'ត្រូវបាន', 'សាងសង់', 'រួចហើយ', 'តាំងពី', 'ឆ្នាំ', '២០២១', 'ផ្តើម', 'ទទួល', 'ភ្ញៀវ', 'ក្រុម', 'ឯកជន', 'ការកក់ទុក', 'មុន']",22,15
103,pair1,neutral,គ.ឱពលិកម្មនោះមាន៥យ៉ាងអ្នកឯងស្តាប់ចុះ។,ឱពលិកម្ម មាន ៥យ៉ាង អ្នកឯង ស្តាប់ ចុះ,"['ឱពលិកម្ម', 'មាន', '៥យ៉ាង', 'អ្នកឯង', 'ស្តាប់', 'ចុះ']",9,6
142,pair1,negative,មិត្តភក្តិខ្លះមានមុខតែពេលយើងជោគជ័យ ហើយបាតដៃរបស់ពួកគេគឺសម្រាប់តែទះអបអរពេលយើងសប្បាយរីករាយ ពេលយើងមានមុខមាត់ មានលុយ មានការរីកចម្រើន។,មិត្តភក្តិ ខ្លះ មាន មុខ ជោគជ័យ បាត ដៃ ពួកគេ ទះ អបអរ សប្បាយរីករាយ មាន មុខមាត់ មាន លុយ មាន ការរីកចម្រើន,"['មិត្តភក្តិ', 'ខ្លះ', 'មាន', 'មុខ', 'ជោគជ័យ', 'បាត', 'ដៃ', 'ពួកគេ', 'ទះ', 'អបអរ', 'សប្បាយរីករាយ', 'មាន', 'មុខមាត់', 'មាន', 'លុយ', 'មាន', 'ការរីកចម្រើន']",30,17
92,pair1,negative,បើតាមលោក អំ សំអាត អ្នកស្រី ចក់ សុភាព ត្រូវបានអយ្យការចោទសួរអំពីប្រភពមូលនិធិដែលត្រូវបានផ្តល់ជូនមជ្ឈមណ្ឌលសិទ្ធិមនុស្សកម្ពុជា អំឡុងពេលអ្នកស្រីបំពេញការងារជាមួយលោក កឹម សុខា។,តាម អំ សំអាត អ្នកស្រី ចក់ សុភាព ត្រូវបាន អយ្យការ ចោទសួរ អំពី ប្រភព មូលនិធិ ត្រូវបាន ផ្តល់ ជូន មជ្ឈមណ្ឌល សិទ្ធិ មនុស្ស កម្ពុជា អំឡុង អ្នកស្រី បំពេញ ការងារ កឹម សុខា,"['តាម', 'អំ', 'សំអាត', 'អ្នកស្រី', 'ចក់', 'សុភាព', 'ត្រូវបាន', 'អយ្យការ', 'ចោទសួរ', 'អំពី', 'ប្រភព', 'មូលនិធិ', 'ត្រូវបាន', 'ផ្តល់', 'ជូន', 'មជ្ឈមណ្ឌល', 'សិទ្ធិ', 'មនុស្ស', 'កម្ពុជា', 'អំឡុង', 'អ្នកស្រី', 'បំពេញ', 'ការងារ', 'កឹម', 'សុខា']",32,25
357,pair2,neutral,អ្នកវិភាគនយោបាយ លោក សេង សារី លើកឡើងថា ការធ្វើទុក្ខបុកម្នេញទៅលើមេដឹកនាំនិងសកម្មជនរបស់គណបក្សប្រឆាំងនៅមូលដ្ឋាន មិនមែនជារឿងថ្មីទេ នៅក្នុងនយោបាយកម្ពុជា។,អ្នកវិភាគ នយោបាយ សេង សារី លើកឡើង ការធ្វើ ទុក្ខបុកម្នេញ មេដឹកនាំ សកម្មជន គណបក្ស ប្រឆាំង មូលដ្ឋាន មិន មែន រឿង ថ្មី នៅក្នុង នយោបាយ កម្ពុជា,"['អ្នកវិភាគ', 'នយោបាយ', 'សេង', 'សារី', 'លើកឡើង', 'ការធ្វើ', 'ទុក្ខបុកម្នេញ', 'មេដឹកនាំ', 'សកម្មជន', 'គណបក្ស', 'ប្រឆាំង', 'មូលដ្ឋាន', 'មិន', 'មែន', 'រឿង', 'ថ្មី', 'នៅក្នុង', 'នយោបាយ', 'កម្ពុជា']",29,19
525,pair3,positive,"បណ្តាញផ្សព្វផ្សាយសង្គម Facebook បានបញ្ជាក់ថា ជាបណ្តាញដែលមានប្រជាប្រិយភាពជាងគេ ដែលបណ្តាញនេះមានអ្នកប្រើប្រាស់រហូតដល់ ៦,៨ លាននាក់នៅក្នុងឆ្នាំ ២០១៨ ដែលចំនួននេះស្មើនឹងចំនួនពាក់កណ្តាលនៃប្រជាជនសរុប ហើយក៏ជាកំណើនដ៏គួរឱ្យកត់សម្គាល់ ដែលកើនពីចំនួន ៤,៨ លាននាក់កាលពីនៅក្នុងឆ្នាំ ២០១៧។",បណ្តាញ ផ្សព្វផ្សាយ សង្គម Facebook បញ្ជាក់ បណ្តាញ មាន ប្រជាប្រិយភាព ជាង បណ្តាញ មាន អ្នកប្រើប្រាស់ រហូតដល់ លាន នាក់ នៅក្នុង ឆ្នាំ ២០១៨ ចំនួន ស្មើនឹង ចំនួន ពាក់កណ្តាល នៃ ប្រជាជន សរុប ហើយក៏ កំណើន ដ៏ គួរឱ្យ កត់សម្គាល់ កើន ចំនួន លាន នាក់ កាលពី នៅក្នុង ឆ្នាំ ២០១៧,"['បណ្តាញ', 'ផ្សព្វផ្សាយ', 'សង្គម', 'Facebook', 'បញ្ជាក់', 'បណ្តាញ', 'មាន', 'ប្រជាប្រិយភាព', 'ជាង', 'បណ្តាញ', 'មាន', 'អ្នកប្រើប្រាស់', 'រហូតដល់', 'លាន', 'នាក់', 'នៅក្នុង', 'ឆ្នាំ', '២០១៨', 'ចំនួន', 'ស្មើនឹង', 'ចំនួន', 'ពាក់កណ្តាល', 'នៃ', 'ប្រជាជន', 'សរុប', 'ហើយក៏', 'កំណើន', 'ដ៏', 'គួរឱ្យ', 'កត់សម្គាល់', 'កើន', 'ចំនួន', 'លាន', 'នាក់', 'កាលពី', 'នៅក្នុង', 'ឆ្នាំ', '២០១៧']",53,38
464,pair3,neutral,ដូច្នេះពិធីបុណ្យភ្ជុំបិណ្ឌ ដែលខ្មែរនិយមប្រារព្ធជារៀងរាល់ឆ្នាំ គឺដើម្បីឧទ្ទិសកុសលទៅដល់ពួកប្រេតទាំង៤ពួកនេះ ដែលប្រេតទាំងនេះចិញ្ចឹមជីវិតដោយផលទានដែលគេឧទ្ទិសឱ្យនេះឯង ៕,ដូច្នេះ ពិធី បុណ្យ ភ្ជុំ បិណ្ឌ ខ្មែរ និយម ប្រារព្ធ ជារៀងរាល់ ឆ្នាំ ឧទ្ទិស កុសល ទៅដល់ ពួក ប្រេត ទាំង៤ពួក ប្រេត ទាំងនេះ ចិញ្ចឹម ជីវិត ផល ទាន ឧទ្ទិស ឱ្យ ឯង,"['ដូច្នេះ', 'ពិធី', 'បុណ្យ', 'ភ្ជុំ', 'បិណ្ឌ', 'ខ្មែរ', 'និយម', 'ប្រារព្ធ', 'ជារៀងរាល់', 'ឆ្នាំ', 'ឧទ្ទិស', 'កុសល', 'ទៅដល់', 'ពួក', 'ប្រេត', 'ទាំង៤ពួក', 'ប្រេត', 'ទាំងនេះ', 'ចិញ្ចឹម', 'ជីវិត', 'ផល', 'ទាន', 'ឧទ្ទិស', 'ឱ្យ', 'ឯង']",35,25
418,pair3,neutral,ប្រសិនបើអ្នកយល់ឃើញថា ខ្លួនប្រាណរបស់អ្នកតែងតែអេះផ្នែកណាមួយ រហូតដល់បង្អាក់ការបំពេញការងារប្រចាំថ្ងៃ ដូចនេះសូមព្យាយាមស្វែងរកមូលហេតុដែលបណ្តាលឲ្យកើតឡើង ។,ប្រសិនបើ យល់ឃើញ ខ្លួនប្រាណ តែងតែ អេះ ផ្នែក ណាមួយ រហូតដល់ បង្អាក់ ការបំពេញ ការងារ ប្រចាំ ថ្ងៃ ដូចនេះ សូម ព្យាយាម ស្វែងរក មូលហេតុ បណ្តាលឲ្យ កើតឡើង,"['ប្រសិនបើ', 'យល់ឃើញ', 'ខ្លួនប្រាណ', 'តែងតែ', 'អេះ', 'ផ្នែក', 'ណាមួយ', 'រហូតដល់', 'បង្អាក់', 'ការបំពេញ', 'ការងារ', 'ប្រចាំ', 'ថ្ងៃ', 'ដូចនេះ', 'សូម', 'ព្យាយាម', 'ស្វែងរក', 'មូលហេតុ', 'បណ្តាលឲ្យ', 'កើតឡើង']",26,20
353,pair2,positive,ស្វាយចន្ទី គឺជាដំណាំមួយប្រភេទមានសារៈសំខាន់ណាស់ ដែលជាផ្នែកមួយជួយដល់សេដ្ឋកិច្ចប្រជាពលរដ្ឋរស់នៅទីជនបទ។,ស្វាយចន្ទី គឺជា ដំណាំ ប្រភេទ មាន សារៈសំខាន់ ណាស់ ផ្នែក ជួយ សេដ្ឋកិច្ច ប្រជាពលរដ្ឋ រស់ ទី ជនបទ,"['ស្វាយចន្ទី', 'គឺជា', 'ដំណាំ', 'ប្រភេទ', 'មាន', 'សារៈសំខាន់', 'ណាស់', 'ផ្នែក', 'ជួយ', 'សេដ្ឋកិច្ច', 'ប្រជាពលរដ្ឋ', 'រស់', 'ទី', 'ជនបទ']",21,14
268,pair2,neutral,(រាជធានីភ្នំពេញ)៖ គណៈកម្មាធិការជាតិគ្រប់គ្រងគ្រោះមហន្តរាយ បានជំរុញឱ្យអាជ្ញាធរបណ្តាខេត្តជាប់បឹងទន្លេសាបទាំងអស់ ពិសេសខេត្តសៀមរាប និងខេត្តកំពង់ធំ ឱ្យចុះសិក្សាលទ្ធភាពផ្តល់ពូជស្រូវជូនកសិករដែលរងគ្រោះដោយទឹកជំនន់ធ្ងន់ធ្ងរ ដើម្បីអាចស្តារជីវភាពឡើងវិញទាន់ពេលវេលា។,រាជធានី ភ្នំពេញ គណៈកម្មាធិការ ជាតិ គ្រប់គ្រង គ្រោះមហន្តរាយ ជំរុញ ឱ្យ អាជ្ញាធរ បណ្តា ខេត្ត ជាប់ បឹង ទន្លេ សាប ទាំងអស់ ពិសេស ខេត្ត សៀមរាប ខេត្ត កំពង់ធំ ឱ្យ ចុះ សិក្សា លទ្ធភាព ផ្តល់ ពូជ ស្រូវ ជូន កសិករ រងគ្រោះ ទឹក ជំនន់ ធ្ងន់ធ្ងរ ស្តារ ជីវភាព ឡើងវិញ ទាន់ វេលា,"['រាជធានី', 'ភ្នំពេញ', 'គណៈកម្មាធិការ', 'ជាតិ', 'គ្រប់គ្រង', 'គ្រោះមហន្តរាយ', 'ជំរុញ', 'ឱ្យ', 'អាជ្ញាធរ', 'បណ្តា', 'ខេត្ត', 'ជាប់', 'បឹង', 'ទន្លេ', 'សាប', 'ទាំងអស់', 'ពិសេស', 'ខេត្ត', 'សៀមរាប', 'ខេត្ត', 'កំពង់ធំ', 'ឱ្យ', 'ចុះ', 'សិក្សា', 'លទ្ធភាព', 'ផ្តល់', 'ពូជ', 'ស្រូវ', 'ជូន', 'កសិករ', 'រងគ្រោះ', 'ទឹក', 'ជំនន់', 'ធ្ងន់ធ្ងរ', 'ស្តារ', 'ជីវភាព', 'ឡើងវិញ', 'ទាន់', 'វេលា']",49,39
572,pair3,neutral,ប្រសិនបើអ្នកកុម្ម៉ង់បន្លែ(សាលាដ) សូមដាក់ទឹកជ្រលក់ឲ្យតិចបំផុត។,ប្រសិនបើ កុម្ម៉ង់ បន្លែ សាលា សូម ដាក់ ទឹកជ្រលក់ ឲ្យ តិច បំផុត,"['ប្រសិនបើ', 'កុម្ម៉ង់', 'បន្លែ', 'សាលា', 'សូម', 'ដាក់', 'ទឹកជ្រលក់', 'ឲ្យ', 'តិច', 'បំផុត']",14,10
41,pair1,negative,ទោះយ៉ាងណា លោក ថេង សាវឿន កត់សម្គាល់ការជំរុញវិស័យកសិកម្មក្នុងស្រុក នៅតែមានបញ្ហាប្រឈមមួយចំនួន ដែលរដ្ឋាភិបាលត្រូវគិតគូយកចិត្តទុកដាក់។,ទោះ យ៉ាងណា ថេង សាវឿន កត់សម្គាល់ ការជំរុញ វិស័យ កសិកម្ម ស្រុក នៅតែ មាន បញ្ហា ប្រឈម ចំនួន រដ្ឋាភិបាល គិតគូ យកចិត្តទុកដាក់,"['ទោះ', 'យ៉ាងណា', 'ថេង', 'សាវឿន', 'កត់សម្គាល់', 'ការជំរុញ', 'វិស័យ', 'កសិកម្ម', 'ស្រុក', 'នៅតែ', 'មាន', 'បញ្ហា', 'ប្រឈម', 'ចំនួន', 'រដ្ឋាភិបាល', 'គិតគូ', 'យកចិត្តទុកដាក់']",23,17
360,pair2,neutral,ឆ្នាំរោង៖ (ធាតុមាស ពង្សទេវតាប្រុស) រាសីរបស់អស់លោកអ្នកដែលកើតឆ្នាំរោង ថ្ងៃនេះ មធ្យម ។,ឆ្នាំ រោង៖ ធាតុ មាស ពង្ស ទេវតា ប្រុស រាសី អស់ កើត ឆ្នាំ រោង ថ្ងៃ មធ្យម,"['ឆ្នាំ', 'រោង៖', 'ធាតុ', 'មាស', 'ពង្ស', 'ទេវតា', 'ប្រុស', 'រាសី', 'អស់', 'កើត', 'ឆ្នាំ', 'រោង', 'ថ្ងៃ', 'មធ្យម']",22,14
437,pair3,positive,ភ្នំពេញ៖ ធនាគារ កាណាឌីយ៉ា ដែលជាធនាគារពាណិជ្ជកម្មឈានមុខក្នុងប្រទេសកម្ពុជា បានបង្ហាញសមិទ្ធិផលថ្មីមួយរបស់ខ្លួន ដោយបើកសម្ពោធដំណើរការជាផ្លូវការនូវ Smart Branch ដ៏ថ្មីស្រឡាង មានទីតាំងស្ថិតនៅផ្ទះលេខ ២២៩ និង ២៣១ ផ្លូវ ១០០៣ សង្កាត់ភ្នំពេញថ្មី ខណ្ឌសែនសុខ រាជធានីភ្នំពេញ។,ភ្នំពេញ៖ ធនាគារ កាណាឌីយ៉ា ធនាគារ ពាណិជ្ជកម្ម ឈានមុខ ប្រទេស កម្ពុជា បង្ហាញ សមិទ្ធិផល ថ្មី ខ្លួន បើក សម្ពោធ ដំណើរការ ផ្លូវការ នូវ Smart Branch ដ៏ ថ្មី ស្រឡាង មាន ទីតាំង ស្ថិត ផ្ទះ លេខ ២២៩ ២៣១ ផ្លូវ ១០០៣ សង្កាត់ ភ្នំពេញ ថ្មី ខណ្ឌ សែនសុខ រាជធានី ភ្នំពេញ,"['ភ្នំពេញ៖', 'ធនាគារ', 'កាណាឌីយ៉ា', 'ធនាគារ', 'ពាណិជ្ជកម្ម', 'ឈានមុខ', 'ប្រទេស', 'កម្ពុជា', 'បង្ហាញ', 'សមិទ្ធិផល', 'ថ្មី', 'ខ្លួន', 'បើក', 'សម្ពោធ', 'ដំណើរការ', 'ផ្លូវការ', 'នូវ', 'Smart', 'Branch', 'ដ៏', 'ថ្មី', 'ស្រឡាង', 'មាន', 'ទីតាំង', 'ស្ថិត', 'ផ្ទះ', 'លេខ', '២២៩', '២៣១', 'ផ្លូវ', '១០០៣', 'សង្កាត់', 'ភ្នំពេញ', 'ថ្មី', 'ខណ្ឌ', 'សែនសុខ', 'រាជធានី', 'ភ្នំពេញ']",49,38
308,pair2,negative,គូសបញ្ជាក់ផងដែរថា សម្តេចបានបញ្ជាក់សាជាថ្មី ចំពោះអ្នករកស៊ីទាំងឡាយដែលការបង្កប់នូវល្បែងដោយខុសច្បាប់ត្រូវដកចេញជាបន្ទាន់ បើមិនដូច្នោះនឹងរងនូវទណ្ឌកម្មដោយបិទមិនឱ្យប្រកបអាជីវកម្មបន្តទៅទៀតទេ៕,គូសបញ្ជាក់ ផងដែរ សម្តេច បញ្ជាក់ សា ថ្មី អ្នករកស៊ី ទាំងឡាយ ការបង្កប់ នូវ ល្បែង ខុស ច្បាប់ ដក ចេញ ជាបន្ទាន់ មិន ដូច្នោះ រង នូវ ទណ្ឌកម្ម បិទ មិន ឱ្យ ប្រកប អាជីវកម្ម បន្ត ទៀត,"['គូសបញ្ជាក់', 'ផងដែរ', 'សម្តេច', 'បញ្ជាក់', 'សា', 'ថ្មី', 'អ្នករកស៊ី', 'ទាំងឡាយ', 'ការបង្កប់', 'នូវ', 'ល្បែង', 'ខុស', 'ច្បាប់', 'ដក', 'ចេញ', 'ជាបន្ទាន់', 'មិន', 'ដូច្នោះ', 'រង', 'នូវ', 'ទណ្ឌកម្ម', 'បិទ', 'មិន', 'ឱ្យ', 'ប្រកប', 'អាជីវកម្ម', 'បន្ត', 'ទៀត']",41,28
270,pair2,negative,ផលប៉ះពាល់សង្គមដោយសារឧក្រិដ្ឋកម្មឆ្លងដែនរបស់ជនជាតិចិននៅខេត្តព្រះសីហនុ,ផល ប៉ះពាល់ សង្គម ដោយសារ ឧក្រិដ្ឋកម្ម ឆ្លង ដែន ជនជាតិ ចិន ខេត្ត ព្រះសីហនុ,"['ផល', 'ប៉ះពាល់', 'សង្គម', 'ដោយសារ', 'ឧក្រិដ្ឋកម្ម', 'ឆ្លង', 'ដែន', 'ជនជាតិ', 'ចិន', 'ខេត្ត', 'ព្រះសីហនុ']",13,11
505,pair3,positive,ជាច្រើនជំនាន់មកហើយ យើងចិញ្ចឹមកូនដោយជឿថាបន្លែនិងផ្លែឈើជាអាហារដ៏ល្អបំផុតដើម្បីធ្វើឱ្យរាងកាយរឹងមាំ (សូម្បីតែនៅក្នុងរឿងតុក្កតាល្បី ប៉ុបអាយ ក៏អនុវត្តតាមជំនឿនេះដែរ)។,ជាច្រើន ជំនាន់ ចិញ្ចឹម កូន ជឿ បន្លែ ផ្លែ ឈើ អាហារ ដ៏ ល្អ បំផុត ធ្វើឱ្យ រាងកាយ រឹងមាំ សូម្បីតែ នៅក្នុង រឿង តុក្កតា ល្បី ប៉ុប អាយ អនុវត្ត តាម ជំនឿ,"['ជាច្រើន', 'ជំនាន់', 'ចិញ្ចឹម', 'កូន', 'ជឿ', 'បន្លែ', 'ផ្លែ', 'ឈើ', 'អាហារ', 'ដ៏', 'ល្អ', 'បំផុត', 'ធ្វើឱ្យ', 'រាងកាយ', 'រឹងមាំ', 'សូម្បីតែ', 'នៅក្នុង', 'រឿង', 'តុក្កតា', 'ល្បី', 'ប៉ុប', 'អាយ', 'អនុវត្ត', 'តាម', 'ជំនឿ']",39,25
22,pair1,neutral,ខ្ញុំចង់ចេញនៅថ្ងៃសុក្រនេះ,ចង់ ចេញ ថ្ងៃសុក្រ,"['ចង់', 'ចេញ', 'ថ្ងៃសុក្រ']",6,3
336,pair2,neutral,តួលេខរបស់កម្មវិធីអភិវឌ្ឍន៍អង្គការសហប្រជាជាតិ (UNDP) បង្ហាញពីភាពខុសគ្នាដ៏ធំមួយ នៅពេលដែលសង្គមទាំងមូលត្រូវបានគេយកមកពិចារណា។,តួលេខ កម្មវិធី អភិវឌ្ឍន៍ អង្គការ សហ ប្រជាជាតិ UNDP បង្ហាញ ភាពខុសគ្នា ដ៏ ធំ សង្គម ទាំងមូល ត្រូវបាន យកមក ពិចារណា,"['តួលេខ', 'កម្មវិធី', 'អភិវឌ្ឍន៍', 'អង្គការ', 'សហ', 'ប្រជាជាតិ', 'UNDP', 'បង្ហាញ', 'ភាពខុសគ្នា', 'ដ៏', 'ធំ', 'សង្គម', 'ទាំងមូល', 'ត្រូវបាន', 'យកមក', 'ពិចារណា']",24,16
39,pair1,neutral,បើតាមរបាយការណ៍របស់ក្រុមប្រឹក្សាអភិវឌ្ឍន៍កម្ពុជា ដែលបានផ្សព្វផ្សាយ កាលពីថ្ងៃទី៥ ខែតុលា ឆ្នាំ២០២២ បានឱ្យដឹងថា កម្ពុជា បានអនុម័តគម្រោងវិនិយោគថ្មី សរុបចំនួន១៥០គម្រោង ក្រោមទុនវិនិយោគ ៣៥០០លានដុល្លារ ដោយរាប់ចាប់ពីខែមករា ដល់ខែកញ្ញា ឆ្នាំ២០២២។,តាម របាយការណ៍ ក្រុមប្រឹក្សា អភិវឌ្ឍន៍ កម្ពុជា ផ្សព្វផ្សាយ កាលពី ថ្ងៃទី ខែតុលា ឆ្នាំ ២០២២ ឱ្យដឹង កម្ពុជា អនុម័ត គម្រោង វិនិយោគ ថ្មី សរុប ចំនួន ១៥០ គម្រោង ទុន វិនិយោគ ៣៥០០ លាន ដុល្លារ រាប់ ចាប់ពី ខែមករា ខែកញ្ញា ឆ្នាំ ២០២២,"['តាម', 'របាយការណ៍', 'ក្រុមប្រឹក្សា', 'អភិវឌ្ឍន៍', 'កម្ពុជា', 'ផ្សព្វផ្សាយ', 'កាលពី', 'ថ្ងៃទី', 'ខែតុលា', 'ឆ្នាំ', '២០២២', 'ឱ្យដឹង', 'កម្ពុជា', 'អនុម័ត', 'គម្រោង', 'វិនិយោគ', 'ថ្មី', 'សរុប', 'ចំនួន', '១៥០', 'គម្រោង', 'ទុន', 'វិនិយោគ', '៣៥០០', 'លាន', 'ដុល្លារ', 'រាប់', 'ចាប់ពី', 'ខែមករា', 'ខែកញ្ញា', 'ឆ្នាំ', '២០២២']",44,32
219,pair2,neutral,ចោរនោះធ្វើពុំកើតក៏ក្រាបទូលថា“ខ្ញុំព្រះបាទអម្ចាស់បានពីប្រពន្ធ”,ចោរ ធ្វើ ពុំ កើត ក្រាប ទូល ព្រះបាទ អម្ចាស់ ប្រពន្ធ,"['ចោរ', 'ធ្វើ', 'ពុំ', 'កើត', 'ក្រាប', 'ទូល', 'ព្រះបាទ', 'អម្ចាស់', 'ប្រពន្ធ']",17,9
121,pair1,positive,ភិក្ខុកម្លោះរូបនេះ ទំនុកបម្រុងមាតាបិតាតាម ទំនងនេះចាប់ពីពេលនោះរហូតមក ទោះជាខ្លួនបានភត្តផ្សេងៗ មានភត្ត ដែលព្រះភត្តុទ្ទេសកៈចាត់តាមវេនដែលគេនិមន្តជាដើម ក៏លោកយក ទៅជូនញោមអស់ៗ ហើយខ្លួនលោកផ្ទាល់និមន្តដើររកបិណ្ឌបាត បានក៏ឆាន់ បើមិនបានក៏អត់ឆាន់ទៅ សម្រាប់ថ្ងៃដែលបានមានតិចទេ រីឯថ្ងៃដែលអត់គឺច្រើន។,ភិក្ខុ កម្លោះ រូប ទំនុកបម្រុង មាតាបិតា តាម ទំនង ចាប់ពី រហូតមក ទោះជា ខ្លួន ភត្ត ផ្សេង មាន ភត្ត ព្រះភត្តុទ្ទេសកៈ ចាត់ តាម វេន និមន្ត ជាដើម យក ជូន ញោម អស់ ខ្លួន ផ្ទាល់ និមន្ត ដើរ រក បិណ្ឌ បាត ឆាន់ មិន អត់ ឆាន់ ថ្ងៃ មាន តិច រីឯ ថ្ងៃ អត់ ច្រើន,"['ភិក្ខុ', 'កម្លោះ', 'រូប', 'ទំនុកបម្រុង', 'មាតាបិតា', 'តាម', 'ទំនង', 'ចាប់ពី', 'រហូតមក', 'ទោះជា', 'ខ្លួន', 'ភត្ត', 'ផ្សេង', 'មាន', 'ភត្ត', 'ព្រះភត្តុទ្ទេសកៈ', 'ចាត់', 'តាម', 'វេន', 'និមន្ត', 'ជាដើម', 'យក', 'ជូន', 'ញោម', 'អស់', 'ខ្លួន', 'ផ្ទាល់', 'និមន្ត', 'ដើរ', 'រក', 'បិណ្ឌ', 'បាត', 'ឆាន់', 'មិន', 'អត់', 'ឆាន់', 'ថ្ងៃ', 'មាន', 'តិច', 'រីឯ', 'ថ្ងៃ', 'អត់', 'ច្រើន']",71,43
387,pair2,positive,នេះហើយជាការទូតទន់ភ្លន់និងឈ្លាសវៃមួយរបស់កម្ពុជានៅដើមឆ្នាំ២០២២។,ការទូត ទន់ភ្លន់ ឈ្លាសវៃ កម្ពុជា ដើម ឆ្នាំ ២០២២,"['ការទូត', 'ទន់ភ្លន់', 'ឈ្លាសវៃ', 'កម្ពុជា', 'ដើម', 'ឆ្នាំ', '២០២២']",15,7
188,pair1,neutral,កែងនេះដួចជាទាបពេកហើយសំរាប់ខ្ញុំ,កែង ដួច ទាប ពេក សំរាប់,"['កែង', 'ដួច', 'ទាប', 'ពេក', 'សំរាប់']",9,5
514,pair3,negative,ការប្រកាសសាលក្រមនេះធ្វើឡើងក្នុងថ្ងៃតែមួយក្រោយពីសាលាដំបូងរាជធានីភ្នំពេញ បានបើកសវនាការជំនុំជម្រះបណ្តឹងរបស់គណបក្សប្រជាជនកម្ពុជាប្រឆាំងលោក សុន ឆ័យ កាលពីព្រឹកមិញ ករណីអនុប្រធានគណបក្សភ្លើងទៀនរូបនេះ បាននិយាយរិះគន់បក្សកាន់ អំណាចអំពីការបោះឆ្នោតជ្រើសរើសក្រុមប្រឹក្សាឃុំ សង្កាត់ កាលពីខែមិថុនា ឆ្នាំ២០២២។,ការប្រកាស សាលក្រម ធ្វើឡើង ថ្ងៃ ក្រោយពី សាលាដំបូង រាជធានី ភ្នំពេញ បើក សវនាការ ជំនុំជម្រះ បណ្តឹង គណបក្ស ប្រជាជន កម្ពុជា ប្រឆាំង សុន ឆ័យ កាលពី ព្រឹក មិញ ករណី អនុប្រធាន គណបក្ស ភ្លើង ទៀន រូប និយាយ រិះគន់ បក្ស កាន់ អំណាច អំពី ការបោះឆ្នោត ជ្រើសរើស ក្រុមប្រឹក្សា ឃុំ សង្កាត់ កាលពី ខែមិថុនា ឆ្នាំ ២០២២,"['ការប្រកាស', 'សាលក្រម', 'ធ្វើឡើង', 'ថ្ងៃ', 'ក្រោយពី', 'សាលាដំបូង', 'រាជធានី', 'ភ្នំពេញ', 'បើក', 'សវនាការ', 'ជំនុំជម្រះ', 'បណ្តឹង', 'គណបក្ស', 'ប្រជាជន', 'កម្ពុជា', 'ប្រឆាំង', 'សុន', 'ឆ័យ', 'កាលពី', 'ព្រឹក', 'មិញ', 'ករណី', 'អនុប្រធាន', 'គណបក្ស', 'ភ្លើង', 'ទៀន', 'រូប', 'និយាយ', 'រិះគន់', 'បក្ស', 'កាន់', 'អំណាច', 'អំពី', 'ការបោះឆ្នោត', 'ជ្រើសរើស', 'ក្រុមប្រឹក្សា', 'ឃុំ', 'សង្កាត់', 'កាលពី', 'ខែមិថុនា', 'ឆ្នាំ', '២០២២']",52,42
48,pair1,positive,ទទួលស្គាល់នូវការរួមចំណែកពីសមាជិកក្រុមការងារនិងអ្នកពាក់ព័ន្ធសំខាន់ៗ,ទទួលស្គាល់ នូវ ការ រួមចំណែក សមាជិក ក្រុមការងារ ពាក់ព័ន្ធ សំខាន់,"['ទទួលស្គាល់', 'នូវ', 'ការ', 'រួមចំណែក', 'សមាជិក', 'ក្រុមការងារ', 'ពាក់ព័ន្ធ', 'សំខាន់']",12,8
245,pair2,neutral,ការធ្វើបញ្ជីនេះ ក៏មានន័យថាអ្នកមានផែនការយ៉ាងច្បាស់លាស់សម្រាប់របបអាហារប្រចាំថ្ងៃ និងសប្តាហ៍ទុកជាមុន។,ការធ្វើ បញ្ជី មាន ន័យ មាន ផែនការ យ៉ាង ច្បាស់លាស់ របប អាហារ ប្រចាំ ថ្ងៃ សប្តាហ៍ ទុក ជាមុន,"['ការធ្វើ', 'បញ្ជី', 'មាន', 'ន័យ', 'មាន', 'ផែនការ', 'យ៉ាង', 'ច្បាស់លាស់', 'របប', 'អាហារ', 'ប្រចាំ', 'ថ្ងៃ', 'សប្តាហ៍', 'ទុក', 'ជាមុន']",22,15
102,pair1,negative,បើសិនជាយើងស្ទូងដោយប្រើចន្លោះគុម្ពមិនត្រឹមត្រូវទៅតាមប្រភេទដីដូចជាស្ទូងទុកចន្លោះគុម្ពស្នាក់ការធំពេកលើដីដែលពុំសូវមានជីជាតិឬទុកចន្លោះគុម្ពតូចពេកលើដីដែលមានជីជាតិនោះវាអាចធ្វើឲ្យមានការថយចុះនូវទិន្នផលដែរ,បើសិនជា ស្ទូង ប្រើ ចន្លោះ គុម្ព មិន ត្រឹមត្រូវ តាម ប្រភេទ ដី ដូចជា ស្ទូង ទុក ចន្លោះ គុម្ព ស្នាក់ការធំ ពេក ដី ពុំ សូវ មាន ជីជាតិ ទុក ចន្លោះ គុម្ព តូច ពេក ដី មាន ជីជាតិ ធ្វើឲ្យ មាន ការថយចុះ នូវ ទិន្នផល,"['បើសិនជា', 'ស្ទូង', 'ប្រើ', 'ចន្លោះ', 'គុម្ព', 'មិន', 'ត្រឹមត្រូវ', 'តាម', 'ប្រភេទ', 'ដី', 'ដូចជា', 'ស្ទូង', 'ទុក', 'ចន្លោះ', 'គុម្ព', 'ស្នាក់ការធំ', 'ពេក', 'ដី', 'ពុំ', 'សូវ', 'មាន', 'ជីជាតិ', 'ទុក', 'ចន្លោះ', 'គុម្ព', 'តូច', 'ពេក', 'ដី', 'មាន', 'ជីជាតិ', 'ធ្វើឲ្យ', 'មាន', 'ការថយចុះ', 'នូវ', 'ទិន្នផល']",47,35
38,pair1,neutral,ឧស្សាហកម្មកំពុងផ្លាស់ប្តូរ ដំណើរការរបស់ពួកគេកំពុងឆ្ពោះទៅរកខ្សែចង្វាក់តម្លៃ។,ឧស្សាហកម្ម កំពុង ផ្លាស់ប្តូរ ដំណើរការ ពួកគេ កំពុង ឆ្ពោះទៅរក ខ្សែ ចង្វាក់ តម្លៃ,"['ឧស្សាហកម្ម', 'កំពុង', 'ផ្លាស់ប្តូរ', 'ដំណើរការ', 'ពួកគេ', 'កំពុង', 'ឆ្ពោះទៅរក', 'ខ្សែ', 'ចង្វាក់', 'តម្លៃ']",12,10
388,pair2,negative,កូនស្រីរបស់គាត់មិនសូវយល់សេចក្តីប៉ុន្មានទេ ។,កូនស្រី មិន សូវ យល់ សេចក្តី ប៉ុន្មាន,"['កូនស្រី', 'មិន', 'សូវ', 'យល់', 'សេចក្តី', 'ប៉ុន្មាន']",10,6
118,pair1,negative,(ខេត្តបាត់ដំបង)៖ ប្រធានគណៈបញ្ជាការឯកភាពរដ្ឋបាលខេត្ត និងជាអភិបាលខេត្តបាត់ដំបង ឯកឧត្តម សុខ លូ បានដាក់បញ្ជាជាថ្មីដល់រដ្ឋបាលស្រុកពាក់ព័ន្ធទាំងអស់ បន្តចុះជំរឿនឧបករណ៍នេសាទខុសច្បាប់ ខណៈបទល្មើសនេសាទនៅតែបន្តកើតមាន។,ខេត្ត បាត់ដំបង ប្រធាន គណៈ បញ្ជាការ ឯកភាព រដ្ឋបាល ខេត្ត អភិបាល ខេត្ត បាត់ដំបង ឯកឧត្តម សុខ លូ ដាក់ បញ្ជា ជាថ្មី រដ្ឋបាល ស្រុក ពាក់ព័ន្ធ ទាំងអស់ បន្ត ចុះ ជំរឿន ឧបករណ៍ នេសាទ ខុស ច្បាប់ ខណៈ បទល្មើស នេសាទ នៅតែ បន្ត កើតមាន,"['ខេត្ត', 'បាត់ដំបង', 'ប្រធាន', 'គណៈ', 'បញ្ជាការ', 'ឯកភាព', 'រដ្ឋបាល', 'ខេត្ត', 'អភិបាល', 'ខេត្ត', 'បាត់ដំបង', 'ឯកឧត្តម', 'សុខ', 'លូ', 'ដាក់', 'បញ្ជា', 'ជាថ្មី', 'រដ្ឋបាល', 'ស្រុក', 'ពាក់ព័ន្ធ', 'ទាំងអស់', 'បន្ត', 'ចុះ', 'ជំរឿន', 'ឧបករណ៍', 'នេសាទ', 'ខុស', 'ច្បាប់', 'ខណៈ', 'បទល្មើស', 'នេសាទ', 'នៅតែ', 'បន្ត', 'កើតមាន']",42,34
189,pair1,negative,លោក ឡុង ឌីម៉ង់ អភិបាលរងខេត្តព្រះសីហនុ បានប្រាប់ ភ្នំពេញ ប៉ុស្តិ៍ កាលពីម្សិលមិញថា កិច្ចពិភាក្សានេះមិនទាន់មានលទ្ធផលជាផ្លែផ្កាអ្វីទេ ដោយការពិគ្រោះយោបល់នេះមានគោលបំណង ឱ្យភាគីពាក់ព័ន្ធផ្តល់សម្បទានឱ្យគ្នាទៅវិញទៅមក និងរួមគ្នាដោះស្រាយបញ្ហា ដើម្បីបញ្ចៀសផលប៉ះពាល់កើតដោយសារការទុកសំណង់អគារចោល។,ឡុង ឌីម៉ង់ អភិបាល រង ខេត្ត ព្រះសីហនុ ប្រាប់ ភ្នំពេញ ប៉ុស្តិ៍ កាលពី ម្សិលមិញ កិច្ចពិភាក្សា មិន ទាន់ មាន លទ្ធផល ផ្លែ ផ្កា អ្វី ការពិគ្រោះយោបល់ មាន គោលបំណង ឱ្យ ភាគី ពាក់ព័ន្ធ ផ្តល់ សម្បទាន ឱ្យ វិញ ទៅមក រួមគ្នា ដោះស្រាយ បញ្ហា បញ្ចៀស ផល ប៉ះពាល់ កើត ដោយសារ ការ ទុក សំណង់ អគារ ចោល,"['ឡុង', 'ឌីម៉ង់', 'អភិបាល', 'រង', 'ខេត្ត', 'ព្រះសីហនុ', 'ប្រាប់', 'ភ្នំពេញ', 'ប៉ុស្តិ៍', 'កាលពី', 'ម្សិលមិញ', 'កិច្ចពិភាក្សា', 'មិន', 'ទាន់', 'មាន', 'លទ្ធផល', 'ផ្លែ', 'ផ្កា', 'អ្វី', 'ការពិគ្រោះយោបល់', 'មាន', 'គោលបំណង', 'ឱ្យ', 'ភាគី', 'ពាក់ព័ន្ធ', 'ផ្តល់', 'សម្បទាន', 'ឱ្យ', 'វិញ', 'ទៅមក', 'រួមគ្នា', 'ដោះស្រាយ', 'បញ្ហា', 'បញ្ចៀស', 'ផល', 'ប៉ះពាល់', 'កើត', 'ដោយសារ', 'ការ', 'ទុក', 'សំណង់', 'អគារ', 'ចោល']",56,43
307,pair2,positive,ការថែរក្សាសុខភាពរាង្គកាយ និងផ្លូវចិត្ត គឺជារឿងសំខាន់បំផុតអាចការពារវីរុស COVID-19,ការថែរក្សា សុខភាព រាង្គកាយ ផ្លូវចិត្ត គឺជា រឿង សំខាន់ បំផុត ការពារ វីរុស COVID,"['ការថែរក្សា', 'សុខភាព', 'រាង្គកាយ', 'ផ្លូវចិត្ត', 'គឺជា', 'រឿង', 'សំខាន់', 'បំផុត', 'ការពារ', 'វីរុស', 'COVID']",13,11
127,pair1,positive,បច្ចុប្បន្នពិធីបុណ្យភ្ជុំបិណ្ឌ ត្រូវបានប្រជាពលរដ្ឋខ្មែរប្រារព្ធឡើងជារៀងរាល់ឆ្នាំ គឺចាប់ពីថ្ងៃ១រោច ខែភទ្របទ រហូតដល់ថ្ងៃ១៥រោច ខែភទ្របទ ដែលត្រូវនឹងខែកញ្ញា ។,បច្ចុប្បន្ន ពិធី បុណ្យ ភ្ជុំ បិណ្ឌ ត្រូវបាន ប្រជាពលរដ្ឋ ខ្មែរ ប្រារព្ធ ឡើង ជារៀងរាល់ ឆ្នាំ ចាប់ពី ថ្ងៃ១ រោច ខែ ភទ្របទ រហូតដល់ ថ្ងៃ ១៥ រោច ខែ ភទ្របទ ខែកញ្ញា,"['បច្ចុប្បន្ន', 'ពិធី', 'បុណ្យ', 'ភ្ជុំ', 'បិណ្ឌ', 'ត្រូវបាន', 'ប្រជាពលរដ្ឋ', 'ខ្មែរ', 'ប្រារព្ធ', 'ឡើង', 'ជារៀងរាល់', 'ឆ្នាំ', 'ចាប់ពី', 'ថ្ងៃ១', 'រោច', 'ខែ', 'ភទ្របទ', 'រហូតដល់', 'ថ្ងៃ', '១៥', 'រោច', 'ខែ', 'ភទ្របទ', 'ខែកញ្ញា']",29,24
501,pair3,negative,ឥទ្ធិពលនៃស្ទឹងខាងលើនេះនឹងធ្វើឱ្យទឹកស្ទឹងពោធិ៍សាត់មានសន្ទុះកើនឡើងបន្តបន្ទាប់ និងអាចបង្កឱ្យមានទឹកជំនន់ នៅក្នុងខេត្តពោធិ៍សាត់។,ឥទ្ធិពល នៃ ស្ទឹង ខាងលើ ធ្វើឱ្យ ទឹក ស្ទឹង ពោធិ៍សាត់ មាន សន្ទុះ កើនឡើង បន្តបន្ទាប់ បង្កឱ្យ មាន ទឹក ជំនន់ នៅក្នុង ខេត្ត ពោធិ៍សាត់,"['ឥទ្ធិពល', 'នៃ', 'ស្ទឹង', 'ខាងលើ', 'ធ្វើឱ្យ', 'ទឹក', 'ស្ទឹង', 'ពោធិ៍សាត់', 'មាន', 'សន្ទុះ', 'កើនឡើង', 'បន្តបន្ទាប់', 'បង្កឱ្យ', 'មាន', 'ទឹក', 'ជំនន់', 'នៅក្នុង', 'ខេត្ត', 'ពោធិ៍សាត់']",24,19
206,pair2,negative,ចម្លើយសម្រាប់បញ្ហានេះមានលក្ខណៈសាមញ្ញគឺ: ផឹកទឹកឲ្យបានច្រើន - មនុស្សមួយចំនួន អាចយល់ឃើញថាទទួលទានភេសជ្ជៈណាមួយ ក៏ល្អដែរ រួចក៏ទិញភេសជ្ជៈដែលមានជាតិស្ករ និង កាហ្វេក្នុងចំនួនដ៏ច្រើន ដែលបញ្ហានេះអាចនឹងបង្កឲ្យមានគ្រោះថ្នាក់កាន់តែធ្ងន់ធ្ងរ ដោយវាបណ្តាលឲ្យកម្រិតជាតិស្ករក្នុងសសៃឈាមកើនខ្លាំង ប្រសិនបើទទួលទានច្រើននោះ។,ចម្លើយ បញ្ហា មាន លក្ខណៈ សាមញ្ញ ផឹក ទឹក ឲ្យបាន ច្រើន មនុស្ស មួយចំនួន យល់ឃើញ ទទួលទាន ភេសជ្ជៈ ណាមួយ ល្អ ទិញ ភេសជ្ជៈ មាន ជាតិ ស្ករ កាហ្វេ ចំនួន ដ៏ ច្រើន បញ្ហា អាចនឹង បង្កឲ្យ មាន គ្រោះថ្នាក់ កាន់តែ ធ្ងន់ធ្ងរ បណ្តាលឲ្យ កម្រិត ជាតិ ស្ករ សសៃ ឈាម កើន ខ្លាំង ប្រសិនបើ ទទួលទាន ច្រើន,"['ចម្លើយ', 'បញ្ហា', 'មាន', 'លក្ខណៈ', 'សាមញ្ញ', 'ផឹក', 'ទឹក', 'ឲ្យបាន', 'ច្រើន', 'មនុស្ស', 'មួយចំនួន', 'យល់ឃើញ', 'ទទួលទាន', 'ភេសជ្ជៈ', 'ណាមួយ', 'ល្អ', 'ទិញ', 'ភេសជ្ជៈ', 'មាន', 'ជាតិ', 'ស្ករ', 'កាហ្វេ', 'ចំនួន', 'ដ៏', 'ច្រើន', 'បញ្ហា', 'អាចនឹង', 'បង្កឲ្យ', 'មាន', 'គ្រោះថ្នាក់', 'កាន់តែ', 'ធ្ងន់ធ្ងរ', 'បណ្តាលឲ្យ', 'កម្រិត', 'ជាតិ', 'ស្ករ', 'សសៃ', 'ឈាម', 'កើន', 'ខ្លាំង', 'ប្រសិនបើ', 'ទទួលទាន', 'ច្រើន']",64,43
111,pair1,positive,ទោះយ៉ាងណា លោក សុខនឿន បញ្ជាក់ថា និន្នាការរបស់ប្រជាជនក្នុងស្រុកចំពោះការស្នាក់នៅខុនដូក៏មានការកើនឡើងខ្លះៗផងដែរនាពេលនេះ ខណៈអ្នកវិនិយោគមួយចំនួនក៏បាននិងកំពុងបែរមកអតិថិថជនក្នុងស្រុកជំនួសឱ្យអតិថិជនក្រៅស្រុកផងដែរ។,ទោះ យ៉ាងណា សុខ នឿន បញ្ជាក់ និន្នាការ ប្រជាជន ស្រុក ការស្នាក់ ខុនដូ មាន ការកើនឡើង ខ្លះ ផងដែរ នា ពេលនេះ ខណៈ វិនិយោគ មួយចំនួន កំពុង បែរ អតិថិថ ជន ស្រុក ជំនួស ឱ្យ អតិថិជន ក្រៅ ស្រុក ផងដែរ,"['ទោះ', 'យ៉ាងណា', 'សុខ', 'នឿន', 'បញ្ជាក់', 'និន្នាការ', 'ប្រជាជន', 'ស្រុក', 'ការស្នាក់', 'ខុនដូ', 'មាន', 'ការកើនឡើង', 'ខ្លះ', 'ផងដែរ', 'នា', 'ពេលនេះ', 'ខណៈ', 'វិនិយោគ', 'មួយចំនួន', 'កំពុង', 'បែរ', 'អតិថិថ', 'ជន', 'ស្រុក', 'ជំនួស', 'ឱ្យ', 'អតិថិជន', 'ក្រៅ', 'ស្រុក', 'ផងដែរ']",45,30
327,pair2,negative,ប៉ុន្តែឥឡូវនេះគឺផ្ទុយស្រឡះហើយបង...,ប៉ុន្តែ ឥឡូវនេះ ផ្ទុយ ស្រឡះ បង,"['ប៉ុន្តែ', 'ឥឡូវនេះ', 'ផ្ទុយ', 'ស្រឡះ', 'បង']",8,5
226,pair2,neutral,លើសពីនេះ ភាគីទាំងពីរក៏បានពិភាក្សា និងផ្លាស់ប្តូរយោបល់លើប្រធានបទពាក់ព័ន្ធ រួមមាន វិស័យមីក្រូហិរញ្ញវត្ថុ ហិរញ្ញប្បទានសម្បទាននិងវឌ្ឍនភាព នៃកិច្ចសហប្រតិបត្តិការអភិវឌ្ឍន៍ រវាងប្រទេស ទាំងពីរផងដែរ ។,លើស ភាគី ពិភាក្សា ផ្លាស់ប្តូរ យោបល់ ប្រធានបទ ពាក់ព័ន្ធ រួម មាន វិស័យ មីក្រូ ហិរញ្ញវត្ថុ ហិរញ្ញប្បទាន សម្បទាន វឌ្ឍនភាព នៃ កិច្ចសហប្រតិបត្តិការ អភិវឌ្ឍន៍ រវាង ប្រទេស ផងដែរ,"['លើស', 'ភាគី', 'ពិភាក្សា', 'ផ្លាស់ប្តូរ', 'យោបល់', 'ប្រធានបទ', 'ពាក់ព័ន្ធ', 'រួម', 'មាន', 'វិស័យ', 'មីក្រូ', 'ហិរញ្ញវត្ថុ', 'ហិរញ្ញប្បទាន', 'សម្បទាន', 'វឌ្ឍនភាព', 'នៃ', 'កិច្ចសហប្រតិបត្តិការ', 'អភិវឌ្ឍន៍', 'រវាង', 'ប្រទេស', 'ផងដែរ']",33,21
431,pair3,negative,ប្រទេសដែលខាតបង់ធំជាងគេដោយសារវិបត្តិថាមពល និងការងើបឡើងវិញនៃសេដ្ឋកិច្ចសកល,ប្រទេស ខាតបង់ ធំ ជាង ដោយសារ វិបត្តិ ថាមពល ការងើប ឡើងវិញ នៃ សេដ្ឋកិច្ច សកល,"['ប្រទេស', 'ខាតបង់', 'ធំ', 'ជាង', 'ដោយសារ', 'វិបត្តិ', 'ថាមពល', 'ការងើប', 'ឡើងវិញ', 'នៃ', 'សេដ្ឋកិច្ច', 'សកល']",15,12
222,pair2,positive,កម្លាំងចិត្តប្រកួតប្រជែងរបស់អ្នក នឹងជួយជំរុញឲ្យអ្នកធ្វើអ្វីបានហួសពីដែនកំណត់។,កម្លាំងចិត្ត ប្រកួតប្រជែង ជួយ ជំរុញ ឲ្យ ធ្វើ អ្វី ហួស ដែន កំណត់,"['កម្លាំងចិត្ត', 'ប្រកួតប្រជែង', 'ជួយ', 'ជំរុញ', 'ឲ្យ', 'ធ្វើ', 'អ្វី', 'ហួស', 'ដែន', 'កំណត់']",17,10
400,pair2,neutral,ក្រុមហ៊ុនចម្រាញ់ប្រេងមានបរិមាណប្រហែល ៧ លានតោនដែលនៅសេសសល់បន្ទាប់ពីការនាំចេញនៅចុងខែកញ្ញា។,ក្រុមហ៊ុន ចម្រាញ់ ប្រេង មាន បរិមាណ ប្រហែល លាន តោន សេសសល់ បន្ទាប់ពី ការនាំចេញ ចុង ខែកញ្ញា,"['ក្រុមហ៊ុន', 'ចម្រាញ់', 'ប្រេង', 'មាន', 'បរិមាណ', 'ប្រហែល', 'លាន', 'តោន', 'សេសសល់', 'បន្ទាប់ពី', 'ការនាំចេញ', 'ចុង', 'ខែកញ្ញា']",18,13
29,pair1,neutral,កាលបើអង្គុយស្រួលបួលហើយបានដឹងកិច្ចការនោះសព្វគ្រប់បុរសទំពែកទាំង៤នាក់ក៏អង្គុយនៅស្ងៀមសញ្ជឹងគិតមួយសន្ទុះរួចឃុតក៏ចាប់និយាយមុនគេឡើងថា៖ទំពក់វាទៅទើបព្នៅវាមក។,កាលបើ អង្គុយ ស្រួលបួល ដឹង កិច្ចការ សព្វគ្រប់ បុរស ទំពែក ៤នាក់ អង្គុយ ស្ងៀម សញ្ជឹង គិត សន្ទុះ ឃុត ចាប់ និយាយ មុន ឡើង ថា៖ ទំពក់ ទើប ព្នៅ,"['កាលបើ', 'អង្គុយ', 'ស្រួលបួល', 'ដឹង', 'កិច្ចការ', 'សព្វគ្រប់', 'បុរស', 'ទំពែក', '៤នាក់', 'អង្គុយ', 'ស្ងៀម', 'សញ្ជឹង', 'គិត', 'សន្ទុះ', 'ឃុត', 'ចាប់', 'និយាយ', 'មុន', 'ឡើង', 'ថា៖', 'ទំពក់', 'ទើប', 'ព្នៅ']",38,23
469,pair3,neutral,នេះបើតាមប្រសាសន៍របស់សម្តេច ហ៊ុន សែន ក្នុងពិធីជួបសំណេះសំណាលជាមួយប្រជាពលរដ្ឋ ដែលបានស្ម័គ្រចិត្តរើលំនៅឋាន និងសំណង់ផ្សេងៗ ចេញពីតំបន់រមណីយដ្ឋានអង្គរ នាព្រឹកថ្ងៃទី១៣ កញ្ញា នេះ។,តាម ប្រសាសន៍ សម្តេច ហ៊ុន សែន ពិធី ជួប សំណេះសំណាល ប្រជាពលរដ្ឋ ស្ម័គ្រចិត្ត រើ លំនៅឋាន សំណង់ ផ្សេង ចេញ តំបន់ រមណីយដ្ឋាន អង្គរ នា ព្រឹក ថ្ងៃទី ១៣ កញ្ញា,"['តាម', 'ប្រសាសន៍', 'សម្តេច', 'ហ៊ុន', 'សែន', 'ពិធី', 'ជួប', 'សំណេះសំណាល', 'ប្រជាពលរដ្ឋ', 'ស្ម័គ្រចិត្ត', 'រើ', 'លំនៅឋាន', 'សំណង់', 'ផ្សេង', 'ចេញ', 'តំបន់', 'រមណីយដ្ឋាន', 'អង្គរ', 'នា', 'ព្រឹក', 'ថ្ងៃទី', '១៣', 'កញ្ញា']",35,23
97,pair1,negative,អកប្បកិរិយាអវិជ្ជមានទាំងអស់នេះនាំមហន្តរាយដល់សង្គមខ្មែរយើងយ៉ាងប្រាកដ ។,អកប្បកិរិយា អវិជ្ជមាន ទាំងអស់ នាំមហន្តរាយ សង្គម ខ្មែរ យ៉ាង ប្រាកដ,"['អកប្បកិរិយា', 'អវិជ្ជមាន', 'ទាំងអស់', 'នាំមហន្តរាយ', 'សង្គម', 'ខ្មែរ', 'យ៉ាង', 'ប្រាកដ']",12,8
438,pair3,neutral,គោលដៅទាំងនេះមានចំនួន ១៧ ដែលត្រូវបានគេស្គាល់ថា គោលដៅអភិវឌ្ឍន៍ប្រកបដោយចីរភាពរបស់អង្គការសហប្រជាជាតិ ដោយមានគោលបំណងដើម្បីនាំទៅរកសកម្មភាពនៅក្នុងផ្នែកដ៏សំខាន់ៗ នាឆ្នាំ ២០៣០។,គោលដៅ មាន ចំនួន ១៧ ត្រូវបាន ស្គាល់ គោលដៅ អភិវឌ្ឍន៍ ប្រកបដោយ ចីរភាព អង្គការ សហ ប្រជាជាតិ មាន គោលបំណង នាំ រក សកម្មភាព នៅក្នុង ផ្នែក ដ៏ សំខាន់ នា ឆ្នាំ ២០៣០,"['គោលដៅ', 'មាន', 'ចំនួន', '១៧', 'ត្រូវបាន', 'ស្គាល់', 'គោលដៅ', 'អភិវឌ្ឍន៍', 'ប្រកបដោយ', 'ចីរភាព', 'អង្គការ', 'សហ', 'ប្រជាជាតិ', 'មាន', 'គោលបំណង', 'នាំ', 'រក', 'សកម្មភាព', 'នៅក្នុង', 'ផ្នែក', 'ដ៏', 'សំខាន់', 'នា', 'ឆ្នាំ', '២០៣០']",36,25
557,pair3,positive,ប្រភពដដែលរំឭកថា នៅប្រទេសកម្ពុជា មានបឹងទន្លេសាបដ៏ធំល្វឹងល្វើយ ទន្លេមេគង្គ ស្ទឹង បឹងបួដែលកន្លងមក ប្រភពទាំងអស់នេះ បានផ្គត់ផ្គង់ត្រីរាប់សែនតោន សម្រាប់ការប្រើប្រាស់ក្នុងស្រុក និងនាំចេញ រហូតដល់ប្រជាជនមួយចំនួនមិនដែលនឹងគិតចង់បរិភោគត្រីចិញ្ចឹមឡើយ។,ប្រភព ដដែល រំឭក ប្រទេស កម្ពុជា មាន បឹង ទន្លេ សាប ដ៏ ធំ ល្វឹងល្វើយ ទន្លេ មេគង្គ ស្ទឹង បឹងបួ កន្លងមក ប្រភព ទាំងអស់ ផ្គត់ផ្គង់ ត្រី រាប់ សែន តោន ការប្រើប្រាស់ ស្រុក នាំចេញ រហូតដល់ ប្រជាជន មួយចំនួន មិន គិត ចង់ បរិភោគ ត្រី ចិញ្ចឹម ឡើយ,"['ប្រភព', 'ដដែល', 'រំឭក', 'ប្រទេស', 'កម្ពុជា', 'មាន', 'បឹង', 'ទន្លេ', 'សាប', 'ដ៏', 'ធំ', 'ល្វឹងល្វើយ', 'ទន្លេ', 'មេគង្គ', 'ស្ទឹង', 'បឹងបួ', 'កន្លងមក', 'ប្រភព', 'ទាំងអស់', 'ផ្គត់ផ្គង់', 'ត្រី', 'រាប់', 'សែន', 'តោន', 'ការប្រើប្រាស់', 'ស្រុក', 'នាំចេញ', 'រហូតដល់', 'ប្រជាជន', 'មួយចំនួន', 'មិន', 'គិត', 'ចង់', 'បរិភោគ', 'ត្រី', 'ចិញ្ចឹម', 'ឡើយ']",48,37
17,pair1,positive,រដ្ឋាភិបាលបានចំណាយថវិកាច្រើនបំផុតនៃកញ្ចប់ថវិការរបស់ខ្លួនទៅលើការធ្វើឲ្យប្រសើរឡើងនៃការអប់រំ បង្កើនប្រាក់ខែរបស់គ្រូបង្រៀន និងការធ្វើកំណែទម្រង់គោលនយោបាយ។,រដ្ឋាភិបាល ចំណាយ ថវិកា ច្រើន បំផុត នៃ កញ្ចប់ ថវិការ ខ្លួន ការធ្វើឲ្យ ប្រសើរឡើង នៃ ការអប់រំ បង្កើន ប្រាក់ខែ គ្រូបង្រៀន ការធ្វើ កំណែទម្រង់ គោល នយោបាយ,"['រដ្ឋាភិបាល', 'ចំណាយ', 'ថវិកា', 'ច្រើន', 'បំផុត', 'នៃ', 'កញ្ចប់', 'ថវិការ', 'ខ្លួន', 'ការធ្វើឲ្យ', 'ប្រសើរឡើង', 'នៃ', 'ការអប់រំ', 'បង្កើន', 'ប្រាក់ខែ', 'គ្រូបង្រៀន', 'ការធ្វើ', 'កំណែទម្រង់', 'គោល', 'នយោបាយ']",27,20
70,pair1,negative,ដរាបណាយើងមិនបានតាំងចិត្តខិតខំប្រឹងរៀន ប្រឹងធ្វើលំហាត់ជារៀងរាល់ថ្ងៃតាំងពីដើមឆ្នាំទេ នោះនិទ្ទេស A ក៏គ្មានថ្ងៃក្លាយជារបស់យើងដែរ។,ដរាបណា មិន តាំងចិត្ត ខិតខំ ប្រឹង រៀន ប្រឹង ធ្វើ លំហាត់ ជារៀងរាល់ ថ្ងៃ តាំងពី ដើម ឆ្នាំ និទ្ទេស A គ្មាន ថ្ងៃ ក្លាយជា,"['ដរាបណា', 'មិន', 'តាំងចិត្ត', 'ខិតខំ', 'ប្រឹង', 'រៀន', 'ប្រឹង', 'ធ្វើ', 'លំហាត់', 'ជារៀងរាល់', 'ថ្ងៃ', 'តាំងពី', 'ដើម', 'ឆ្នាំ', 'និទ្ទេស', 'A', 'គ្មាន', 'ថ្ងៃ', 'ក្លាយជា']",28,19
567,pair3,neutral,"ចំណុចដៅ ៤,៣ (តុល្យភាពយេនឌ័រនៃការចុះឈ្មោះចូលរៀនថ្នាក់ឧត្តមសិក្សា) នឹងត្រូវត្រួតពិនិត្យដោយក្រសួងអប់រំ យុវជន និងកីឡា និង ក្រសួងវប្បធម៌និងវិចិត្រសិល្បៈ (MCFA)។",ចំណុច ដៅ តុល្យភាព យេនឌ័រ នៃ ការចុះឈ្មោះ ចូលរៀន ថ្នាក់ ឧត្តម សិក្សា ត្រួតពិនិត្យ ក្រសួង អប់រំ យុវជន កីឡា ក្រសួង វប្បធម៌ វិចិត្រ សិល្បៈ MCFA,"['ចំណុច', 'ដៅ', 'តុល្យភាព', 'យេនឌ័រ', 'នៃ', 'ការចុះឈ្មោះ', 'ចូលរៀន', 'ថ្នាក់', 'ឧត្តម', 'សិក្សា', 'ត្រួតពិនិត្យ', 'ក្រសួង', 'អប់រំ', 'យុវជន', 'កីឡា', 'ក្រសួង', 'វប្បធម៌', 'វិចិត្រ', 'សិល្បៈ', 'MCFA']",30,20
597,pair3,positive,មួយវិញទៀត លោកថា ការលើកឡើងរបស់រដ្ឋមន្រតីក្រសួងមហាផ្ទៃ ជាតម្រុយសំខាន់សម្រាប់ឱ្យក្រសួងនិងស្ថាប័នពាក់ព័ន្ធត្រួតពិនិត្យឡើងវិញទៅលើនីតិវិធីផ្សេងៗ ដើម្បីបង្កើតជាវិធានការទប់ស្កាត់ កុំឱ្យថវិកាជាតិធ្លាក់ទៅក្នុងដៃមន្ត្រីខិលខូច ធ្វើឱ្យខាតប្រយោជន៍ជាតិតាមរយៈការបំប៉ោងទិន្នន័យ។,មួយវិញទៀត ការលើកឡើង រដ្ឋមន្រតី ក្រសួង មហាផ្ទៃ តម្រុយ សំខាន់ ឱ្យ ក្រសួង ស្ថាប័ន ពាក់ព័ន្ធ ត្រួតពិនិត្យ ឡើងវិញ នីតិវិធី ផ្សេង បង្កើត វិធានការ ទប់ស្កាត់ កុំ ឱ្យ ថវិកា ជាតិ ធ្លាក់ ទៅក្នុង ដៃ មន្ត្រី ខិល ខូច ធ្វើឱ្យ ខាត ប្រយោជន៍ ជាតិ តាមរយៈ ការបំប៉ោង ទិន្នន័យ,"['មួយវិញទៀត', 'ការលើកឡើង', 'រដ្ឋមន្រតី', 'ក្រសួង', 'មហាផ្ទៃ', 'តម្រុយ', 'សំខាន់', 'ឱ្យ', 'ក្រសួង', 'ស្ថាប័ន', 'ពាក់ព័ន្ធ', 'ត្រួតពិនិត្យ', 'ឡើងវិញ', 'នីតិវិធី', 'ផ្សេង', 'បង្កើត', 'វិធានការ', 'ទប់ស្កាត់', 'កុំ', 'ឱ្យ', 'ថវិកា', 'ជាតិ', 'ធ្លាក់', 'ទៅក្នុង', 'ដៃ', 'មន្ត្រី', 'ខិល', 'ខូច', 'ធ្វើឱ្យ', 'ខាត', 'ប្រយោជន៍', 'ជាតិ', 'តាមរយៈ', 'ការបំប៉ោង', 'ទិន្នន័យ']",47,35
261,pair2,negative,"លោកបាននិយាយថា នោះអាចប៉ះពាល់ដល់ផលិតភាព និងការនាំចេញ ហើយមានសក្តានុពល "" ធ្លាក់ចុះ "" ផលប៉ះពាល់លើបញ្ហាដូចជា ចំណាត់ថ្នាក់ឥណទានរបស់ប្រទេស និងសូម្បីតែស្ថិរភាពនយោបាយ។",និយាយ ប៉ះពាល់ ផលិតភាព ការនាំចេញ មាន សក្តានុពល ធ្លាក់ចុះ ផល ប៉ះពាល់ បញ្ហា ដូចជា ចំណាត់ថ្នាក់ ឥណទាន ប្រទេស សូម្បីតែ ស្ថិរភាព នយោបាយ,"['និយាយ', 'ប៉ះពាល់', 'ផលិតភាព', 'ការនាំចេញ', 'មាន', 'សក្តានុពល', 'ធ្លាក់ចុះ', 'ផល', 'ប៉ះពាល់', 'បញ្ហា', 'ដូចជា', 'ចំណាត់ថ្នាក់', 'ឥណទាន', 'ប្រទេស', 'សូម្បីតែ', 'ស្ថិរភាព', 'នយោបាយ']",31,17
334,pair2,negative,"ពេលខ្លះរយៈពេលនៃទំនាក់ទំនង និងភាពជិតស្និទ្ធ បានបំផ្លាញការគោរព ព្រោះតែយើងយល់ច្រលំថា ""ការស៊ាំ"" ជា ""ភាពជិតស្និទ"" តែការពិតពីរពាក្យនេះគឺខុសគ្នា។",ខ្លះ រយៈពេល នៃ ទំនាក់ទំនង ភាពជិតស្និទ្ធ បំផ្លាញ ការគោរព ព្រោះតែ យល់ច្រលំ ការស៊ាំ ភាព ជិតស្និទ ការពិត ពាក្យ ខុសគ្នា,"['ខ្លះ', 'រយៈពេល', 'នៃ', 'ទំនាក់ទំនង', 'ភាពជិតស្និទ្ធ', 'បំផ្លាញ', 'ការគោរព', 'ព្រោះតែ', 'យល់ច្រលំ', 'ការស៊ាំ', 'ភាព', 'ជិតស្និទ', 'ការពិត', 'ពាក្យ', 'ខុសគ្នា']",30,15
24,pair1,neutral,លោកអ្នកនាងជាទីមេត្រីថ្ងៃនេះ SBM News សូមលើកយក ជោគជតារាសី សម្រាប់ថ្ងៃសៅរ៍ ០៧រោច ខែភទ្របទ ឆ្នាំខាល ចត្វាស័ក ពុទ្ធសករាជ ២៥៦៦ ត្រូវនឹងថ្ងៃទី១៧ ខែកញ្ញា ឆ្នាំ២០២២ ដែលមានដូចតទៅ៖,អ្នកនាង ទី មេត្រី ថ្ងៃ SBM News សូម លើក យក ជោគជ តារាសី ថ្ងៃសៅរ៍ ០៧ រោច ខែ ភទ្រប ឆ្នាំ ខាល ចត្វា ស័ក ពុទ្ធ សករាជ ២៥៦៦ ត្រូវនឹង ថ្ងៃទី ១៧ ខែកញ្ញា ឆ្នាំ ២០២២ មាន ដូចត ទៅ៖,"['អ្នកនាង', 'ទី', 'មេត្រី', 'ថ្ងៃ', 'SBM', 'News', 'សូម', 'លើក', 'យក', 'ជោគជ', 'តារាសី', 'ថ្ងៃសៅរ៍', '០៧', 'រោច', 'ខែ', 'ភទ្រប', 'ឆ្នាំ', 'ខាល', 'ចត្វា', 'ស័ក', 'ពុទ្ធ', 'សករាជ', '២៥៦៦', 'ត្រូវនឹង', 'ថ្ងៃទី', '១៧', 'ខែកញ្ញា', 'ឆ្នាំ', '២០២២', 'មាន', 'ដូចត', 'ទៅ៖']",38,32
126,pair1,positive,រមណីយដ្ឋាននេះលើស្ទឹងបែកជាបួន អមជាមួយនឹងសម្រស់ធម្មជាតិស្រស់ឆើតឆាយ នៃដងទន្លេកាច់កុងពត់ពេន ធ្វើឲ្យភ្ញៀវទេសចរគយគន់មិនចេះធុញទ្រាន់គ្រប់ពេលនោះទេ ដូចជា អ័ព្ទប៉ប្រះទឹកនៅពេលព្រឹក បញ្ចេញរស្មីសុរិយាក្រហមទុំដុតបញ្ឆេះរាត្រីអន្ធការឲ្យមានពន្លឺ និងជាកន្លែងស្ងប់សុខសម្រាប់អ្នកចង់បន្ធូរអារម្មណ៍តានតឹងពី ការងារ។,រមណីយដ្ឋាន ស្ទឹង បែក បួន អម ជាមួយនឹង សម្រស់ ធម្មជាតិ ស្រស់ ឆើតឆាយ នៃ ដង ទន្លេ កាច់ កុង ពត់ ពេន ធ្វើឲ្យ ភ្ញៀវ ទេសចរ គយគន់ មិន ចេះ ធុញទ្រាន់ គ្រប់ ដូចជា អ័ព្ទ ប៉ប្រះ ទឹក ពេលព្រឹក បញ្ចេញ រស្មី សុរិយា ក្រហម ទុំ ដុត បញ្ឆេះ រាត្រី អន្ធការ ឲ្យ មាន ពន្លឺ កន្លែង ស្ងប់ សុខ ចង់ បន្ធូរ អារម្មណ៍ តានតឹង ការងារ,"['រមណីយដ្ឋាន', 'ស្ទឹង', 'បែក', 'បួន', 'អម', 'ជាមួយនឹង', 'សម្រស់', 'ធម្មជាតិ', 'ស្រស់', 'ឆើតឆាយ', 'នៃ', 'ដង', 'ទន្លេ', 'កាច់', 'កុង', 'ពត់', 'ពេន', 'ធ្វើឲ្យ', 'ភ្ញៀវ', 'ទេសចរ', 'គយគន់', 'មិន', 'ចេះ', 'ធុញទ្រាន់', 'គ្រប់', 'ដូចជា', 'អ័ព្ទ', 'ប៉ប្រះ', 'ទឹក', 'ពេលព្រឹក', 'បញ្ចេញ', 'រស្មី', 'សុរិយា', 'ក្រហម', 'ទុំ', 'ដុត', 'បញ្ឆេះ', 'រាត្រី', 'អន្ធការ', 'ឲ្យ', 'មាន', 'ពន្លឺ', 'កន្លែង', 'ស្ងប់', 'សុខ', 'ចង់', 'បន្ធូរ', 'អារម្មណ៍', 'តានតឹង', 'ការងារ']",63,50
179,pair1,positive,ចាស់ៗគឺបែបនេះ គាត់ធ្វើផ្ទះធំគឺដើម្បីអោយកូននិងចៅៗគាត់មកជួបជុំគ្នាប្រកបដោយភាពរីករាយនិងមានសេចក្តីសុខ,ចាស់ បែប ធ្វើ ផ្ទះ ធំ អោយ កូន ចៅ ជួបជុំគ្នា ប្រកបដោយ ភាពរីករាយ មាន សេចក្តីសុខ,"['ចាស់', 'បែប', 'ធ្វើ', 'ផ្ទះ', 'ធំ', 'អោយ', 'កូន', 'ចៅ', 'ជួបជុំគ្នា', 'ប្រកបដោយ', 'ភាពរីករាយ', 'មាន', 'សេចក្តីសុខ']",24,13
284,pair2,neutral,តាមគំនូសក្រាភិចបញ្ជាក់អំពីកំណើននិងការធ្លាក់ចុះនៃសេដ្ឋកិច្ចតាមឆ្នាំនីមួយៗ,តាម គំនូស ក្រាភិច បញ្ជាក់ អំពី កំណើន ការធ្លាក់ចុះ នៃ សេដ្ឋកិច្ច តាម ឆ្នាំ នីមួយ,"['តាម', 'គំនូស', 'ក្រាភិច', 'បញ្ជាក់', 'អំពី', 'កំណើន', 'ការធ្លាក់ចុះ', 'នៃ', 'សេដ្ឋកិច្ច', 'តាម', 'ឆ្នាំ', 'នីមួយ']",14,12
449,pair3,negative,ខ្ញុំកំពុងស្រវឹងស្រាជោគជាំហើយ,កំពុង ស្រវឹង ស្រា ជោគជាំ,"['កំពុង', 'ស្រវឹង', 'ស្រា', 'ជោគជាំ']",6,4
406,pair3,neutral,ក្រសួងការបរទេស និងទីភ្នាក់ងារតំណាងកំពុងឃ្លាំមើលយ៉ាងដិតដល់អំពីស្ថានភាពពលករវៀតណាមនៅកម្ពុជា។,ក្រសួង ការបរទេស ទីភ្នាក់ងារ តំណាង កំពុង ឃ្លាំមើល យ៉ាង ដិតដល់ អំពី ស្ថានភាព ពលករ វៀតណាម កម្ពុជា,"['ក្រសួង', 'ការបរទេស', 'ទីភ្នាក់ងារ', 'តំណាង', 'កំពុង', 'ឃ្លាំមើល', 'យ៉ាង', 'ដិតដល់', 'អំពី', 'ស្ថានភាព', 'ពលករ', 'វៀតណាម', 'កម្ពុជា']",16,13
443,pair3,positive,សូមថ្លែងអំណរគុណចំពោះឯកឧត្តម ម៉ក់ ពេជ្ជរិទ្ធ ទីប្រឹក្សា ផ្ទាល់សម្តេចអគ្គមហាសេនាបតីតេជោ ហ៊ុន សែន និងជាប្រតិភូរាជរដ្ឋាភិបាល ទទួលបន្ទុកអគ្គនាយកនៃអគ្គនាយកដ្ឋានកាំកុងត្រូលដែលបានឧបត្ថម្ភថវិកាបោះពុម្ពផ្សាយ ។,សូម ថ្លែងអំណរគុណ ឯកឧត្តម ម៉ក់ ពេជ្ជរិទ្ធ ទីប្រឹក្សា ផ្ទាល់ សម្តេច អគ្គ មហា សេនា បតី តេជោ ហ៊ុន សែន ប្រតិភូ រាជ រដ្ឋាភិបាល ទទួលបន្ទុក អគ្គ នាយក នៃ អគ្គ នាយកដ្ឋាន កាំកុងត្រូល ឧបត្ថម្ភ ថវិកា បោះពុម្ព ផ្សាយ,"['សូម', 'ថ្លែងអំណរគុណ', 'ឯកឧត្តម', 'ម៉ក់', 'ពេជ្ជរិទ្ធ', 'ទីប្រឹក្សា', 'ផ្ទាល់', 'សម្តេច', 'អគ្គ', 'មហា', 'សេនា', 'បតី', 'តេជោ', 'ហ៊ុន', 'សែន', 'ប្រតិភូ', 'រាជ', 'រដ្ឋាភិបាល', 'ទទួលបន្ទុក', 'អគ្គ', 'នាយក', 'នៃ', 'អគ្គ', 'នាយកដ្ឋាន', 'កាំកុងត្រូល', 'ឧបត្ថម្ភ', 'ថវិកា', 'បោះពុម្ព', 'ផ្សាយ']",35,29
287,pair2,negative,បន្ថែមពីនេះ ករណីជំងឺផ្លូវចិត្តធ្ងន់ធ្ងរខ្លាំង ដោយមិនទទួលបានសេវាព្យាបាលទាន់ពេលវេលា នោះអាចបណ្តាលឲ្យយុវវ័យធ្វើអត្តឃាត ដូចជាការប្រើថ្នាំលេប ចងក ឬលោតសម្លាប់ខ្លួនពីលើស្ពានជាដើម។,បន្ថែម ករណី ជំងឺ ផ្លូវចិត្ត ធ្ងន់ធ្ងរ ខ្លាំង មិន ទទួលបាន សេវា ព្យាបាល ទាន់ ពេលវេលា បណ្តាលឲ្យ យុវវ័យ ធ្វើ អត្តឃាត ដូចជា ការប្រើ ថ្នាំ លេប ចង លោត សម្លាប់ ខ្លួន ពីលើ ស្ពាន ជាដើម,"['បន្ថែម', 'ករណី', 'ជំងឺ', 'ផ្លូវចិត្ត', 'ធ្ងន់ធ្ងរ', 'ខ្លាំង', 'មិន', 'ទទួលបាន', 'សេវា', 'ព្យាបាល', 'ទាន់', 'ពេលវេលា', 'បណ្តាលឲ្យ', 'យុវវ័យ', 'ធ្វើ', 'អត្តឃាត', 'ដូចជា', 'ការប្រើ', 'ថ្នាំ', 'លេប', 'ចង', 'លោត', 'សម្លាប់', 'ខ្លួន', 'ពីលើ', 'ស្ពាន', 'ជាដើម']",35,27
558,pair3,neutral,ប្រៀបដូចព្រះរាជហរទ័យព្រះអង្គលះបង់មច្ឆរិយធម៌បានតែងទ្រង់ប្រោសប្រាណអស់សត្វលំបាកតោកយ៉ាកផងបើចេញពាក្យសុំអ្វីក៏មានដូចចិត្តទាំងនេះខ្ញុំតាជីពោលពាក្យពិតពុំមុសា។,ប្រៀប ព្រះរាជ ហរ ទ័យ ព្រះអង្គ លះបង់ មច្ឆរិយធម៌ តែង ទ្រង់ ប្រោសប្រាណ អស់ សត្វ លំបាក តោកយ៉ាក ចេញ ពាក្យ សុំ អ្វី មាន ចិត្ត ទាំងនេះ តា ជី ពោល ពាក្យ ពិត ពុំ មុសា,"['ប្រៀប', 'ព្រះរាជ', 'ហរ', 'ទ័យ', 'ព្រះអង្គ', 'លះបង់', 'មច្ឆរិយធម៌', 'តែង', 'ទ្រង់', 'ប្រោសប្រាណ', 'អស់', 'សត្វ', 'លំបាក', 'តោកយ៉ាក', 'ចេញ', 'ពាក្យ', 'សុំ', 'អ្វី', 'មាន', 'ចិត្ត', 'ទាំងនេះ', 'តា', 'ជី', 'ពោល', 'ពាក្យ', 'ពិត', 'ពុំ', 'មុសា']",36,28
546,pair3,neutral,បើតាមលោករដ្ឋមន្ត្រីសុខាភិបាលដដែល នៅក្នុងចំណោមអ្នកដែលគេជួយសង្គ្រោះបាននោះ មាន ១១ នាក់កំពុងទទួលការព្យាបាលនៅមន្ទីរពេទ្យ។,តាម រដ្ឋមន្ត្រី សុខាភិបាល ដដែល នៅក្នុង ចំណោម ជួយសង្គ្រោះ មាន ១១ នាក់ កំពុង ទទួល ការព្យាបាល មន្ទីរពេទ្យ,"['តាម', 'រដ្ឋមន្ត្រី', 'សុខាភិបាល', 'ដដែល', 'នៅក្នុង', 'ចំណោម', 'ជួយសង្គ្រោះ', 'មាន', '១១', 'នាក់', 'កំពុង', 'ទទួល', 'ការព្យាបាល', 'មន្ទីរពេទ្យ']",23,14
254,pair2,neutral,តាមរយៈទង្វើទាំងឡាយរបស់ក្រុមប្រឆាំងដែលមានទណ្ឌិត សម រង្ស៊ី ជាអ្នកនយោបាយចាញ់ចាស់វស្សាជាអ្នកនាំមុខនេះ អ្នកវិភាគចៅចាក់ស្មុកអាចទាញសេចក្តីសន្និដ្ឋានមួយចំនួនដូចខាងក្រោម៖,តាមរយៈ ទង្វើ ទាំងឡាយ ក្រុម ប្រឆាំង មាន ទណ្ឌិត សម រង្ស៊ី អ្នកនយោបាយ ចាញ់ ចាស់ វស្សា អ្នកនាំមុខ អ្នកវិភាគ ចៅ ចាក់ ស្មុក ទាញ សេចក្តីសន្និដ្ឋាន មួយចំនួន ខាងក្រោម៖,"['តាមរយៈ', 'ទង្វើ', 'ទាំងឡាយ', 'ក្រុម', 'ប្រឆាំង', 'មាន', 'ទណ្ឌិត', 'សម', 'រង្ស៊ី', 'អ្នកនយោបាយ', 'ចាញ់', 'ចាស់', 'វស្សា', 'អ្នកនាំមុខ', 'អ្នកវិភាគ', 'ចៅ', 'ចាក់', 'ស្មុក', 'ទាញ', 'សេចក្តីសន្និដ្ឋាន', 'មួយចំនួន', 'ខាងក្រោម៖']",29,22
144,pair1,positive,បើយោងតាមលោក វណ្ណា បច្ចុប្បន្ននេះក្រៅពីរាជធានីភ្នំពេញ និងខេត្តព្រះសីហនុ វិស័យអចលនទ្រព្យ និងសំណង់ ក៏បាននិងកំពុងឈានឆ្ពោះទៅខេត្តមានសក្តានុពលមួយចំនួនដូចជា កំពត កែប កោះកុង បាត់ដំបង សៀមរាប និងកំពង់ចាម ជាដើម។,យោង តាម វណ្ណា បច្ចុប្បន្ន ក្រៅពី រាជធានី ភ្នំពេញ ខេត្ត ព្រះសីហនុ វិស័យ អចលន ទ្រព្យ សំណង់ កំពុង ឈាន ឆ្ពោះទៅ ខេត្ត មាន សក្តានុពល មួយចំនួន ដូចជា កំពត កែប កោះ កុង បាត់ដំបង សៀមរាប កំពង់ចាម ជាដើម,"['យោង', 'តាម', 'វណ្ណា', 'បច្ចុប្បន្ន', 'ក្រៅពី', 'រាជធានី', 'ភ្នំពេញ', 'ខេត្ត', 'ព្រះសីហនុ', 'វិស័យ', 'អចលន', 'ទ្រព្យ', 'សំណង់', 'កំពុង', 'ឈាន', 'ឆ្ពោះទៅ', 'ខេត្ត', 'មាន', 'សក្តានុពល', 'មួយចំនួន', 'ដូចជា', 'កំពត', 'កែប', 'កោះ', 'កុង', 'បាត់ដំបង', 'សៀមរាប', 'កំពង់ចាម', 'ជាដើម']",39,29
337,pair2,positive,ស្ថានភាពបច្ចុប្បន្ននិងការផ្តល់អនុសាសន៍សម្រាប់កែលម្អត្រូវបានបង្ហាញឡើងតាមរយៈDigital Twin ដែលជាក្រាហ្វិចតំណាងឱ្យសរីរាង្គដែលមានភាពមិនប្រក្រតីលើរាងកាយយើង។,ស្ថានភាព បច្ចុប្បន្ន ការផ្តល់ អនុសាសន៍ កែលម្អ ត្រូវបាន បង្ហាញ ឡើង តាមរយៈ Digital Twin ក្រាហ្វិច តំណាង ឱ្យ សរីរាង្គ មាន ភាព មិន ប្រក្រតី រាងកាយ,"['ស្ថានភាព', 'បច្ចុប្បន្ន', 'ការផ្តល់', 'អនុសាសន៍', 'កែលម្អ', 'ត្រូវបាន', 'បង្ហាញ', 'ឡើង', 'តាមរយៈ', 'Digital', 'Twin', 'ក្រាហ្វិច', 'តំណាង', 'ឱ្យ', 'សរីរាង្គ', 'មាន', 'ភាព', 'មិន', 'ប្រក្រតី', 'រាងកាយ']",28,20
566,pair3,negative,អ្នកខ្លះគ្នាភ័យពេកក៏សម្រេចអត់មកម៉ងទៅ,ខ្លះ ភ័យ ពេក សម្រេច អត់ ម៉ង,"['ខ្លះ', 'ភ័យ', 'ពេក', 'សម្រេច', 'អត់', 'ម៉ង']",11,6
227,pair2,negative,ជុំវិញការរិះគន់នេះវិទ្យុអាស៊ីសេរីមិនអាចសុំការឆ្លើយតបពីប្រធានតុលាការក្រុងភ្នំពេញលោកតាំង ស៊ុនឡាយ បានទេនៅថ្ងៃទី១៣ ខែតុលា។,ជុំវិញ ការរិះគន់ វិទ្យុ អាស៊ី សេរី មិន សុំ ការឆ្លើយតប ប្រធាន តុលាការ ក្រុង ភ្នំពេញ តាំង ស៊ុន ឡាយ ថ្ងៃទី ១៣ ខែតុលា,"['ជុំវិញ', 'ការរិះគន់', 'វិទ្យុ', 'អាស៊ី', 'សេរី', 'មិន', 'សុំ', 'ការឆ្លើយតប', 'ប្រធាន', 'តុលាការ', 'ក្រុង', 'ភ្នំពេញ', 'តាំង', 'ស៊ុន', 'ឡាយ', 'ថ្ងៃទី', '១៣', 'ខែតុលា']",26,18
372,pair2,neutral,តាមម្នាក់ក្នុងចំណោមនោះ បានបង្ហើបថា ផ្ទះលោក ហង្ស ឈា មានបន្ទប់ពិសេស១ នោះគឺសំដៅលើបន្ទប់កម្សាន្តផ្ទាល់ខ្លួន(Entertainment Room) របស់ ហង្ស ឈា ថាកសាងឡើងស្ទើរនឹងបាររាត្រីមួយ ដែលបំពាក់ទៅដោយសម្ភារៈ ឧបករណ៍បំពងសំឡេងទំនើបៗ។,តាម ម្នាក់ ចំណោម បង្ហើប ផ្ទះ ហង្ស ឈា មាន បន្ទប់ ពិសេស សំដៅ បន្ទប់ កម្សាន្ត ផ្ទាល់ខ្លួន Entertainment Room ហង្ស ឈា កសាងឡើង ស្ទើរ បារ រាត្រី បំពាក់ សម្ភារៈ ឧបករណ៍ បំពង សំឡេង ទំនើប,"['តាម', 'ម្នាក់', 'ចំណោម', 'បង្ហើប', 'ផ្ទះ', 'ហង្ស', 'ឈា', 'មាន', 'បន្ទប់', 'ពិសេស', 'សំដៅ', 'បន្ទប់', 'កម្សាន្ត', 'ផ្ទាល់ខ្លួន', 'Entertainment', 'Room', 'ហង្ស', 'ឈា', 'កសាងឡើង', 'ស្ទើរ', 'បារ', 'រាត្រី', 'បំពាក់', 'សម្ភារៈ', 'ឧបករណ៍', 'បំពង', 'សំឡេង', 'ទំនើប']",46,28
136,pair1,neutral,តើទេពកោសល្យអ្វី ដែលអាចធ្វើឲ្យប្រទេសជិតខាង ទទួលយកសំណូមពរដោយបញ្ជូនកងទ័ពស្មគ្រ័ចិត្តវៀតណាមគៀកស្មារជាមួយកងទ័ពរណសិរ្សរំដោះប្រជាជនកម្ពុជា រហូតទទួលបានជោគជ័យលើរបបប៉ុលពត?,តើ ទេពកោសល្យ អ្វី ធ្វើឲ្យ ប្រទេស ជិតខាង ទទួលយក សំណូមពរ បញ្ជូន កងទ័ព ស្ម គ្រ័ចិត្ត វៀតណាម គៀក ស្មារ កងទ័ព រណសិរ្ស រំដោះ ប្រជាជន កម្ពុជា ទទួលបាន ជោគជ័យ របប ប៉ុល ពត,"['តើ', 'ទេពកោសល្យ', 'អ្វី', 'ធ្វើឲ្យ', 'ប្រទេស', 'ជិតខាង', 'ទទួលយក', 'សំណូមពរ', 'បញ្ជូន', 'កងទ័ព', 'ស្ម', 'គ្រ័ចិត្ត', 'វៀតណាម', 'គៀក', 'ស្មារ', 'កងទ័ព', 'រណសិរ្ស', 'រំដោះ', 'ប្រជាជន', 'កម្ពុជា', 'ទទួលបាន', 'ជោគជ័យ', 'របប', 'ប៉ុល', 'ពត']",32,25
468,pair3,neutral,ទី៣៖ ចំពោះស្រ្ដីមានផ្ទៃពោះត្រូវតាមដាន និងពិនិត្យផ្ទៃពោះតាមកាលកំណត់របស់មណ្ឌលសុខភាព ឬមន្ទីរពេទ្យ បើស្រ្ដីគ្រប់ ខែជិតដល់ពេលសម្រាល ត្រូវរកកន្លែងស្នាក់នៅក្បែរមណ្ឌលសុខភាព ឬមន្ទីរពេទ្យដែលនៅជិតលោក អ្នកបំផុត។,ទី ៣៖ ស្រ្ដី មាន ផ្ទៃពោះ តាមដាន ពិនិត្យ ផ្ទៃពោះ តាម កាល កំណត់ មណ្ឌល សុខភាព មន្ទីរពេទ្យ ស្រ្ដី គ្រប់ ខែ ជិត សម្រាល រក កន្លែង ស្នាក់ នៅក្បែរ មណ្ឌល សុខភាព មន្ទីរពេទ្យ នៅជិត បំផុត,"['ទី', '៣៖', 'ស្រ្ដី', 'មាន', 'ផ្ទៃពោះ', 'តាមដាន', 'ពិនិត្យ', 'ផ្ទៃពោះ', 'តាម', 'កាល', 'កំណត់', 'មណ្ឌល', 'សុខភាព', 'មន្ទីរពេទ្យ', 'ស្រ្ដី', 'គ្រប់', 'ខែ', 'ជិត', 'សម្រាល', 'រក', 'កន្លែង', 'ស្នាក់', 'នៅក្បែរ', 'មណ្ឌល', 'សុខភាព', 'មន្ទីរពេទ្យ', 'នៅជិត', 'បំផុត']",42,28
309,pair2,neutral,ប្រាក់សោធនសម្រាប់បុគ្គល ស្ថិតក្រោមច្បាប់ស្តីពីការងារចាប់ផ្តើមអនុវត្តពីខែនេះហើយ,ប្រាក់ សោធន បុគ្គល ស្ថិត ច្បាប់ ស្តីពី ការងារ ចាប់ផ្តើម អនុវត្ត ខែ,"['ប្រាក់', 'សោធន', 'បុគ្គល', 'ស្ថិត', 'ច្បាប់', 'ស្តីពី', 'ការងារ', 'ចាប់ផ្តើម', 'អនុវត្ត', 'ខែ']",15,10
82,pair1,neutral,ខណៈដែលព្រះនាងយាងទៅដល់ក្រោមដើមសាលព្រឹក្សមួយដើមខ្យល់កម្មជ្ជវាតក៏បណ្តាលកម្រើកឡើងនៅក្នុងព្រះឧទរនៃព្រះនាង។,ខណៈ ព្រះនាង យាង ទៅដល់ ដើម សាល ព្រឹក្ស ដើម ខ្យល់ កម្ម ជ្ជវាត បណ្តាល កម្រើក ឡើង នៅក្នុង ព្រះឧទរ នៃ ព្រះនាង,"['ខណៈ', 'ព្រះនាង', 'យាង', 'ទៅដល់', 'ដើម', 'សាល', 'ព្រឹក្ស', 'ដើម', 'ខ្យល់', 'កម្ម', 'ជ្ជវាត', 'បណ្តាល', 'កម្រើក', 'ឡើង', 'នៅក្នុង', 'ព្រះឧទរ', 'នៃ', 'ព្រះនាង']",23,18
379,pair2,neutral,ទាក់ទងនឹងរឿងនេះ មន្ត្រីសមាគមសិទ្ធិមនុស្ស អាដហុក លោក យី សុខសាន្ត ដែលបានចូលរួមសង្កេត សវនាការនេះ យល់ឃើញថា ចៅក្រមបានសួរដេញដោលអំពីបញ្ហាផ្ទាល់ខ្លួនរបស់ លោក វឿង សំណាង ច្រើនជាង សួរសំណួរដាក់បន្ទុកទៅលើសំណុំរឿងដែលបានចោទប្រកាន់។,ទាក់ទង រឿង មន្ត្រី សមាគម សិទ្ធិ មនុស្ស អាដហុក យី សុខសាន្ត ចូលរួម សង្កេត សវនាការ យល់ឃើញ ចៅក្រម សួរ ដេញដោល អំពី បញ្ហា ផ្ទាល់ខ្លួន វឿង សំណាង ច្រើន ជាង សួរ សំណួរ ដាក់ បន្ទុក សំណុំរឿង ចោទប្រកាន់,"['ទាក់ទង', 'រឿង', 'មន្ត្រី', 'សមាគម', 'សិទ្ធិ', 'មនុស្ស', 'អាដហុក', 'យី', 'សុខសាន្ត', 'ចូលរួម', 'សង្កេត', 'សវនាការ', 'យល់ឃើញ', 'ចៅក្រម', 'សួរ', 'ដេញដោល', 'អំពី', 'បញ្ហា', 'ផ្ទាល់ខ្លួន', 'វឿង', 'សំណាង', 'ច្រើន', 'ជាង', 'សួរ', 'សំណួរ', 'ដាក់', 'បន្ទុក', 'សំណុំរឿង', 'ចោទប្រកាន់']",44,29
352,pair2,neutral,ឃើញផ្ទះមួយប្រហាក់ប្រហែល តែមិនដឹងថាត្រូវរឺអត់ទេ គឺនៅជិត សាលាឃុំអូសណ្តាន់ ហើយផ្លូវចូលមានតូបលក់ពីរបី និងមានផ្លាកគណបក្សកម្ពុជា ដោយឃើញមាន ចំការចេកណាំវ៉ាតឿក្បែផ្ទះ បើយើងទៅពីភ្នំពេញគឺនៅខាងស្តាំដៃ។,ឃើញ ផ្ទះ ប្រហាក់ប្រហែល មិន ដឹង រឺ អត់ នៅជិត សាលា ឃុំ អូសណ្តាន់ ផ្លូវ ចូល មាន តូប លក់ បី មាន ផ្លាក គណបក្ស កម្ពុជា ឃើញ មាន ចំការចេក ណាំ វ៉ាតឿ ក្បែ ផ្ទះ ភ្នំពេញ ខាងស្តាំ ដៃ,"['ឃើញ', 'ផ្ទះ', 'ប្រហាក់ប្រហែល', 'មិន', 'ដឹង', 'រឺ', 'អត់', 'នៅជិត', 'សាលា', 'ឃុំ', 'អូសណ្តាន់', 'ផ្លូវ', 'ចូល', 'មាន', 'តូប', 'លក់', 'បី', 'មាន', 'ផ្លាក', 'គណបក្ស', 'កម្ពុជា', 'ឃើញ', 'មាន', 'ចំការចេក', 'ណាំ', 'វ៉ាតឿ', 'ក្បែ', 'ផ្ទះ', 'ភ្នំពេញ', 'ខាងស្តាំ', 'ដៃ']",48,31
495,pair3,negative,ទាក់ទងនឹងកន្លែងលាងដៃ ប្រជាជនកម្ពុជានៅតាមជនបទមិនមានលទ្ធភាពប្រើប្រាស់គ្រឿងបរិក្ខារនេះទេ បើធៀបនឹងគ្រួសារក្នុងទីក្រុង។,ទាក់ទង កន្លែង លាង ដៃ ប្រជាជន កម្ពុជា តាម ជនបទ មិន មាន លទ្ធភាព ប្រើប្រាស់ គ្រឿង បរិក្ខារ ធៀប គ្រួសារ ទីក្រុង,"['ទាក់ទង', 'កន្លែង', 'លាង', 'ដៃ', 'ប្រជាជន', 'កម្ពុជា', 'តាម', 'ជនបទ', 'មិន', 'មាន', 'លទ្ធភាព', 'ប្រើប្រាស់', 'គ្រឿង', 'បរិក្ខារ', 'ធៀប', 'គ្រួសារ', 'ទីក្រុង']",25,17
260,pair2,negative,បន្ទាប់មក ជីដូនបាននាំចៅមក មន្ទីរពេទ្យគន្ធបុប្ផាវិញនៅថ្ងៃទី១៨ ខែតុលា ឆ្នាំ២០២២ វេលាម៉ោង៨យប់ ស្ថិតក្នុងស្ថានភាពធ្ងន់ធ្ងរបំផុតដែលត្រូវសង្គ្រោះបន្ទាន់ (Cardio-Respiratory Failure)។,បន្ទាប់មក ជីដូន នាំ ចៅ មន្ទីរពេទ្យ គន្ធ បុប្ផា វិញ ថ្ងៃទី ១៨ ខែតុលា ឆ្នាំ ២០២២ វេលា ម៉ោង ៨យប់ ស្ថិត ស្ថានភាព ធ្ងន់ធ្ងរ បំផុត សង្គ្រោះ បន្ទាន់ Cardio Respiratory Failure,"['បន្ទាប់មក', 'ជីដូន', 'នាំ', 'ចៅ', 'មន្ទីរពេទ្យ', 'គន្ធ', 'បុប្ផា', 'វិញ', 'ថ្ងៃទី', '១៨', 'ខែតុលា', 'ឆ្នាំ', '២០២២', 'វេលា', 'ម៉ោង', '៨យប់', 'ស្ថិត', 'ស្ថានភាព', 'ធ្ងន់ធ្ងរ', 'បំផុត', 'សង្គ្រោះ', 'បន្ទាន់', 'Cardio', 'Respiratory', 'Failure']",31,25
157,pair1,positive,ទី១១៖ ដើម្បីជៀសវាងការចម្លងជំងឺរលាកផ្លូវដង្ហើម និងជំងឺឆ្លងកូវីដ -១៩ ជាចាំបាច់ត្រូវពាក់ម៉ាស់ ក្រមាខ្ទប់មាត់ពេលក្អក ឬកណ្តាស់ និងត្រូវនៅឱ្យបានឆ្ងាយអ្នកជំងឺដែលក្អក ឬកណ្តាស់ឱ្យលើសពី ១ម៉ែតត្រកន្លះ ហើយនិងមិនត្រូវនៅក្បែរកន្លែងមានធូលីហុយបើចាំបាច់ត្រូវតែពាក់ម៉ាស់។,ទី១១៖ ជៀសវាង ការចម្លង ជំងឺ រលាក ផ្លូវ ដង្ហើម ជំងឺ ឆ្លង កូវីដ ១៩ ចាំបាច់ ពាក់ ម៉ាស់ ក្រមា ខ្ទប់ មាត់ ក្អក កណ្តាស់ ឱ្យ ឆ្ងាយ អ្នកជំងឺ ក្អក កណ្តាស់ ឱ្យ លើស ១ម៉ែត ត្រ កន្លះ ហើយនិង មិន នៅក្បែរ កន្លែង មាន ធូលី ហុយ ចាំបាច់ ត្រូវតែ ពាក់ ម៉ាស់,"['ទី១១៖', 'ជៀសវាង', 'ការចម្លង', 'ជំងឺ', 'រលាក', 'ផ្លូវ', 'ដង្ហើម', 'ជំងឺ', 'ឆ្លង', 'កូវីដ', '១៩', 'ចាំបាច់', 'ពាក់', 'ម៉ាស់', 'ក្រមា', 'ខ្ទប់', 'មាត់', 'ក្អក', 'កណ្តាស់', 'ឱ្យ', 'ឆ្ងាយ', 'អ្នកជំងឺ', 'ក្អក', 'កណ្តាស់', 'ឱ្យ', 'លើស', '១ម៉ែត', 'ត្រ', 'កន្លះ', 'ហើយនិង', 'មិន', 'នៅក្បែរ', 'កន្លែង', 'មាន', 'ធូលី', 'ហុយ', 'ចាំបាច់', 'ត្រូវតែ', 'ពាក់', 'ម៉ាស់']",57,40
346,pair2,neutral,ខ្ញុំកក់សំបុត្រពីឡូអាន់ជីលែសទៅតូក្យូ,កក់ សំបុត្រ ឡូអាន់ ជីលែស តូក្យូ,"['កក់', 'សំបុត្រ', 'ឡូអាន់', 'ជីលែស', 'តូក្យូ']",8,5
51,pair1,negative,មិត្តភក្តិខ្លះស្គាល់យើងពេលយើងមានលុយ ពេលយើងអាចជួយគេបាន ពេលគេអាចពឹងយើងបាន ប៉ុន្តែពេលយើងលំបាកខ្លាំងពួកគេក៏បាត់ទៅណាអស់។,មិត្តភក្តិ ខ្លះ ស្គាល់ មាន លុយ ជួយ ពឹង ប៉ុន្តែ លំបាក ខ្លាំង ពួកគេ បាត់ អស់,"['មិត្តភក្តិ', 'ខ្លះ', 'ស្គាល់', 'មាន', 'លុយ', 'ជួយ', 'ពឹង', 'ប៉ុន្តែ', 'លំបាក', 'ខ្លាំង', 'ពួកគេ', 'បាត់', 'អស់']",32,13
421,pair3,negative,រាជធានីភ្នំពេញ៖ ក្រោយផ្ទុះការរិះគន់យ៉ាងកក្រើកពីសំណាក់ទស្សនិកជន និងអ្នកប្រើប្រាស់បណ្តាញសង្គម ជុំវិញការបង្ហាញនូវឈុតសម្តែងរបស់បេក្ខនារី២រូប នៅក្នុងកម្មវិធីប្រកួត Miss Grand Cambodia 2022 ដែលជាឈុតតំណាងក្រុងបាវិត និងក្រុងប៉ោយប៉ែត បានបង្ហាញពីឧបករណ៍ល្បែង បៀរ និង អាប៉ោង ឬគ្រាប់ឡុកឡាក់ចាក់ភ្នាល់ល្បែងស៊ីសង។,រាជធានី ភ្នំពេញ៖ ក្រោយ ផ្ទុះ ការរិះគន់ យ៉ាង កក្រើក ពីសំណាក់ ទស្សនិកជន អ្នកប្រើប្រាស់ បណ្តាញ សង្គម ជុំវិញ ការបង្ហាញ នូវ ឈុត សម្តែង បេក្ខ នារី ២រូប នៅក្នុង កម្មវិធី ប្រកួត Miss Grand Cambodia ឈុត តំណាង ក្រុង បាវិត ក្រុង ប៉ោយប៉ែត បង្ហាញ ឧបករណ៍ ល្បែង បៀរ អាប៉ោង គ្រាប់ ឡុក ឡាក់ ចាក់ ភ្នាល់ ល្បែងស៊ីសង,"['រាជធានី', 'ភ្នំពេញ៖', 'ក្រោយ', 'ផ្ទុះ', 'ការរិះគន់', 'យ៉ាង', 'កក្រើក', 'ពីសំណាក់', 'ទស្សនិកជន', 'អ្នកប្រើប្រាស់', 'បណ្តាញ', 'សង្គម', 'ជុំវិញ', 'ការបង្ហាញ', 'នូវ', 'ឈុត', 'សម្តែង', 'បេក្ខ', 'នារី', '២រូប', 'នៅក្នុង', 'កម្មវិធី', 'ប្រកួត', 'Miss', 'Grand', 'Cambodia', 'ឈុត', 'តំណាង', 'ក្រុង', 'បាវិត', 'ក្រុង', 'ប៉ោយប៉ែត', 'បង្ហាញ', 'ឧបករណ៍', 'ល្បែង', 'បៀរ', 'អាប៉ោង', 'គ្រាប់', 'ឡុក', 'ឡាក់', 'ចាក់', 'ភ្នាល់', 'ល្បែងស៊ីសង']",54,43
93,pair1,positive,ប៉ុន្តែ នៅក្នុងទំនាក់ទំនងកម្រិតអ្វីក៏ដោយ បើគេមានភាពស្មោះត្រង់ក្នុងការកសាង «មិត្តភាព» នោះគេនឹងមានការថ្លឹងថ្លែង នឹងមានការក្រែងចំពោះយើង។,ប៉ុន្តែ នៅក្នុង ទំនាក់ទំនង កម្រិត អ្វី ក៏ដោយ មាន ភាពស្មោះត្រង់ ការកសាង មិត្តភាព មាន ការ ថ្លឹងថ្លែង មាន ការ ក្រែង,"['ប៉ុន្តែ', 'នៅក្នុង', 'ទំនាក់ទំនង', 'កម្រិត', 'អ្វី', 'ក៏ដោយ', 'មាន', 'ភាពស្មោះត្រង់', 'ការកសាង', 'មិត្តភាព', 'មាន', 'ការ', 'ថ្លឹងថ្លែង', 'មាន', 'ការ', 'ក្រែង']",28,16
108,pair1,negative,ទោះជាយ៉ាងណា វិបត្តិទឹក និងអនាម័យនៅតែជាបញ្ហាប្រឈម ជាពិសេសសម្រាប់អ្នករស់នៅតាមជនបទ។,ទោះជា យ៉ាងណា វិបត្តិ ទឹក អនាម័យ នៅតែ បញ្ហា ប្រឈម ជាពិសេស រស់ តាម ជនបទ,"['ទោះជា', 'យ៉ាងណា', 'វិបត្តិ', 'ទឹក', 'អនាម័យ', 'នៅតែ', 'បញ្ហា', 'ប្រឈម', 'ជាពិសេស', 'រស់', 'តាម', 'ជនបទ']",18,12
124,pair1,neutral,លោក ហ៊ុន សែន បានឲ្យក្រុមគ្រួសារសាងសង់ចេតិយនៅក្នុងភូមិគ្រឹះរបស់លោកនៅឯក្រុងតាខ្មៅជំនួសវិញនេះ ដោយហេតុផលថា លោកបានប្រគល់ឲ្យចៅច្បងរបស់លោករួចហើយ ពីព្រោះចៅច្បងនេះ លោក ហ៊ុន សែន អះអាងថា ជាម្តាយរបស់លោកមកចាប់ជាតិ។,ហ៊ុន សែន ឲ្យ ក្រុមគ្រួសារ សាងសង់ ចេតិយ នៅក្នុង ភូមិ គ្រឹះ នៅឯ ក្រុង តាខ្មៅ ជំនួស វិញ ហេតុផល ប្រគល់ឲ្យ ចៅ ច្បង រួចហើយ ពីព្រោះ ចៅ ច្បង ហ៊ុន សែន អះអាង ម្តាយ ចាប់ ជាតិ,"['ហ៊ុន', 'សែន', 'ឲ្យ', 'ក្រុមគ្រួសារ', 'សាងសង់', 'ចេតិយ', 'នៅក្នុង', 'ភូមិ', 'គ្រឹះ', 'នៅឯ', 'ក្រុង', 'តាខ្មៅ', 'ជំនួស', 'វិញ', 'ហេតុផល', 'ប្រគល់ឲ្យ', 'ចៅ', 'ច្បង', 'រួចហើយ', 'ពីព្រោះ', 'ចៅ', 'ច្បង', 'ហ៊ុន', 'សែន', 'អះអាង', 'ម្តាយ', 'ចាប់', 'ជាតិ']",47,28
343,pair2,negative,ខ្ញុំមានអារម្មណ៍ថាមានការឈឺចាប់ពើតខ្មួល,មានអារម្មណ៍ មាន ការឈឺចាប់ ពើត ខ្មួល,"['មានអារម្មណ៍', 'មាន', 'ការឈឺចាប់', 'ពើត', 'ខ្មួល']",7,5
461,pair3,positive,មានឆន្ទៈខ្ពស់ក្នុងនាមជាគ្រួដើម្បីឲ្យសិស្សអ្នកសិក្សាមានគុណភាព នៅប្រទេសសឹង្ហបុរី គេចំណាយលុយដែលជាកញ្ចប់ថវិកាជាតិច្រើនលើសលប់ក្នុងវិស័យអប់រំ បណ្តុះមនុស្ស រយៈ ពេល២៥ឆ្នាំ គេមានចក្ខុវិស័យវែងឆ្ងាយណាស់ យើងគូរៀនសូត្រពីគេ។,មាន ឆន្ទៈ ខ្ពស់ នាម គ្រួ ដើម្បីឲ្យ សិស្ស អ្នកសិក្សា មាន គុណភាព ប្រទេស សឹង្ហបុរី ចំណាយ លុយ កញ្ចប់ ថវិកា ជាតិ ច្រើន លើសលប់ វិស័យ អប់រំ បណ្តុះ មនុស្ស រយៈ ២៥ ឆ្នាំ មាន ចក្ខុវិស័យ វែងឆ្ងាយ ណាស់ គូ រៀនសូត្រ,"['មាន', 'ឆន្ទៈ', 'ខ្ពស់', 'នាម', 'គ្រួ', 'ដើម្បីឲ្យ', 'សិស្ស', 'អ្នកសិក្សា', 'មាន', 'គុណភាព', 'ប្រទេស', 'សឹង្ហបុរី', 'ចំណាយ', 'លុយ', 'កញ្ចប់', 'ថវិកា', 'ជាតិ', 'ច្រើន', 'លើសលប់', 'វិស័យ', 'អប់រំ', 'បណ្តុះ', 'មនុស្ស', 'រយៈ', '២៥', 'ឆ្នាំ', 'មាន', 'ចក្ខុវិស័យ', 'វែងឆ្ងាយ', 'ណាស់', 'គូ', 'រៀនសូត្រ']",45,32
57,pair1,neutral,ជុំវិញបញ្ហានេះ Lionel Messi ត្រូវបានកាសែតអាម៉េរិក ESPN ដកស្រង់សម្តីថា «ការប្រកួត World Cup នាប្រទេសកាតា នឹងក្លាយជាការប្រកួតចុងក្រោយរបស់ខ្ញុំ ក្នុងក្រុមជម្រើសជាតិអាហ្សង់ទីន»។,ជុំវិញ បញ្ហា Lionel Messi ត្រូវបាន កាសែត អាម៉េរិក ESPN ដកស្រង់ សម្តី ការប្រកួត World Cup នា ប្រទេស កាតា ក្លាយជា ការប្រកួត ចុងក្រោយ ក្រុម ជម្រើសជាតិ អាហ្សង់ទីន,"['ជុំវិញ', 'បញ្ហា', 'Lionel', 'Messi', 'ត្រូវបាន', 'កាសែត', 'អាម៉េរិក', 'ESPN', 'ដកស្រង់', 'សម្តី', 'ការប្រកួត', 'World', 'Cup', 'នា', 'ប្រទេស', 'កាតា', 'ក្លាយជា', 'ការប្រកួត', 'ចុងក្រោយ', 'ក្រុម', 'ជម្រើសជាតិ', 'អាហ្សង់ទីន']",31,22
240,pair2,negative,ដោយលើកឡើងពីវិធីសាស្តរថ្មីដែលត្រូវបានបង្កើតឡើងដោយរដ្ឋាភិបាលអ៊ុយក្រែន ដើម្បីគណនាការខូចខាតនោះ លោក Strilets បានបញ្ជាក់ថា សង្គរាមរយៈពេល ៧ ខែនេះបានបណ្តាលឱ្យមានការបំភាយឧស្ម័នកាបូនឌីអុកស៊ីតចំនួន ៣១ លានតោន ស្មើនឹងបរិមាណដែលផលិតដោយប្រទេសនូវែលសេឡង់ជារៀងរាល់ឆ្នាំ។,លើកឡើង វិធីសាស្តរ ថ្មី ត្រូវបាន បង្កើតឡើង រដ្ឋាភិបាល អ៊ុយក្រែន គណនា ការខូចខាត Strilets បញ្ជាក់ សង្គ រាម រយៈពេល ខែ បណ្តាលឱ្យ មាន ការបំភាយ ឧស្ម័ន កាបូន ឌី អុកស៊ីត ចំនួន ៣១ លាន តោន ស្មើនឹង បរិមាណ ផលិត ប្រទេស នូវែលសេឡង់ ជារៀងរាល់ ឆ្នាំ,"['លើកឡើង', 'វិធីសាស្តរ', 'ថ្មី', 'ត្រូវបាន', 'បង្កើតឡើង', 'រដ្ឋាភិបាល', 'អ៊ុយក្រែន', 'គណនា', 'ការខូចខាត', 'Strilets', 'បញ្ជាក់', 'សង្គ', 'រាម', 'រយៈពេល', 'ខែ', 'បណ្តាលឱ្យ', 'មាន', 'ការបំភាយ', 'ឧស្ម័ន', 'កាបូន', 'ឌី', 'អុកស៊ីត', 'ចំនួន', '៣១', 'លាន', 'តោន', 'ស្មើនឹង', 'បរិមាណ', 'ផលិត', 'ប្រទេស', 'នូវែលសេឡង់', 'ជារៀងរាល់', 'ឆ្នាំ']",48,33
257,pair2,neutral,ប្រទេសមួយចំនួនកំពុងរង់ចាំការចូលរួមក្នុងប្លុកនេះ ខណៈប្រទេសមួយទៀតគឺចក្រភពអង់គ្លេស ជាប្រទេសតែមួយគត់ដែលបានចាកចេញពីប្លុក។,ប្រទេស មួយចំនួន កំពុង រង់ចាំ ការចូលរួម ប្លុក ខណៈ ប្រទេស ទៀត ចក្រភព អង់គ្លេស ប្រទេស គត់ ចាកចេញ ប្លុក,"['ប្រទេស', 'មួយចំនួន', 'កំពុង', 'រង់ចាំ', 'ការចូលរួម', 'ប្លុក', 'ខណៈ', 'ប្រទេស', 'ទៀត', 'ចក្រភព', 'អង់គ្លេស', 'ប្រទេស', 'គត់', 'ចាកចេញ', 'ប្លុក']",26,15
488,pair3,neutral,ទាំងនេះគ្រាន់តែជារឿងឮតៗគ្នាប៉ុណ្ណោះ។,ទាំងនេះ គ្រាន់តែ រឿង ឮត ប៉ុណ្ណោះ,"['ទាំងនេះ', 'គ្រាន់តែ', 'រឿង', 'ឮត', 'ប៉ុណ្ណោះ']",9,5
181,pair1,positive,បណ្ណាគារសាមគ្គីពុទ្ធិ មានកិត្តិយសសូមជូនដំណឹងដល់សាធារណជនទាំងអស់ឱ្យបានជ្រាបថា៖ បណ្ណាគារសាមគ្គីពុទ្ធិ មានការរៀបចំវេទិកាអំណានដើម្បីកម្ពុជា ប្រចាំខែតុលា ឆ្នាំ២០២២។,បណ្ណាគារ សាមគ្គី ពុទ្ធិ មាន កិត្តិយស សូម ជូនដំណឹង សាធារណជន ទាំងអស់ ឱ្យ ជ្រាប ថា៖ បណ្ណា គារ សាមគ្គី ពុទ្ធិ មាន ការរៀបចំ វេទិកា អំណាន កម្ពុជា ប្រចាំ ខែតុលា ឆ្នាំ ២០២២,"['បណ្ណាគារ', 'សាមគ្គី', 'ពុទ្ធិ', 'មាន', 'កិត្តិយស', 'សូម', 'ជូនដំណឹង', 'សាធារណជន', 'ទាំងអស់', 'ឱ្យ', 'ជ្រាប', 'ថា៖', 'បណ្ណា', 'គារ', 'សាមគ្គី', 'ពុទ្ធិ', 'មាន', 'ការរៀបចំ', 'វេទិកា', 'អំណាន', 'កម្ពុជា', 'ប្រចាំ', 'ខែតុលា', 'ឆ្នាំ', '២០២២']",29,25
165,pair1,negative,ជុំវិញបញ្ហានេះ លោក ហ្សេឡេនស្គី បានលើកឡើង៖«នេះគឺជាឧទាហរណ៍មួយទៀតនៃសកម្មភាពដ៏ច្បាស់លាស់នៃអំពើភេរវកម្មរបស់រុស្ស៊ី ដែលរដ្ឋភេរវករត្រូវតែទទួលទណ្ឌកម្មដែលកាន់តែខ្លាំងឡើង»។,ជុំវិញ បញ្ហា ហ្សេឡេន ស្គី លើកឡើ ង៖ គឺជា ឧទាហរណ៍ ទៀត នៃ សកម្មភាព ដ៏ ច្បាស់លាស់ នៃ អំពើ ភេរវកម្ម រុស្ស៊ី រដ្ឋ ភេរវករ ត្រូវតែ ទទួល ទណ្ឌកម្ម កាន់តែ ខ្លាំង ឡើង,"['ជុំវិញ', 'បញ្ហា', 'ហ្សេឡេន', 'ស្គី', 'លើកឡើ', 'ង៖', 'គឺជា', 'ឧទាហរណ៍', 'ទៀត', 'នៃ', 'សកម្មភាព', 'ដ៏', 'ច្បាស់លាស់', 'នៃ', 'អំពើ', 'ភេរវកម្ម', 'រុស្ស៊ី', 'រដ្ឋ', 'ភេរវករ', 'ត្រូវតែ', 'ទទួល', 'ទណ្ឌកម្ម', 'កាន់តែ', 'ខ្លាំង', 'ឡើង']",36,25
265,pair2,negative,ការប្រើប្រាស់ភាសា គឺជាបញ្ហាប្រឈមដ៏ធំមួយដែលជនជាតិដើមភាគតិចបានជួបប្រទះក្នុងការសិក្សារបស់ពួកគេ។,ការប្រើប្រាស់ ភាសា គឺជា បញ្ហា ប្រឈម ដ៏ ធំ ជនជាតិ ដើម ភាគ តិច ជួបប្រទះ ការសិក្សា ពួកគេ,"['ការប្រើប្រាស់', 'ភាសា', 'គឺជា', 'បញ្ហា', 'ប្រឈម', 'ដ៏', 'ធំ', 'ជនជាតិ', 'ដើម', 'ភាគ', 'តិច', 'ជួបប្រទះ', 'ការសិក្សា', 'ពួកគេ']",20,14
259,pair2,positive,លោក អូស្ទីន បានបន្ថែមថា សហរដ្ឋអាម៉េរិកនឹងបន្តធ្វើការជាមួយសម្ព័ន្ធមិត្ត និងដៃគូរបស់ខ្លួន ដើម្បីធានាបាននូវឥណ្ឌូប៉ាស៊ីហ្វិកសេរី និងបើកចំហ។,អូស្ទីន បន្ថែម សហរដ្ឋ អាម៉េរិក បន្ត ធ្វើការ សម្ព័ន្ធមិត្ត ដៃគូ ខ្លួន ធានា នូវ ឥណ្ឌូប៉ាស៊ីហ្វិក សេរី បើកចំហ,"['អូស្ទីន', 'បន្ថែម', 'សហរដ្ឋ', 'អាម៉េរិក', 'បន្ត', 'ធ្វើការ', 'សម្ព័ន្ធមិត្ត', 'ដៃគូ', 'ខ្លួន', 'ធានា', 'នូវ', 'ឥណ្ឌូប៉ាស៊ីហ្វិក', 'សេរី', 'បើកចំហ']",25,14
554,pair3,negative,ក្បាលរបស់ខ្ញុំមានអារម្មណ៍ថាមិនស្រលះសោះ,ក្បាល មានអារម្មណ៍ មិន ស្រលះ សោះ,"['ក្បាល', 'មានអារម្មណ៍', 'មិន', 'ស្រលះ', 'សោះ']",8,5
143,pair1,negative,អាជ្ញាធរត្រូវយកចិត្តទុក ដាក់ដោះស្រាយជម្លោះដីធ្លីជូនប្រជាពលរដ្ឋអោយបានរហ័ស និងមានប្រសិទ្ធិភាព ជាពិសេសការដោះស្រាយក្រៅប្រព័ន្ធតុលាការអោយបានច្រើន ដោយមិនត្រូវលំអៀងខាងភាគីណានោះទេត្រូវឈរនៅកណ្តាល ដើម្បីបម្រើផលប្រយោជន៍ទាំងសងខាង។,អាជ្ញាធរ យកចិត្ត ទុក ដាក់ ដោះស្រាយ ជម្លោះ ដីធ្លី ជូន ប្រជាពលរដ្ឋ អោយ រហ័ស មាន ប្រសិទ្ធិភាព ជាពិសេស ការដោះស្រាយ ក្រៅ ប្រព័ន្ធ តុលាការ អោយ ច្រើន មិន លំអៀង ខាង ភាគី ឈរ កណ្តាល បម្រើ ផលប្រយោជន៍ សងខាង,"['អាជ្ញាធរ', 'យកចិត្ត', 'ទុក', 'ដាក់', 'ដោះស្រាយ', 'ជម្លោះ', 'ដីធ្លី', 'ជូន', 'ប្រជាពលរដ្ឋ', 'អោយ', 'រហ័ស', 'មាន', 'ប្រសិទ្ធិភាព', 'ជាពិសេស', 'ការដោះស្រាយ', 'ក្រៅ', 'ប្រព័ន្ធ', 'តុលាការ', 'អោយ', 'ច្រើន', 'មិន', 'លំអៀង', 'ខាង', 'ភាគី', 'ឈរ', 'កណ្តាល', 'បម្រើ', 'ផលប្រយោជន៍', 'សងខាង']",43,29
105,pair1,positive,ជាចុងក្រោយគាត់សូមអរគុណដល់ក្រុមការងាររ៉ាក់ដែលបានផ្តល់ការប្រឹក្សានិងការធ្វើតេស្តឈាមជូនគាត់ដោយមិនគិតថវិការហើយថែមទាំងបានផ្តល់ទំនុកចិត្តដល់គាត់ធ្វើឲ្យគាត់ទទួលសេវាបានទាន់ពេលវេលាគ្មានចេញជារោគសញ្ញាបង្ហាញឲ្យអ្នកដ៏ទៃដឹងនិងអាចធ្វើឲ្យគាត់មានសុខភាពល្អ,ចុងក្រោយ សូម អរគុណ ក្រុមការងារ រ៉ាក់ ផ្តល់ ការប្រឹក្សា ការធ្វើតេស្ត ឈាម ជូន មិន គិត ថវិការ ថែមទាំង ផ្តល់ ទំនុកចិត្ត ធ្វើឲ្យ ទទួល សេវា ទាន់ ពេលវេលា គ្មាន ចេញ រោគសញ្ញា បង្ហាញ ឲ្យ ដ៏ទៃ ដឹង ធ្វើឲ្យ មាន សុខភាព ល្អ,"['ចុងក្រោយ', 'សូម', 'អរគុណ', 'ក្រុមការងារ', 'រ៉ាក់', 'ផ្តល់', 'ការប្រឹក្សា', 'ការធ្វើតេស្ត', 'ឈាម', 'ជូន', 'មិន', 'គិត', 'ថវិការ', 'ថែមទាំង', 'ផ្តល់', 'ទំនុកចិត្ត', 'ធ្វើឲ្យ', 'ទទួល', 'សេវា', 'ទាន់', 'ពេលវេលា', 'គ្មាន', 'ចេញ', 'រោគសញ្ញា', 'បង្ហាញ', 'ឲ្យ', 'ដ៏ទៃ', 'ដឹង', 'ធ្វើឲ្យ', 'មាន', 'សុខភាព', 'ល្អ']",51,32
528,pair3,neutral,លោក ហ៊ុន សែន បានលើកឡើងថា វិស័យឯកជននៅកម្ពុជាកំពុងបន្តពង្រឹង និងពង្រីកខ្លួនជាបន្តបន្ទាប់ ដែលសកម្មភាពនេះទាមទារឱ្យមានការបណ្តុះបណ្តាលធនធានមនុស្សមានសមត្ថភាពកាន់តែច្រើន ខណៈរដ្ឋាភិបាលចាត់ទុកវិស័យឯកជន គឺជាក្បាលម៉ាស៊ីនកំណើនសេដ្ឋកិច្ច។,ហ៊ុន សែន លើកឡើង វិស័យ ឯកជន កម្ពុជា កំពុង បន្ត ពង្រឹង ពង្រីក ខ្លួន បន្តបន្ទាប់ សកម្មភាព ទាមទារ ឱ្យ មាន ការបណ្តុះបណ្តាល ធនធាន មនុស្ស មាន សមត្ថភាព កាន់តែ ច្រើន ខណៈ រដ្ឋាភិបាល ចាត់ទុក វិស័យ ឯកជន គឺជា ក្បាល ម៉ាស៊ីន កំណើន សេដ្ឋកិច្ច,"['ហ៊ុន', 'សែន', 'លើកឡើង', 'វិស័យ', 'ឯកជន', 'កម្ពុជា', 'កំពុង', 'បន្ត', 'ពង្រឹង', 'ពង្រីក', 'ខ្លួន', 'បន្តបន្ទាប់', 'សកម្មភាព', 'ទាមទារ', 'ឱ្យ', 'មាន', 'ការបណ្តុះបណ្តាល', 'ធនធាន', 'មនុស្ស', 'មាន', 'សមត្ថភាព', 'កាន់តែ', 'ច្រើន', 'ខណៈ', 'រដ្ឋាភិបាល', 'ចាត់ទុក', 'វិស័យ', 'ឯកជន', 'គឺជា', 'ក្បាល', 'ម៉ាស៊ីន', 'កំណើន', 'សេដ្ឋកិច្ច']",42,33
447,pair3,negative,ក្រុមហ៊ុនបានបដិសេធថាខ្លួនមិនជាប់ពាក់ព័ន្ធក្នុងអាជីវកម្មឈើទេ។,ក្រុមហ៊ុន បដិសេធ ខ្លួន មិន ជាប់ពាក់ព័ន្ធ អាជីវកម្ម ឈើ,"['ក្រុមហ៊ុន', 'បដិសេធ', 'ខ្លួន', 'មិន', 'ជាប់ពាក់ព័ន្ធ', 'អាជីវកម្ម', 'ឈើ']",12,7
7,pair1,positive,ការរួមចំណែក និងការខិតខំប្រឹងប្រែងរួមគ្នារបស់យើងជាមួយរាជរដ្ឋាភិបាលកម្ពុជាក្នុងអំឡុងវិបត្តិដ៏មហន្តរាយនេះបានបង្ហាញឱ្យអ្នករាល់គ្នាដឹងថា ក្រុមហ៊ុន Smart Axiata ពិតជានៅទីនេះ ដើម្បីបម្រើប្រទេសកម្ពុជា និងប្រជាជនកម្ពុជាទាំងអស់។,ការរួមចំណែក ការខិតខំ ប្រឹងប្រែង រួមគ្នា រាជ រដ្ឋាភិបាល កម្ពុជា អំឡុង វិបត្តិ ដ៏ មហន្តរាយ បង្ហាញ ឱ្យ រាល់គ្នា ដឹង ក្រុមហ៊ុន Smart Axiata ពិតជា ទីនេះ បម្រើ ប្រទេស កម្ពុជា ប្រជាជន កម្ពុជា ទាំងអស់,"['ការរួមចំណែក', 'ការខិតខំ', 'ប្រឹងប្រែង', 'រួមគ្នា', 'រាជ', 'រដ្ឋាភិបាល', 'កម្ពុជា', 'អំឡុង', 'វិបត្តិ', 'ដ៏', 'មហន្តរាយ', 'បង្ហាញ', 'ឱ្យ', 'រាល់គ្នា', 'ដឹង', 'ក្រុមហ៊ុន', 'Smart', 'Axiata', 'ពិតជា', 'ទីនេះ', 'បម្រើ', 'ប្រទេស', 'កម្ពុជា', 'ប្រជាជន', 'កម្ពុជា', 'ទាំងអស់']",39,26
569,pair3,neutral,ប្រព័ន្ធអប់រំនៅកម្ពុជាបានឆ្លងកាត់កំណែទម្រង់ជាច្រើនក្នុងរយៈពេលមួយទសវត្សរ៍ចុងក្រោយ នេះជាពិសេសជុំវិញកំណែទម្រង់វិមជ្ឈការ និងវិសហមជ្ឈការ។,ប្រព័ន្ធ អប់រំ កម្ពុជា ឆ្លងកាត់ កំណែទម្រង់ ជាច្រើន រយៈពេល ទសវត្សរ៍ ចុងក្រោយ ជាពិសេស ជុំវិញ កំណែទម្រង់ វិមជ្ឈការ វិសហមជ្ឈការ,"['ប្រព័ន្ធ', 'អប់រំ', 'កម្ពុជា', 'ឆ្លងកាត់', 'កំណែទម្រង់', 'ជាច្រើន', 'រយៈពេល', 'ទសវត្សរ៍', 'ចុងក្រោយ', 'ជាពិសេស', 'ជុំវិញ', 'កំណែទម្រង់', 'វិមជ្ឈការ', 'វិសហមជ្ឈការ']",21,14
375,pair2,negative,ប័ណ្ណបញ្ជាក់អះអាងនេះមិនពេញលេញទេ,ប័ណ្ណ បញ្ជាក់ អះអាង មិន ពេញលេញ,"['ប័ណ្ណ', 'បញ្ជាក់', 'អះអាង', 'មិន', 'ពេញលេញ']",7,5
59,pair1,neutral,ដោយសារការយល់ឃើញរបស់សាធារណជនបានផ្លាស់ប្តូរ ក្រុមហ៊ុនធានារ៉ាប់រង ក៏កំពុងរក្សាល្បឿន ជាមួយនឹងនិន្នាការផ្លាស់ប្តូរនេះដែរ។,ដោយសារ ការយល់ឃើញ សាធារណជន ផ្លាស់ប្តូរ ក្រុមហ៊ុន ធានារ៉ាប់រង កំពុង រក្សា ល្បឿន ជាមួយនឹង និន្នាការ ផ្លាស់ប្តូរ,"['ដោយសារ', 'ការយល់ឃើញ', 'សាធារណជន', 'ផ្លាស់ប្តូរ', 'ក្រុមហ៊ុន', 'ធានារ៉ាប់រង', 'កំពុង', 'រក្សា', 'ល្បឿន', 'ជាមួយនឹង', 'និន្នាការ', 'ផ្លាស់ប្តូរ']",18,12
584,pair3,negative,ក៏ដូចគ្នាដែរចំពោះមនុស្សដែលនៅក្មេងមិនទាន់នឹងមានទំនួលខុសត្រូវខ្ពស់នៅឡើយទេចំពោះការសម្រេចចិត្ត ទៀតសោតការគិតគូរមិនសូវបានវែងឆ្ងាយ(ដោយបុគ្គល) ដូចគ្នានោះដែរ។,ដូចគ្នា មនុស្ស ក្មេង មិន ទាន់ មាន ទំនួល ខុសត្រូវ ខ្ពស់ នៅឡើយ ការសម្រេចចិត្ត ទៀតសោត ការគិតគូរ មិន សូវ វែងឆ្ងាយ បុគ្គល ដូចគ្នា,"['ដូចគ្នា', 'មនុស្ស', 'ក្មេង', 'មិន', 'ទាន់', 'មាន', 'ទំនួល', 'ខុសត្រូវ', 'ខ្ពស់', 'នៅឡើយ', 'ការសម្រេចចិត្ត', 'ទៀតសោត', 'ការគិតគូរ', 'មិន', 'សូវ', 'វែងឆ្ងាយ', 'បុគ្គល', 'ដូចគ្នា']",33,18
338,pair2,positive,ក្រៅពីស្តារថាមពលឡើងវិញ ខាងក្រោមនេះ ជាអត្ថប្រយោជន៍ជាច្រើននៃការគេង ដែលជួយធ្វើឲ្យរាង្គកាយរបស់យើងមានកម្លាំងឡើងវិញ។,ក្រៅពី ស្តារ ថាមពល ឡើងវិញ ខាងក្រោម អត្ថប្រយោជន៍ ជាច្រើន នៃ ការគេង ជួយ ធ្វើឲ្យ រាង្គកាយ មាន កម្លាំង ឡើងវិញ,"['ក្រៅពី', 'ស្តារ', 'ថាមពល', 'ឡើងវិញ', 'ខាងក្រោម', 'អត្ថប្រយោជន៍', 'ជាច្រើន', 'នៃ', 'ការគេង', 'ជួយ', 'ធ្វើឲ្យ', 'រាង្គកាយ', 'មាន', 'កម្លាំង', 'ឡើងវិញ']",21,15
545,pair3,neutral,តុលាការចាប់ផ្តើមកោះហៅសាក្សីចូលបំភ្លឺក្នុងដំណាក់កាលនៃសវនាការជំនុំជម្រះចាប់ពីសវនាការសប្តាហ៍លើកទី៥៩ មក។,តុលាការ ចាប់ផ្តើម កោះហៅ សាក្សី ចូល បំភ្លឺ ដំណាក់កាល នៃ សវនាការ ជំនុំជម្រះ ចាប់ពី សវនាការ សប្តាហ៍ លើក ទី ៥៩,"['តុលាការ', 'ចាប់ផ្តើម', 'កោះហៅ', 'សាក្សី', 'ចូល', 'បំភ្លឺ', 'ដំណាក់កាល', 'នៃ', 'សវនាការ', 'ជំនុំជម្រះ', 'ចាប់ពី', 'សវនាការ', 'សប្តាហ៍', 'លើក', 'ទី', '៥៩']",19,16
23,pair1,neutral,រាជធានីភ្នំពេញ៖ លោកជំទាវបណ្ឌិត ពេជ ចន្ទមុន្នី ហ៊ុន ម៉ាណែត ត្រូវបានចាត់តាំងជាឧត្តមទីប្រឹក្សា នៃកាយរឹទ្ធិជាតិកម្ពុជា។,រាជធានី ភ្នំពេញ៖ លោកជំទាវ បណ្ឌិត ពេជ ចន្ទ មុន្នី ហ៊ុន ម៉ាណែត ត្រូវបាន ចាត់តាំង ឧត្តម ទីប្រឹក្សា នៃ កាយ រឹទ្ធិជាតិ កម្ពុជា,"['រាជធានី', 'ភ្នំពេញ៖', 'លោកជំទាវ', 'បណ្ឌិត', 'ពេជ', 'ចន្ទ', 'មុន្នី', 'ហ៊ុន', 'ម៉ាណែត', 'ត្រូវបាន', 'ចាត់តាំង', 'ឧត្តម', 'ទីប្រឹក្សា', 'នៃ', 'កាយ', 'រឹទ្ធិជាតិ', 'កម្ពុជា']",19,17
26,pair1,neutral,រាប់ចាប់ពីការក្រេបកាហ្វេមួយកែវដំបូងនៅពេលព្រឹក សារជាតិកាហ្វេអ៊ីន បានជ្រាបចូលភ្លាម ទៅក្នុងចរន្តឈាមរបស់អ្នក ។,រាប់ ចាប់ពី ការក្រេប កាហ្វេ កែវ ដំបូង ពេលព្រឹក សារជាតិ កាហ្វេអ៊ីន ជ្រាប ចូល ភ្លាម ទៅក្នុង ចរន្ត ឈាម,"['រាប់', 'ចាប់ពី', 'ការក្រេប', 'កាហ្វេ', 'កែវ', 'ដំបូង', 'ពេលព្រឹក', 'សារជាតិ', 'កាហ្វេអ៊ីន', 'ជ្រាប', 'ចូល', 'ភ្លាម', 'ទៅក្នុង', 'ចរន្ត', 'ឈាម']",21,15
444,pair3,positive,រដ្ឋមន្ត្រីការបរទេសកម្ពុជា និងម៉ាឡេស៊ី ពិភាក្សាអំពីកិច្ចសហប្រតិបត្តិការ ក្នុងការប្រយុទ្ធប្រឆាំងនឹងឧក្រិដ្ឋកម្មឆបោក,រដ្ឋមន្ត្រី ការបរទេស កម្ពុជា ម៉ាឡេស៊ី ពិភាក្សា អំពី កិច្ចសហប្រតិបត្តិការ ការប្រយុទ្ធ ប្រឆាំង ឧក្រិដ្ឋកម្ម ឆបោក,"['រដ្ឋមន្ត្រី', 'ការបរទេស', 'កម្ពុជា', 'ម៉ាឡេស៊ី', 'ពិភាក្សា', 'អំពី', 'កិច្ចសហប្រតិបត្តិការ', 'ការប្រយុទ្ធ', 'ប្រឆាំង', 'ឧក្រិដ្ឋកម្ម', 'ឆបោក']",14,11
331,pair2,neutral,យ៉ាងណាមិញ គោលនយោបាយភូមិឃុំមានសុវត្ថិភាព មានន័យថាភូមិឃុំគ្មានប្រព្រឹត្តល្បែងស៊ីសង ក៏ប៉ុន្តែឥឡូវនេះសម្តេចបានសង្កេតឃើញថា ភូមិឃុំរបស់យើងកំពុងមានល្បែងស៊ីសង បនល្បែង។,យ៉ាងណាមិញ គោល នយោបាយ ភូមិ ឃុំ មាន សុវត្ថិភាព មាន ន័យ ភូមិ ឃុំ គ្មាន ប្រព្រឹត្ត ល្បែងស៊ីសង ក៏ប៉ុន្តែ ឥឡូវនេះ សម្តេច សង្កេតឃើញ ភូមិ ឃុំ កំពុង មាន ល្បែងស៊ីសង បន ល្បែង,"['យ៉ាងណាមិញ', 'គោល', 'នយោបាយ', 'ភូមិ', 'ឃុំ', 'មាន', 'សុវត្ថិភាព', 'មាន', 'ន័យ', 'ភូមិ', 'ឃុំ', 'គ្មាន', 'ប្រព្រឹត្ត', 'ល្បែងស៊ីសង', 'ក៏ប៉ុន្តែ', 'ឥឡូវនេះ', 'សម្តេច', 'សង្កេតឃើញ', 'ភូមិ', 'ឃុំ', 'កំពុង', 'មាន', 'ល្បែងស៊ីសង', 'បន', 'ល្បែង']",31,25
160,pair1,positive,បន្លែដែលមានស្លឹកពណ៌បៃតងដូចជាស្ពៃចង្កឹះ និងខាត់ណាក៏ជាប្រភពផ្តល់នូវ folate ដ៏ល្អបំផុតដែរ។,បន្លែ មាន ស្លឹក ពណ៌ បៃតង ដូចជា ស្ពៃ ចង្កឹះ ខាត់ ប្រភព ផ្តល់ នូវ folate ដ៏ ល្អ បំផុត,"['បន្លែ', 'មាន', 'ស្លឹក', 'ពណ៌', 'បៃតង', 'ដូចជា', 'ស្ពៃ', 'ចង្កឹះ', 'ខាត់', 'ប្រភព', 'ផ្តល់', 'នូវ', 'folate', 'ដ៏', 'ល្អ', 'បំផុត']",23,16
84,pair1,neutral,ណាវីគ្រវីក្បាលដោយទឹកមុខស្ងួត,វីគ្រវី ក្បាល ទឹកមុខ ស្ងួត,"['វីគ្រវី', 'ក្បាល', 'ទឹកមុខ', 'ស្ងួត']",6,4
193,pair1,neutral,លោកផន សុភី រស់នៅសង្កាត់ ទឹកវិល ក្រុងសៀមរាប បានឱ្យដឹងថា លោកបានចាប់ផ្តើមការងារដាំដុះដំណាំកាកាវរយៈ ពេល២ឆ្នាំមកហើយ តាមរយៈការចុះកិច្ចសន្យាដាំដុះជាមួយក្រុមហ៊ុនមួយ ដែលប្រមូលទិញវិញនូវផ្លែកាកាវ ដែលលោក និងកសិករដទៃទៀតប្រមូលផលបាន ក្នុងតម្លៃមួយច្បាស់លាស់។,ផន សុភី រស់ សង្កាត់ ទឹក វិល ក្រុង សៀមរាប ឱ្យដឹង ចាប់ផ្តើម ការងារ ដាំដុះ ដំណាំ កាកាវរយៈ ២ឆ្នាំ មកហើយ តាមរយៈ ការចុះ កិច្ចសន្យា ដាំដុះ ក្រុមហ៊ុន ប្រមូល ទិញ វិញ នូវ ផ្លែ កាកាវ កសិករ ដទៃ ទៀត ប្រមូល ផល តម្លៃ ច្បាស់លាស់,"['ផន', 'សុភី', 'រស់', 'សង្កាត់', 'ទឹក', 'វិល', 'ក្រុង', 'សៀមរាប', 'ឱ្យដឹង', 'ចាប់ផ្តើម', 'ការងារ', 'ដាំដុះ', 'ដំណាំ', 'កាកាវរយៈ', '២ឆ្នាំ', 'មកហើយ', 'តាមរយៈ', 'ការចុះ', 'កិច្ចសន្យា', 'ដាំដុះ', 'ក្រុមហ៊ុន', 'ប្រមូល', 'ទិញ', 'វិញ', 'នូវ', 'ផ្លែ', 'កាកាវ', 'កសិករ', 'ដទៃ', 'ទៀត', 'ប្រមូល', 'ផល', 'តម្លៃ', 'ច្បាស់លាស់']",51,34
249,pair2,positive,ក្រុមហ៊ុនល្អធ្វើឱ្យប្រវែងខ្លី,ក្រុមហ៊ុន ល្អ ធ្វើឱ្យ ប្រវែង ខ្លី,"['ក្រុមហ៊ុន', 'ល្អ', 'ធ្វើឱ្យ', 'ប្រវែង', 'ខ្លី']",5,5
405,pair3,neutral,ភាពមិនលំអៀង និងឯករាជ្យគឺជាគោលការណ៍ជាមូលដ្ឋាន។,ភាព មិន លំអៀង ឯករាជ្យ គឺជា គោលការណ៍ មូលដ្ឋាន,"['ភាព', 'មិន', 'លំអៀង', 'ឯករាជ្យ', 'គឺជា', 'គោលការណ៍', 'មូលដ្ឋាន']",10,7
427,pair3,negative,ក្រុមហ៊ុនផលិតទូរទស្សន៍ស្នាក់ការធំជាងគេទីពីរក្នុងពិភពលោកនេះឲ្យដឹងថាការធ្លាក់ចុះតម្លៃរូបិយប័ណ្ណក្នុងស្រុកខ្លាំងនៅតំបន់អឺរ៉ុបនិងទីផ្សារកំពុងអភិវឌ្ឍន៍ខ្លាំងដូចជារុស្ស៊ីប្រេស៊ីលបានបង្កជាវិបត្តិមួយចំពោះការលក់ទូរទស្សន៍របស់ខ្លួន។,ក្រុមហ៊ុន ផលិត ទូរទស្សន៍ ស្នាក់ការធំ ជាង ទី ពិភពលោក ឲ្យដឹង ការធ្លាក់ចុះ តម្លៃ រូបិយប័ណ្ណ ស្រុក ខ្លាំង តំបន់ អឺរ៉ុប ទីផ្សារ កំពុង អភិវឌ្ឍន៍ ខ្លាំង ដូចជា រុស្ស៊ី ប្រេស៊ីល បង្ក វិបត្តិ ការលក់ ទូរទស្សន៍ ខ្លួន,"['ក្រុមហ៊ុន', 'ផលិត', 'ទូរទស្សន៍', 'ស្នាក់ការធំ', 'ជាង', 'ទី', 'ពិភពលោក', 'ឲ្យដឹង', 'ការធ្លាក់ចុះ', 'តម្លៃ', 'រូបិយប័ណ្ណ', 'ស្រុក', 'ខ្លាំង', 'តំបន់', 'អឺរ៉ុប', 'ទីផ្សារ', 'កំពុង', 'អភិវឌ្ឍន៍', 'ខ្លាំង', 'ដូចជា', 'រុស្ស៊ី', 'ប្រេស៊ីល', 'បង្ក', 'វិបត្តិ', 'ការលក់', 'ទូរទស្សន៍', 'ខ្លួន']",41,27
89,pair1,negative,រាជធានីភ្នំពេញ ៖ សម្តេចតេជោ ហ៊ុន សែន នាយករដ្ឋមន្ត្រីនៃកម្ពុជា បានចំអកឲ្យក្រុមប្រឆាំងដែលដឹកនាំដោយលោក សម រង្ស៊ី ដែលសម្តេចបានហៅថា ជាចោរក្បត់ជាតិនោះថា បានបង្កើតកំហុសយុទ្ធសាស្តរ ធំ២ រហូតនាំទុក្ខដល់អ្នកគាំទ្ររបស់ខ្លួន ។,រាជធានី ភ្នំពេញ សម្តេច តេជោ ហ៊ុន សែន នាយក រដ្ឋមន្ត្រី នៃ កម្ពុជា ចំអក ឲ្យ ក្រុម ប្រឆាំង ដឹកនាំ សម រង្ស៊ី សម្តេច ហៅ ចោរ ក្បត់ ជាតិ បង្កើត កំហុស យុទ្ធសាស្ត ធំ នាំ ទុក្ខ អ្នកគាំទ្រ ខ្លួន,"['រាជធានី', 'ភ្នំពេញ', 'សម្តេច', 'តេជោ', 'ហ៊ុន', 'សែន', 'នាយក', 'រដ្ឋមន្ត្រី', 'នៃ', 'កម្ពុជា', 'ចំអក', 'ឲ្យ', 'ក្រុម', 'ប្រឆាំង', 'ដឹកនាំ', 'សម', 'រង្ស៊ី', 'សម្តេច', 'ហៅ', 'ចោរ', 'ក្បត់', 'ជាតិ', 'បង្កើត', 'កំហុស', 'យុទ្ធសាស្ត', 'ធំ', 'នាំ', 'ទុក្ខ', 'អ្នកគាំទ្រ', 'ខ្លួន']",48,30
250,pair2,positive,មិនថាជនជាតិឥណ្ឌា ម៉ាឡេស៊ី ឬចិននោះទេ ម្ហូបមួយចំនួនរបស់ពួកគេ គឺល្បីល្បាញពីធាតុផ្សំដែលផ្ទុកនូវអាហារូបត្ថម្ភជាច្រើន។,មិន ជនជាតិ ឥណ្ឌា ម៉ាឡេស៊ី ចិន ម្ហូប មួយចំនួន ពួកគេ ល្បីល្បាញ ធាតុ ផ្សំ ផ្ទុក នូវ អាហារូបត្ថម្ភ ជាច្រើន,"['មិន', 'ជនជាតិ', 'ឥណ្ឌា', 'ម៉ាឡេស៊ី', 'ចិន', 'ម្ហូប', 'មួយចំនួន', 'ពួកគេ', 'ល្បីល្បាញ', 'ធាតុ', 'ផ្សំ', 'ផ្ទុក', 'នូវ', 'អាហារូបត្ថម្ភ', 'ជាច្រើន']",24,15
392,pair2,neutral,នៅពេលសួរថាតើទីក្រុងមូស្គូនឹងឆ្លើយតបដែរឬទេ ប្រសិនបើគេរកឃើញថាទីក្រុងកៀវនៅពីក្រោយឧប្បត្តិហេតុនោះ លោកបានឆ្លើយថា នឹងមានការឆ្លើយតប។,នៅពេល សួរ តើ ទីក្រុង មូស្គូ ឆ្លើយតប ប្រសិនបើ រកឃើញ ទីក្រុង កៀវ ពីក្រោយ ឧប្បត្តិហេតុ ឆ្លើយ មាន ការឆ្លើយតប,"['នៅពេល', 'សួរ', 'តើ', 'ទីក្រុង', 'មូស្គូ', 'ឆ្លើយតប', 'ប្រសិនបើ', 'រកឃើញ', 'ទីក្រុង', 'កៀវ', 'ពីក្រោយ', 'ឧប្បត្តិហេតុ', 'ឆ្លើយ', 'មាន', 'ការឆ្លើយតប']",29,15
385,pair2,negative,គ្រូពេទ្យជំនាញសុខភាពឲ្យដឹងថា កុមារនិងយុវវ័យដែលមានជំងឺផ្លូវចិត្ត អាចពិបាកសំរាប់ឪពុកម្តាយឬអាណាព្យាបាល ក្នុងការកំណត់ឬទទួលស្គាល់ថា កូនៗរបស់ខ្លួនមានវិបត្តិផ្លូវចិត្ត។,គ្រូពេទ្យ ជំនាញ សុខភាព ឲ្យដឹង កុមារ យុវវ័យ មាន ជំងឺ ផ្លូវចិត្ត ពិបាក សំរាប់ ឪពុក ម្តាយ អាណាព្យាបាល ការកំណត់ ទទួលស្គាល់ កូន ខ្លួន មាន វិបត្តិ ផ្លូវចិត្ត,"['គ្រូពេទ្យ', 'ជំនាញ', 'សុខភាព', 'ឲ្យដឹង', 'កុមារ', 'យុវវ័យ', 'មាន', 'ជំងឺ', 'ផ្លូវចិត្ត', 'ពិបាក', 'សំរាប់', 'ឪពុក', 'ម្តាយ', 'អាណាព្យាបាល', 'ការកំណត់', 'ទទួលស្គាល់', 'កូន', 'ខ្លួន', 'មាន', 'វិបត្តិ', 'ផ្លូវចិត្ត']",32,21
535,pair3,neutral,បើដល់ពេលឃ្លានក៏ទៅរកអីញ៉ាំទៅ។,ឃ្លាន រក ញ៉ាំ,"['ឃ្លាន', 'រក', 'ញ៉ាំ']",11,3
99,pair1,neutral,បាននិយាយថា នាវានោះបែងចែក១៥០បន្ទប់ហើយក្រុមអ្នកមុជទឹកកំពុងរុករកម្តងមួយបន្ទប់ៗចំណែកឯក្រុមអាជ្ញាធរបានពង្រីកតំបន់រុករកដើម្បីបញ្ចូលទាំងតំបន់ជាច្រើននៅជុំវិញតំបន់វូហានចម្ងាយ២២០គ.ម.ទៅខ្សែទឹកខាងក្រោម។,និយាយ នាវា បែងចែក ១៥០ បន្ទប់ ក្រុម អ្នកមុជទឹក កំពុង រុករក ម្តង បន្ទប់ ចំណែកឯ ក្រុម អាជ្ញាធរ ពង្រីក តំបន់ រុករក បញ្ចូល តំបន់ ជាច្រើន ជុំវិញ តំបន់ វូហាន ចម្ងាយ ២២០គ ខ្សែ ទឹក ខាងក្រោម,"['និយាយ', 'នាវា', 'បែងចែក', '១៥០', 'បន្ទប់', 'ក្រុម', 'អ្នកមុជទឹក', 'កំពុង', 'រុករក', 'ម្តង', 'បន្ទប់', 'ចំណែកឯ', 'ក្រុម', 'អាជ្ញាធរ', 'ពង្រីក', 'តំបន់', 'រុករក', 'បញ្ចូល', 'តំបន់', 'ជាច្រើន', 'ជុំវិញ', 'តំបន់', 'វូហាន', 'ចម្ងាយ', '២២០គ', 'ខ្សែ', 'ទឹក', 'ខាងក្រោម']",42,28
298,pair2,positive,មន្ត្រីជាន់ខ្ពស់អាមេនីម្នាក់បានបញ្ជាក់ថា៖បទឈប់បាញ់មួយត្រូវបានព្រមព្រៀងរវាងភាគីទាំងពីរកាលពីល្ងាចថ្ងៃពុធ។,មន្ត្រី ជាន់ ខ្ពស់ អាមេនី ម្នាក់ បញ្ជាក់ ថា៖បទ ឈប់ បាញ់ ត្រូវបាន ព្រមព្រៀង រវាង ភាគី កាលពី ល្ងាច ថ្ងៃពុធ,"['មន្ត្រី', 'ជាន់', 'ខ្ពស់', 'អាមេនី', 'ម្នាក់', 'បញ្ជាក់', 'ថា៖បទ', 'ឈប់', 'បាញ់', 'ត្រូវបាន', 'ព្រមព្រៀង', 'រវាង', 'ភាគី', 'កាលពី', 'ល្ងាច', 'ថ្ងៃពុធ']",21,16
112,pair1,neutral,នេះបើតាមសេចក្តីប្រកាសព័ត៌មានរបស់រដ្ឋបាលព្រៃឈើ នៅថ្ងៃទី១៦ ខែកញ្ញា ឆ្នាំ២០២២។,តាម សេចក្តីប្រកាស ព័ត៌មាន រដ្ឋបាល ព្រៃឈើ ថ្ងៃទី ១៦ ខែកញ្ញា ឆ្នាំ ២០២២,"['តាម', 'សេចក្តីប្រកាស', 'ព័ត៌មាន', 'រដ្ឋបាល', 'ព្រៃឈើ', 'ថ្ងៃទី', '១៦', 'ខែកញ្ញា', 'ឆ្នាំ', '២០២២']",15,10
44,pair1,neutral,ទន្ទឹមនឹងនេះ អនុស្សរណៈរបស់សេតវិមានក៏បានលើកឡើងផងដែរថា ប្រាក់នឹងត្រូវប្រើប្រាស់សម្រាប់ការអប់រំ និងការបណ្តុះបណ្តាលយោធាអ៊ុយក្រែន។,ទន្ទឹមនឹង អនុស្សរណៈ សេតវិមាន លើកឡើង ផងដែរ ប្រាក់ ប្រើប្រាស់ ការអប់រំ ការបណ្តុះបណ្តាល យោធា អ៊ុយក្រែន,"['ទន្ទឹមនឹង', 'អនុស្សរណៈ', 'សេតវិមាន', 'លើកឡើង', 'ផងដែរ', 'ប្រាក់', 'ប្រើប្រាស់', 'ការអប់រំ', 'ការបណ្តុះបណ្តាល', 'យោធា', 'អ៊ុយក្រែន']",21,11
448,pair3,positive,លោក Raymond Sia ក្រុមប្រឹក្សាភិបាល និងនាយកប្រតិបត្តិ មានក្តីសោមន្សរីករាយជាខ្លាំង សម្រាប់ការឈ្នះពានរង្វាន់ និងការទទួលស្គាល់ពីសំណាក់ Asiamoney និងស្ថាប័នអន្តរជាតិផ្សេងៗទៀត។,Raymond Sia ក្រុមប្រឹក្សាភិបាល នាយក ប្រតិបត្តិ មាន ក្តី សោម ន្សរីករាយ ជាខ្លាំង ការឈ្នះ ពានរង្វាន់ ការទទួលស្គាល់ ពីសំណាក់ Asiamoney ស្ថាប័ន អន្តរជាតិ ផ្សេង ទៀត,"['Raymond', 'Sia', 'ក្រុមប្រឹក្សាភិបាល', 'នាយក', 'ប្រតិបត្តិ', 'មាន', 'ក្តី', 'សោម', 'ន្សរីករាយ', 'ជាខ្លាំង', 'ការឈ្នះ', 'ពានរង្វាន់', 'ការទទួលស្គាល់', 'ពីសំណាក់', 'Asiamoney', 'ស្ថាប័ន', 'អន្តរជាតិ', 'ផ្សេង', 'ទៀត']",26,19
374,pair2,negative,លោក ចារិត ហ្គិនស័រ៖ ខ្ញុំគិតថារដ្ឋាភិបាលកម្ពុជានៅមិនទាន់យល់ច្បាស់នៅឡើយពីសារដែលថាភាពរួចទោសពៃរ៍ ឬនិទ្ទណ្ឌភាពរបស់រដ្ឋាភិបាលនេះ នឹងមិនត្រូវបានអត់ឱនឱ្យជាដាច់ខាត។,ចារិត ហ្គិន ស័រ៖ គិត រដ្ឋាភិបាល កម្ពុជា មិន ទាន់ យល់ ច្បាស់ នៅឡើយ សារ ភាព ទោស ពៃរ៍ និទ្ទណ្ឌភាព រដ្ឋាភិបាល មិន ត្រូវបាន អត់ ឱន ឱ្យ ជាដាច់ខាត,"['ចារិត', 'ហ្គិន', 'ស័រ៖', 'គិត', 'រដ្ឋាភិបាល', 'កម្ពុជា', 'មិន', 'ទាន់', 'យល់', 'ច្បាស់', 'នៅឡើយ', 'សារ', 'ភាព', 'ទោស', 'ពៃរ៍', 'និទ្ទណ្ឌភាព', 'រដ្ឋាភិបាល', 'មិន', 'ត្រូវបាន', 'អត់', 'ឱន', 'ឱ្យ', 'ជាដាច់ខាត']",36,23
318,pair2,positive,មុននឹងមើលថាមនុស្សម្នាក់នោះជាជាតិសាសន៍ណា កាន់សាសនាអ្វី សម្បុរស ឬក៏ខ្មៅ អាចទេមើលគាត់ គោរពគាត់ក្នុងនាមយើងជាមនុស្សដូចគ្នាមុនសិន,មុននឹង មើល មនុស្ស ម្នាក់ ជាជាតិ សាសន៍ កាន់ សាសនា អ្វី សម្បុរស ខ្មៅ មើល គោរព នាម មនុស្ស ដូចគ្នា មុន សិន,"['មុននឹង', 'មើល', 'មនុស្ស', 'ម្នាក់', 'ជាជាតិ', 'សាសន៍', 'កាន់', 'សាសនា', 'អ្វី', 'សម្បុរស', 'ខ្មៅ', 'មើល', 'គោរព', 'នាម', 'មនុស្ស', 'ដូចគ្នា', 'មុន', 'សិន']",30,18
176,pair1,neutral,នារសៀលថ្ងៃទី១៦ មិថុនា នៅទីក្រុង New Delhi ប្រទេសឥណ្ឌា រដ្ឋមន្ត្រីការបរទេសវៀតណាមលោក Bui Thanh Son បានអញ្ជើញចូលរួមសម័យពិភាក្សាថ្នាក់រដ្ឋមន្ត្រីការបរទេសស្តីពីរយៈពេល ៣០ ឆ្នាំ នៃទំនាក់ទំនងអាស៊ាន-ឥណ្ឌា ក្នុងក្របខ័ណ្ឌនៃកិច្ចសន្ទនា Delhi លើកទី ១២ ដោយប្រធានបទ “កសាងស្ពានតភ្ជាប់មហាសមុទ្រឥណ្ឌា-ប៉ាស៊ីហ្វិក”។,នា រសៀល ថ្ងៃទី ១៦ មិថុនា ទីក្រុង New Delhi ប្រទេស ឥណ្ឌា រដ្ឋមន្ត្រី ការបរទេស វៀតណាម Bui Thanh Son អញ្ជើញ ចូលរួម សម័យ ពិភាក្សា ថ្នាក់ រដ្ឋមន្ត្រី ការបរទេស ស្តីពី រយៈពេល ៣០ ឆ្នាំ នៃ ទំនាក់ទំនង អាស៊ាន ឥណ្ឌា ក្របខ័ណ្ឌ នៃ កិច្ចសន្ទនា Delhi លើក ទី ១២ ប្រធានបទ សាង ស្ពាន តភ្ជាប់ មហាសមុទ្រ ឥណ្ឌា ប៉ាស៊ីហ្វិក,"['នា', 'រសៀល', 'ថ្ងៃទី', '១៦', 'មិថុនា', 'ទីក្រុង', 'New', 'Delhi', 'ប្រទេស', 'ឥណ្ឌា', 'រដ្ឋមន្ត្រី', 'ការបរទេស', 'វៀតណាម', 'Bui', 'Thanh', 'Son', 'អញ្ជើញ', 'ចូលរួម', 'សម័យ', 'ពិភាក្សា', 'ថ្នាក់', 'រដ្ឋមន្ត្រី', 'ការបរទេស', 'ស្តីពី', 'រយៈពេល', '៣០', 'ឆ្នាំ', 'នៃ', 'ទំនាក់ទំនង', 'អាស៊ាន', 'ឥណ្ឌា', 'ក្របខ័ណ្ឌ', 'នៃ', 'កិច្ចសន្ទនា', 'Delhi', 'លើក', 'ទី', '១២', 'ប្រធានបទ', 'សាង', 'ស្ពាន', 'តភ្ជាប់', 'មហាសមុទ្រ', 'ឥណ្ឌា', 'ប៉ាស៊ីហ្វិក']",55,45
