id,pair,sentence,label,status,annotator_1,annotator_2,label_1,label_2
1,pair1,បឹងកេតធ្លាប់បានក្លាយជាជើងឯកនៃពានរង្វាន់សម្តេចតេជោនេះ១លើកកាលពីឆ្នាំ២០១៩ និងធ្លាប់ទទួលបានចំណាត់ថ្នាក់លេខ៣ពីរដង និងលេខ៤មួយដង។,,needs_adjudication,Bath,Nacc,neutral,positive
2,pair1,"មាន ២,០៧៣ ករណីដែលបានរាយការណ៍ទាក់ទងនឹងការដួលសន្លប់របស់កម្មករ។",negative,agreed,Bath,Nacc,negative,negative
3,pair1,ច្បាប់ស្តីពីការគ្រប់គ្រងនិងការធ្វើអាជីវកម្មធនធានរ៉ែពីពេលនេះតទៅហៅកាត់ថាច្បាប់រុករករ៉ែអះអាងថារាល់ធនធានរ៉ែទាំងអស់គឺជាទ្រព្យសម្បត្តិរដ្ឋ៤។,neutral,agreed,Bath,Nacc,neutral,neutral
4,pair1,លើកលែងតែប៉ែក ខាងក្រោមទទួលរងឥទ្ធិពលខ្សោយពីប្រព័ន្ធសម្ពាធទាប ដែលអូសបន្លាយកាត់លើចុងខាងត្បូងនៃដីសណ្តមេគង្គ។,neutral,agreed,Bath,Nacc,neutral,neutral
5,pair1,សម្រាប់គម្រោងមានម្ចាស់ជាវិនិយោគិនក្នុងស្រុក គឺដំណើរការទៅមុខធម្មតា។,,needs_adjudication,Bath,Nacc,positive,neutral
6,pair1,អ្នកប្រើប្រាស់បណ្តាញសង្គមមួយចំនួនបានបញ្ចេញមតិយោបល់ ឬខមមិន(Comments)តបជុំវិញរឿងនេះថា៖ លោក ហ៊ុន សែន កំពុងមានអារម្មណ៍វិលវល់នៅពេលលោកមានអាយុកាន់តែចាស់ សុខភាពក៏កាន់តែទ្រុឌទ្រោម។,,needs_adjudication,Bath,Nacc,positive,negative
7,pair1,ការរួមចំណែក និងការខិតខំប្រឹងប្រែងរួមគ្នារបស់យើងជាមួយរាជរដ្ឋាភិបាលកម្ពុជាក្នុងអំឡុងវិបត្តិដ៏មហន្តរាយនេះបានបង្ហាញឱ្យអ្នករាល់គ្នាដឹងថា ក្រុមហ៊ុន Smart Axiata ពិតជានៅទីនេះ ដើម្បីបម្រើប្រទេសកម្ពុជា និងប្រជាជនកម្ពុជាទាំងអស់។,positive,agreed,Bath,Nacc,positive,positive
8,pair1,ការស្រាវជ្រាវបានមើលទៅលើអ្នកជំងឺជាង៤.៤នាក់ដែលត្រូវបានគេធ្វើរោគវិនិច្ឆ័យឃើញថាមានការគេងមិនដកដង្ហើមមុនឬក្រោយពួកគេមានការវះកាត់និងក្រុមនៃអ្នកជំងឺដែលមានបញ្ហានេះ។,,needs_adjudication,Bath,Nacc,negative,neutral
9,pair1,សកម្មជនសហជីព និងជាកូដករក្រុមហ៊ុនណាហ្គាវើលដ៍ កញ្ញា ជា សុខុម លើកឡើងថា ក្រុមកូដករមិនបានទាមទារលក្ខខណ្ឌធ្ងន់ធ្ងរណាមួយ ក្រៅតែពីចង់ឱ្យថៅកែទទួលយកសហជីពឯករាជ្យដែលអាចការពារកម្មករបាន ឱ្យចូលធ្វើការវិញនោះទេ។,,needs_adjudication,Bath,Nacc,negative,neutral
10,pair1,សេចក្តីព្រាងនៃសេចក្តីប្រកាសព័ត៌មានរបស់ប្រធានអាស៊ានពាក់ព័ន្ធទៅនឹងភូមា បានធ្វើឱ្យកម្ពុជាគិតច្រើន ម្ខាងជាគ្រួសារធំអាស៊ាន៩ ជាមួយសហគមន៍អន្តរជាតិ និងម្ខាងទៀតជាចំណងការទូតនិងបេសកកម្មប្រវត្តិសាស្រតរបស់កម្ពុជាក្នុងនាមប្រធានអាស៊ានដែលត្រូវធ្វើការ១ឆ្នាំពេញជាមួយ។,,needs_adjudication,Bath,Nacc,positive,neutral
11,pair1,ប្រដាប់ប្រដាក្មេងលេងដែលត្រឹមត្រូវនឹងធ្វើឱ្យគេចាប់អារម្មណ៍ និងជាឧបករណ៍អប់រំដ៏ល្អឥតខ្ចោះ ។,positive,agreed,Bath,Nacc,positive,positive
12,pair1,អ្នកនាំពាក្យរដ្ឋសភាលោក ឡេង ប៉េងឡុង ប្រាប់វិទ្យុអាស៊ីសេរីថា ខាងលោកបានទទួលលិខិតពីរដ្ឋាភិបាលដែលស្នើសុំរដ្ឋសភារៀបចំបោះឆ្នោតផ្តល់សេចក្តីទុកចិត្តនៃការបំពេញបន្ថែមសមាសភាពសមាជិករដ្ឋាភិបាលដល់លោក ឌិត ទីណា ជារដ្ឋមន្ត្រីក្រសួងកសិកម្ម រុក្ខាប្រមាញ់ និងនេសាទ។,,needs_adjudication,Bath,Nacc,negative,neutral
13,pair1,គួរបញ្ជាក់ផងដែរថា កម្ពុជានៅតែមានការលើកទឹកចិត្តវិនិយោគមានភាពទាក់ទាញ គម្រោងវិនិយោគដែលមានលក្ខណៈសម្បត្តិគ្រប់់គ្រាន់ (QIP) មានសិទ្ធិទទួលបានការលើកទឹកចិត្តជាច្រើនដូចជា៖,positive,agreed,Bath,Nacc,positive,positive
14,pair1,អាហ្នឹងយើងឃើញមានការដេញដោលប៉ុណ្ណឹងម្សិលមិញនេះ។,neutral,agreed,Bath,Nacc,neutral,neutral
15,pair1,គោលគំនិតឬអត្ថន័យដែលបងបានចែករំលែកក្នុងវីឌីអូនេះនិយាយពីទម្លាប់តូចៗមួយចំនួនដែលធ្វើដោយមិនដឹងខ្លួន ហើយវាកំពុងតែបំផ្លាញជីវិតយើង។,,needs_adjudication,Bath,Nacc,positive,negative
16,pair1,ជាការពិតផលិតផលមួយមិនអាចកើតមានឡើងដោយឯកឯងទេឬក៏ដោយពុំមានការវិនិយោគនោះ,,needs_adjudication,Bath,Nacc,positive,neutral
17,pair1,រដ្ឋាភិបាលបានចំណាយថវិកាច្រើនបំផុតនៃកញ្ចប់ថវិការរបស់ខ្លួនទៅលើការធ្វើឲ្យប្រសើរឡើងនៃការអប់រំ បង្កើនប្រាក់ខែរបស់គ្រូបង្រៀន និងការធ្វើកំណែទម្រង់គោលនយោបាយ។,positive,agreed,Bath,Nacc,positive,positive
18,pair1,វ័យក្មេងរបស់គេបានកន្លងផុតអស់ជា ច្រើនឆ្នាំទៅហើយ ធ្មេញបាក់ សក់ស្កូវ ស្តើងតិច ឬគ្មានសក់រលីង ស្បែកជីវជ្រួញដៃជើងវៀចកោង។,,needs_adjudication,Bath,Nacc,neutral,negative
19,pair1,អាម៉េរិកគឺជាតួអង្គសំខាន់នៅតំបន់ប៉ាស៊ីហ្វិកខាងត្បូងចាប់តាំងពីជ័យជម្នះសង្គរាមលោកលើកទីពីរ។,,needs_adjudication,Bath,Nacc,positive,neutral
20,pair1,ចំណែកអ្នកនាំពាក្យគណបក្សប្រជាជនកម្ពុជា លោក សុខ ឥសាន យល់ថា ការសម្រេចរបស់តុលាការពេលនេះគឺផ្អែកតាមអង្គហេតុ និងអង្គច្បាប់ត្រឹមត្រូវ។,positive,agreed,Bath,Nacc,positive,positive
21,pair1,ពួកយើងក៏បានចុះចតនៅអាកាសយានដ្ឋានទីក្រុងបាងកក ហើយក៏បន្តជើងយន្តហោះ ទៅខេត្តឈៀងម៉ៃដោយសុវត្ថិភាព នៅវេលាម៉ោងប្រហែល៤រសៀល។,,needs_adjudication,Bath,Nacc,positive,neutral
22,pair1,ខ្ញុំចង់ចេញនៅថ្ងៃសុក្រនេះ,neutral,agreed,Bath,Nacc,neutral,neutral
23,pair1,រាជធានីភ្នំពេញ៖ លោកជំទាវបណ្ឌិត ពេជ ចន្ទមុន្នី ហ៊ុន ម៉ាណែត ត្រូវបានចាត់តាំងជាឧត្តមទីប្រឹក្សា នៃកាយរឹទ្ធិជាតិកម្ពុជា។,,needs_adjudication,Bath,Nacc,positive,neutral
24,pair1,លោកអ្នកនាងជាទីមេត្រីថ្ងៃនេះ SBM News សូមលើកយក ជោគជតារាសី សម្រាប់ថ្ងៃសៅរ៍ ០៧រោច ខែភទ្របទ ឆ្នាំខាល ចត្វាស័ក ពុទ្ធសករាជ ២៥៦៦ ត្រូវនឹងថ្ងៃទី១៧ ខែកញ្ញា ឆ្នាំ២០២២ ដែលមានដូចតទៅ៖,neutral,agreed,Bath,Nacc,neutral,neutral
25,pair1,សូមកុំយកកូនបើសិនអ្នកគ្មានទំនួលខុសត្រូវភាពជាឪពុកម្តាយ,,needs_adjudication,Bath,Nacc,neutral,negative
26,pair1,រាប់ចាប់ពីការក្រេបកាហ្វេមួយកែវដំបូងនៅពេលព្រឹក សារជាតិកាហ្វេអ៊ីន បានជ្រាបចូលភ្លាម ទៅក្នុងចរន្តឈាមរបស់អ្នក ។,,needs_adjudication,Bath,Nacc,positive,neutral
27,pair1,គូសបញ្ជាក់ផងដែរថា ល្បែងស៊ីសងទាំងអស់នេះ អាចបណ្តាលឱ្យមានអំពើហិង្សា ការលួចឆក់ប្លន់ និងជាកន្លែងប្រើប្រាស់ជួញដូរចែកចាយគ្រឿងញៀនផងដែរ។,negative,agreed,Bath,Nacc,negative,negative
28,pair1,អ្នកស្រីបានលើកឡើងថា៖ ខ្ញុំចូលចិត្តអគារនៅសាលាវិទ្យាស្ថានភាសាបរទេសជាងគេ ព្រោះវានៅសល់គូទឹក នៅសល់សួនច្បារ ហើយនៅពេលយើងនៅក្នុងអគារហ្នឹងមានអារម្មណ៍ថា វាត្រជាក់ស្រួលខ្លួន។,positive,agreed,Bath,Nacc,positive,positive
29,pair1,កាលបើអង្គុយស្រួលបួលហើយបានដឹងកិច្ចការនោះសព្វគ្រប់បុរសទំពែកទាំង៤នាក់ក៏អង្គុយនៅស្ងៀមសញ្ជឹងគិតមួយសន្ទុះរួចឃុតក៏ចាប់និយាយមុនគេឡើងថា៖ទំពក់វាទៅទើបព្នៅវាមក។,neutral,agreed,Bath,Nacc,neutral,neutral
30,pair1,មន្ត្រីសហភាពអឺរ៉ុបកំពូលពីរនាក់កាលពីថ្ងៃអង្គារទី ៤ ខែតុលា បានអំពាវនាវឱ្យមានខ្ចីប្រាក់រួមគ្នាដើម្បីជួយប្លុកដែលមានប្រទេសជាសមាជិកចំនួន ២៧ ដើម្បីឆ្លើយតបនឹងវិបត្តិថាមពលជាមួយគ្នា បន្ទាប់ពីអាល្លឺម៉ង់បានប្រឈមមុខនឹងការរិះគន់ចំពោះការបដិសេដលើផែនការមួយនេះ។,,needs_adjudication,Bath,Nacc,positive,neutral
31,pair1,ដូច្នេះហើយ កិច្ចការសម្របសម្រួលនៃការធ្វើផែនការ និងការអនុវត្តគោលដៅអភិវឌ្ឍន៍ប្រកបដោយចីរភាពជាមួយនឹងយុទ្ធសាស្តរអភិវឌ្ឍន៍នៅក្នុងមូលដ្ឋាននានា ដូចជា ផែនការយុទ្ធសាស្តរអភិវឌ្ឍន៍ជាតិ ២០១៤-២០១៨ ត្រូវបានកំណត់ជាអាទិភាព។,,needs_adjudication,Bath,Nacc,positive,neutral
32,pair1,ក្រៅពីទម្លាប់ទទួលទានល្អ អ្នកក៏អាចធ្វើឲ្យសុខភាពកាន់តែប្រសើរឡើងមួយកម្រិតទៀត តាមរយៈការហាត់ប្រាណទៀងទាត់ និងកាត់បន្ថយការទទួលទានគ្រឿងស្រវឹង។,positive,agreed,Bath,Nacc,positive,positive
33,pair1,ក្នុងសម័យឌីជីថលនេះ តួនាទីរបស់ទូរសព្ទស្មាតហ្វូនមានសារៈសំខាន់ខ្លាំងណាស់ ក្នុងការគាំទ្រសកម្មភាពមនុស្ស។,positive,agreed,Bath,Nacc,positive,positive
34,pair1,មុនថ្ងៃស្អែកចូលមកដល់ និងបន្ទាប់ពីអានអត្ថបទនេះរួច យើងសង្ឃឹមថាថ្ងៃនេះជាថ្ងៃចុងក្រោយដែលអ្នកព្រងើយកន្តើយនឹងផែនការថែរក្សាសុខភាពរបស់អ្នក ដោយសារតែសុខភាពរបស់យើងម្នាក់ៗមិនស្ថិតស្ថេរទេ។,,needs_adjudication,Bath,Nacc,neutral,positive
35,pair1,នៅក្នុងសៀវភៅទក្ខិណានុប្បទានបានពន្យល់ថា ហេតុដែលនាំឱ្យកើតបុណ្យមានតែបីចំណុចប៉ុណ្ណោះគឺចេតនាទាំងបីហ្នឹងឯងជាប្រភពនាំឱ្យកើតបុណ្យ ដែលពាក្យថាចេតនានេះប្រែថា ការជ្រះថ្លា សប្បាយរីករាយ ពេញចិត្តក្នុងទង្វើល្អផ្សេងៗ មានចំណាយទ្រព្យធ្វើបុណ្យជាដើម ។,positive,agreed,Bath,Nacc,positive,positive
36,pair1,ជាគំរូមួយ ពួកគេបានចង្អុលទៅគម្រោងការងារនៃជំងឺរាតត្បាតរបស់ប្លុក ដែលសហភាពអឺរ៉ុបបានខ្ចីប្រាក់ ១០០ ពាន់លានអឺរ៉ូក្នុងការចំណាយទាបបំផុត ហើយផ្តល់ប្រាក់កម្ចីជាជាងការប្រគល់វាដោយឥតគិតថ្លៃដល់រដ្ឋាភិបាលជាសមាជិក។,,needs_adjudication,Bath,Nacc,negative,neutral
37,pair1,លោកបានបន្ថែមថា ការបំភាយឧស្ម័នផ្ទះកញ្ចក់ចំនួន ៧០ លានតោនផ្សេងទៀតអាចត្រូវបានផលិតសម្រាប់ការកសាងឡើងវិញនូវហេដ្ឋារចនាសម្ព័ន្ធ និងអគារដែលត្រូវបានបំផ្លាញក្នុងអំឡុងសង្គរាម៕,negative,agreed,Bath,Nacc,negative,negative
38,pair1,ឧស្សាហកម្មកំពុងផ្លាស់ប្តូរ ដំណើរការរបស់ពួកគេកំពុងឆ្ពោះទៅរកខ្សែចង្វាក់តម្លៃ។,neutral,agreed,Bath,Nacc,neutral,neutral
39,pair1,បើតាមរបាយការណ៍របស់ក្រុមប្រឹក្សាអភិវឌ្ឍន៍កម្ពុជា ដែលបានផ្សព្វផ្សាយ កាលពីថ្ងៃទី៥ ខែតុលា ឆ្នាំ២០២២ បានឱ្យដឹងថា កម្ពុជា បានអនុម័តគម្រោងវិនិយោគថ្មី សរុបចំនួន១៥០គម្រោង ក្រោមទុនវិនិយោគ ៣៥០០លានដុល្លារ ដោយរាប់ចាប់ពីខែមករា ដល់ខែកញ្ញា ឆ្នាំ២០២២។,,needs_adjudication,Bath,Nacc,neutral,positive
40,pair1,ការផ្តន្ទាទោសទៅលើអ្នកទាំង១១នាក់ធ្វើឡើងនៅថ្ងៃទី១១ខែវិច្ឆិកាឆ្នាំ២០១៤។,,needs_adjudication,Bath,Nacc,negative,neutral
41,pair1,ទោះយ៉ាងណា លោក ថេង សាវឿន កត់សម្គាល់ការជំរុញវិស័យកសិកម្មក្នុងស្រុក នៅតែមានបញ្ហាប្រឈមមួយចំនួន ដែលរដ្ឋាភិបាលត្រូវគិតគូយកចិត្តទុកដាក់។,,needs_adjudication,Bath,Nacc,neutral,negative
42,pair1,ខ្សែបម្រើការពារស្លាបរបស់ក្រុមភ្នំពេញក្រោន កីឡាករ យ៉ើ ម៉ូស្លីម បានឱ្យដឹងថា បាទ បងពួកខ្ញុំបានត្រៀមខ្លួន១០០% ដើម្បីឡើងទៅវគ្គបន្ត ហើយពួកខ្ញុំបាន និងខិតខំ ប្រឹងប្រែងឱ្យអស់ពី សមត្ថភាពដែលពួកយើងមាន។,positive,agreed,Bath,Nacc,positive,positive
43,pair1,គោលបំណងនៃគោលដៅនេះ គឺពឹងផ្អែកលើការចាប់យកជំនាញ និងការកសាងសមត្ថភាពដើម្បីទទួលបាននូវចំណេះដឹងដែលកម្ពុជា និងប្រជាជនកម្ពុជាត្រូវការ។,positive,agreed,Bath,Nacc,positive,positive
44,pair1,ទន្ទឹមនឹងនេះ អនុស្សរណៈរបស់សេតវិមានក៏បានលើកឡើងផងដែរថា ប្រាក់នឹងត្រូវប្រើប្រាស់សម្រាប់ការអប់រំ និងការបណ្តុះបណ្តាលយោធាអ៊ុយក្រែន។,neutral,agreed,Bath,Nacc,neutral,neutral
45,pair1,យើងក៏កំពុងធ្វើការដើម្បីសម្របយុទ្ធសាស្ត្រការពាររបស់យើងទៅនឹងការគំរាមកំហែងផ្លាស់ប្តូរដែលយើងប្រឈមមុខ»។,neutral,agreed,Bath,Nacc,neutral,neutral
46,pair1,ជាងនេះទៅទៀត ប្រសិនបើមុខវិជ្ជាណាមួយត្រូវបានបង្រៀន ហើយបន្ទាប់មកត្រូវបានពង្រឹងតាមរយៈហ្គេមដែលមានកម្មវិធី វាពិតជាជួយក្នុងការបង្កើនការចងចាំរបស់ពួកគេ និងពង្រឹងការរៀនសូត្ររបស់ពួកគេអំពីគោលគំនិត ។,positive,agreed,Bath,Nacc,positive,positive
47,pair1,(សៀមរាប)៖ អភិរក្សដ្ឋានអង្គរសៀមរាបនឹងបើកទ្វារឲ្យសាធារណជនចូលទស្សនាវត្ថុសិល្បៈក្នុងអភិរក្សដ្ឋានអង្គរដោយសេរីនៅថ្ងៃទី១៧ ខែកញ្ញា ឆ្នាំ២០២២។,positive,agreed,Bath,Nacc,positive,positive
48,pair1,ទទួលស្គាល់នូវការរួមចំណែកពីសមាជិកក្រុមការងារនិងអ្នកពាក់ព័ន្ធសំខាន់ៗ,,needs_adjudication,Bath,Nacc,neutral,positive
49,pair1,ក្នុងស្ថានភាពនេះ លោកបានមើលឃើញទៀតថា ទីផ្សារតម្រូវការសេវាថែទាំសុខភាពរបស់ប្រជាជនកម្ពុជាមានទំហំធំ។,positive,agreed,Bath,Nacc,positive,positive
50,pair1,ដល់កន្លែងបុរសនោះសុំអំបិលដាក់កាហ្វេ,neutral,agreed,Bath,Nacc,neutral,neutral
51,pair1,មិត្តភក្តិខ្លះស្គាល់យើងពេលយើងមានលុយ ពេលយើងអាចជួយគេបាន ពេលគេអាចពឹងយើងបាន ប៉ុន្តែពេលយើងលំបាកខ្លាំងពួកគេក៏បាត់ទៅណាអស់។,negative,agreed,Bath,Nacc,negative,negative
52,pair1,អ៊ីចឹងខួរក្បាលយើងត្រូវការអ៊ុកស៊ីហ្សែនគឺអត់ទទួលបានគ្រប់គ្រាន់ទេ មិនថាចិញ្ចឹមខួរក្បាល បេះដូង និងសរីរាង្គផ្សេងៗ អត់គ្រប់គ្រាន់ទេ។,,needs_adjudication,Bath,Nacc,neutral,negative
53,pair1,ការងារមានស្ថិរភាព ហើយអ្នកអាចទទួលបានសមិទ្ធផលជាក់លាក់ក្នុងអាជីពរបស់អ្នក ធានាជីវិតរបស់អ្នក។,positive,agreed,Bath,Nacc,positive,positive
54,pair1,សវនាការលើកទី៦១ នេះ ជាសវនាការលើកទី២ ដែលតុលាការប្រើពេលពេញមួយថ្ងៃដេញដោលសាក្សី។,neutral,agreed,Bath,Nacc,neutral,neutral
55,pair1,អង្គការសុខភាពពិភពលោកបានព្យាករណ៍ថាតួលេខនេះនឹងកើនឡើងគួរឱ្យកត់សម្គាល់ក្នុងរយៈពេលប៉ុន្មានឆ្នាំខាងមុខនេះ។,neutral,agreed,Bath,Nacc,neutral,neutral
56,pair1,ពួកគេបាននិយាយថា ពួកគេត្រូវបានបង្ខំឱ្យធ្វើការ ហើយមិនបានបើកប្រាក់ខែ ទើបពួកគេសម្រេចចិត្តរត់ចេញទៅប្រទេសវៀតណាម។,negative,agreed,Bath,Nacc,negative,negative
57,pair1,ជុំវិញបញ្ហានេះ Lionel Messi ត្រូវបានកាសែតអាម៉េរិក ESPN ដកស្រង់សម្តីថា «ការប្រកួត World Cup នាប្រទេសកាតា នឹងក្លាយជាការប្រកួតចុងក្រោយរបស់ខ្ញុំ ក្នុងក្រុមជម្រើសជាតិអាហ្សង់ទីន»។,neutral,agreed,Bath,Nacc,neutral,neutral
58,pair1,រដ្ឋាភិបាលកំពុងធ្វើការអភិវឌ្ឍភូមិធម្មជាតិរុនតាឯកថ្មី លើដីទំហំ១ ១១២ហិកតា ក្នុងឃុំរុនតាឯក សម្រាប់ឱ្យប្រជាពលរដ្ឋដែលកំពុងរស់នៅខុសច្បាប់ក្នុងតំបន់រមណីយដ្ឋានអង្គរ ស្ម័គ្រចិត្តដោះដូរទៅរស់នៅតំបន់នេះវិញ។,,needs_adjudication,Bath,Nacc,neutral,positive
59,pair1,ដោយសារការយល់ឃើញរបស់សាធារណជនបានផ្លាស់ប្តូរ ក្រុមហ៊ុនធានារ៉ាប់រង ក៏កំពុងរក្សាល្បឿន ជាមួយនឹងនិន្នាការផ្លាស់ប្តូរនេះដែរ។,neutral,agreed,Bath,Nacc,neutral,neutral
60,pair1,សាលាអន្តរជាតិសិង្ហបុរី (SCIA) ព្យាយាមនាំមកនូវការអប់រំស្តង់ដាសិង្ហបុរីដែលមានគុណភាពខ្ពស់មកកាន់រាជធានីភ្នំពេញ។,positive,agreed,Bath,Nacc,positive,positive
61,pair1,ទន្ទឹមនឹងជំនន់ទឹកភ្លៀងនេះដែរ ក្រសួងធនធានទឹក និងឧតុនិយម នៅថ្ងៃទី៤ ខែតុលា ឆ្នាំ២០២២ ក៏បានអំពាវនាវឱ្យប្រជាពលរដ្ឋ បន្តប្រុងប្រយ័ត្នចំពោះបាតុភូតធម្មជាតិ ដែលអាចកើតមានឡើងជាយថាហេតុ។,,needs_adjudication,Bath,Nacc,negative,neutral
62,pair1,ការស្វែងយល់ពីទំនាក់ទំនង នៃគោលដៅអភិវឌ្ឍន៍សហ្សវត្យរ៍នីមួយៗ ហើយនឹងតម្រូវការនៃចំណេះដឹង និងការយល់ឃើញដូចគ្នា នៅកម្រិតប្រទេសគឺជាកត្តាសំខាន់សម្រាប់ដោះស្រាយបញ្ហានេះ។,,needs_adjudication,Bath,Nacc,neutral,positive
63,pair1,កាលពីចុងខែមិថុនា ឆ្នាំ២០២២ លោក ស ខេង ក៏ធ្លាប់បានបង្ហាញការព្រួយបារម្ភ ខ្លាចអន្តរជាតិដាក់ធនាគារជាតិនៃកម្ពុជាក្នុងបញ្ជីខ្មៅ ដែលជាហេតុធ្វើឱ្យប្រឈមហានិភ័យធំធេងផ្នែកសេដ្ឋកិច្ចនិងនយោបាយផងដែរ។,negative,agreed,Bath,Nacc,negative,negative
64,pair1,នេះបើយោងតាមអនុស្សរណៈរបស់សេតវិមាន ដែលផ្ញើទៅកាន់ក្រសួងការបរទេសកាលពីថ្ងៃទី១៥ ខែកញ្ញា។,neutral,agreed,Bath,Nacc,neutral,neutral
65,pair1,នេះរួមបញ្ចូលទាំងការប្រើវាសម្រាប់មើលអ៊ីម៉ែល ឬជជែកជាមួយមិត្តភក្តិមុនចូលគេង សូម្បីតែនៅពេលដែលបិទភ្លើងហើយក៏ដោយ។,neutral,agreed,Bath,Nacc,neutral,neutral
66,pair1,គាត់ក៏បានសម្រេចចិត្តជួយប្រជាជនទាំងអស់ដោយវិធីបាញ់ព្រួយទំលាក់ព្រះអាទិត្យទាំងនោះ។,neutral,agreed,Bath,Nacc,neutral,neutral
67,pair1,សូមបញ្ជាក់ថា ពិពណ៌បច្ចេកវិទ្យាកម្ពុជា ឆ្នាំ២០២២ ត្រូវរៀបចំឡើងដោយ ក្រសួងឧស្សាហកម្ម វិទ្យាសាស្តរ បច្ចេកវិទ្យា និងនវានុវត្តន៍។,,needs_adjudication,Bath,Nacc,neutral,positive
68,pair1,តាមរយៈភរិយារបស់ខ្ញុំ ខ្ញុំបានដឹងហើយចំពោះការមកដល់របស់លោកនៅទីនេះ,neutral,agreed,Bath,Nacc,neutral,neutral
69,pair1,លោកបានកោតសរសើរកិច្ចខិតខំប្រឹងប្រែងលើ «ការដឹកនាំមុខក្នុងរយៈពេលវែង ដូចជាការរាំងស្ទះដល់ខ្សែចង្វាក់ផ្គត់ផ្គង់ និងកង្វះកម្លាំងពលកម្មក្នុងវិស័យសំណង់ដ៏រ៉ាំរ៉ៃ» ដែលកំពុងរារាំងការសាងសង់លំនៅឋាន៕,,needs_adjudication,Bath,Nacc,positive,neutral
70,pair1,ដរាបណាយើងមិនបានតាំងចិត្តខិតខំប្រឹងរៀន ប្រឹងធ្វើលំហាត់ជារៀងរាល់ថ្ងៃតាំងពីដើមឆ្នាំទេ នោះនិទ្ទេស A ក៏គ្មានថ្ងៃក្លាយជារបស់យើងដែរ។,,needs_adjudication,Bath,Nacc,positive,negative
71,pair1,ក្មេងជំទង់ដែលមានអាយុពី១២ ទៅ ១៨ ឆ្នាំ នាំមុខគេក្នុងការមិនបំពេញកាតព្វកិច្ចសុខភាពរបស់ពួកគេក្នុងការទទួលការចាក់វ៉ាក់សាំងបង្ការប្រឆាំងនឹងកូវីដ-១៩ និងវីរុសបំលែង។,,needs_adjudication,Bath,Nacc,negative,positive
72,pair1,"និយតករធានារ៉ាប់រងកម្ពុជា (IRC) តួលេខដ៏ល្អប្រសើរគឺបញ្ជាក់អំពីការ-បន្តរីកចម្រើននៃឧស្សាហកម្មនេះ ជាមួយនឹងតម្លៃនៃបុព្វលាភសរុបនៅឆ្នាំ២០២១ ឈានដល់ ២៩៣លានដុល្លារ ពោលគឺកើនឡើងចំនួន ៩,៥ ភាគរយ ធៀបនឹងឆ្នាំ២០២០។",,needs_adjudication,Bath,Nacc,positive,negative
73,pair1,ការប្រារព្ធទិវាផងដែរ គឺក្នុងគោលបំណងបំផុសឡើងវិញនូវវប្បធម៌ និងប្រពៃណីនៃការរម្លឹកគុណូបការៈរបស់សិស្សចំពោះគ្រូបង្រៀននៅទូទាំងប្រទេស៕,positive,agreed,Bath,Nacc,positive,positive
74,pair1,ធ្ងន់ធ្ងរជាងនេះទៅទៀត គឺភាគឺ កឹម សុខា ក៏មិនស្វាគមន៍ឲ្យ សម រង្ស៊ី បន្តស៊ីឡាកដើម្បីកេងចំណេញទៀតដែរ។,,needs_adjudication,Bath,Nacc,negative,positive
75,pair1,លោក Nolnabhas Yaemsa-ard នាយកផ្នែកយុទ្ធសាស្តររបស់មន្ទីរពេទ្យ Pat Rangsit បានប្រាប់ពីពេលមុនថា ពួកលោកចុះមកពេលនោះ គ្រាន់តែក្នុងគោលបំណងស្ទាបស្ទង់ទីផ្សារប៉ុណ្ណោះ។,,needs_adjudication,Bath,Nacc,neutral,negative
76,pair1,ចំពោះប្រភេទទូទៅបំផុតនៃការគេងមិនដកដង្ហើមផ្លូវខ្យល់ក្លាយជាស្ទះឬត្បៀតអំឡុងពេលគេង។,neutral,agreed,Bath,Nacc,neutral,neutral
77,pair1,ហួសចិត្ត !! ឃើញម៉ូតូគេទុកចោលមុខផ្ទះធ្វើសកម្មភាពលួចតែសំណាងមិនល្អ ត្រូវសមត្ថកិច្ចក្របួចបានមកវិញ,,needs_adjudication,Bath,Nacc,negative,neutral
78,pair1,កាំជ្រួចមីស៊ីលផ្លោងរយៈចម្ងាយខ្លី (SRBMs) ថ្មីៗបំផុតរបស់កូរ៉េខាងជើង ត្រូវបានរចនាឡើងដើម្បីហោះហើរលើគន្លងទាប ហើយមានសក្តានុពលសមយុទ្ធ ដែលបង្កភាពស្មុគស្មាញក្នុងការស្វែងរក និងស្ទាក់ចាប់ពួកវា។,negative,agreed,Bath,Nacc,negative,negative
79,pair1,ស្ថាប័នទាំងនេះមានអ្នកជំនាញឃ្លាំមើលសវនាការរបស់ពួកគេ ដែលជាអ្នកឃ្លាំមើលដោយឯករាជ្យ ចាំតាមដានឃ្លាំមើលសវនការរបស់កញ្ញា សេង ធារី។,negative,agreed,Bath,Nacc,negative,negative
80,pair1,បើទោះបីជាពួកគេអះអាងថា មានការបោះឆ្នោតគាំទ្រគំនិតនោះក៏ដោយ។,neutral,agreed,Bath,Nacc,neutral,neutral
81,pair1,លើសពីនោះ លោក ពូទីន បាននិយាយដោយញញឹមថា៖អាជ្ញាធរក្រុងកៀវបានប្រកាសថា ពួកគេបានបើកដំណើរការ និងកំពុងធ្វើប្រតិបត្តិការប្រឆាំងយ៉ាងសកម្ម។,,needs_adjudication,Bath,Nacc,negative,neutral
82,pair1,ខណៈដែលព្រះនាងយាងទៅដល់ក្រោមដើមសាលព្រឹក្សមួយដើមខ្យល់កម្មជ្ជវាតក៏បណ្តាលកម្រើកឡើងនៅក្នុងព្រះឧទរនៃព្រះនាង។,,needs_adjudication,Bath,Nacc,positive,negative
83,pair1,បំណកប្រែតាមន័យសុទ្ធបែបនេះ ច្រើនត្រូវបានអនុវត្តចំពោះ កិច្ចសន្យា លិខិតពាណិជ្ជកម្ម លិខិតច្បាប់ផ្សេងៗ ដូចជាសន្ធិសញ្ញា រវាងពីរប្រទេសជាដើម។,neutral,agreed,Bath,Nacc,neutral,neutral
84,pair1,ណាវីគ្រវីក្បាលដោយទឹកមុខស្ងួត,neutral,agreed,Bath,Nacc,neutral,neutral
85,pair1,អ្នកខ្លះតម្រង់ទៅថតរូបផ្តិតយកទេសភាពដ៏ល្អឆើតឆាយនៃស្រុកខ្មែរ ពេលគយគន់ពីចំណោតថ្មនៃពយតាឌី។,,needs_adjudication,Bath,Nacc,positive,neutral
86,pair1,ក្រោយមកអ្នកគ្រប់គ្រងកម្មវិធី និងជាចាងហ្វាងផលិតកម្មមហាហង្ស លោក អ៊ិន សុភិន បានចេញលិខិតបំភ្លឺសុំទោស នៅថ្ងៃទី២៥ ខែសីហា ឆ្នាំ២០២២ ប៉ុន្តែបានបង្កកំហុសឆ្គងម្តងទៀត...។,positive,agreed,Bath,Nacc,positive,positive
87,pair1,នោះហើយទើបជាទំនាក់ទំនងដែលគង់វង្សយូរអង្វែង និងគួរឱ្យស្ញប់ស្ញែងសម្រាប់ខ្ញុំ។,,needs_adjudication,Bath,Nacc,positive,negative
88,pair1,(ភ្នំពេញ)៖ រយៈពេលលើស២៤ម៉ោងហើយដែលទណ្ឌិត សម រង្ស៊ី មិនទាន់បានឆ្លើយតបជាផ្លូវការថា តើខ្លួនហ៊ាន ឬមិនហ៊ានទទួលយកការបបួលភ្នាល់របស់លោក ហ៊ុន ម៉ាណែត ឬអត់ ខណៈដែលអ្នកនៅជុំវិញទណ្ឌិត សម រង្ស៊ី បានបដិសេធសំណើសុំភ្នាល់នេះរួចហើយ។,,needs_adjudication,Bath,Nacc,negative,positive
89,pair1,រាជធានីភ្នំពេញ ៖ សម្តេចតេជោ ហ៊ុន សែន នាយករដ្ឋមន្ត្រីនៃកម្ពុជា បានចំអកឲ្យក្រុមប្រឆាំងដែលដឹកនាំដោយលោក សម រង្ស៊ី ដែលសម្តេចបានហៅថា ជាចោរក្បត់ជាតិនោះថា បានបង្កើតកំហុសយុទ្ធសាស្តរ ធំ២ រហូតនាំទុក្ខដល់អ្នកគាំទ្ររបស់ខ្លួន ។,,needs_adjudication,Bath,Nacc,negative,neutral
90,pair1,ដោយឡែកមូលដែលធ្វើឱ្យស្ពានយោលត្រូវទឹកគួចដាច់ទាំងស្រុងនេះ គឺបណ្តាលមកពីភ្លៀងខាងលើខ្លាំងហើយនាំមកនូវសំរាមឈើធំៗមកជាប់នឹងសំណាញ់ដៃស្ពាន ទើបដាច់ទៅទាំងផ្ទាំងតែម្តង។,negative,agreed,Bath,Nacc,negative,negative
91,pair1,ភ្លៀងធ្លាក់ខ្លាំងតាមរដូវម្តងទៀត បានវាយលុកភាគពាយព្យនៃប្រទេសថៃកាលពីថ្ងៃអាទិត្យទី ៩ ខែតុលា បណ្តាលឱ្យមានទឹកជំនន់បន្តរីករាលដាល ជាពិសេសនៅតំបន់ភាគខាងជើងឆៀងខាងកើត និងកណ្តាល។,negative,agreed,Bath,Nacc,negative,negative
92,pair1,បើតាមលោក អំ សំអាត អ្នកស្រី ចក់ សុភាព ត្រូវបានអយ្យការចោទសួរអំពីប្រភពមូលនិធិដែលត្រូវបានផ្តល់ជូនមជ្ឈមណ្ឌលសិទ្ធិមនុស្សកម្ពុជា អំឡុងពេលអ្នកស្រីបំពេញការងារជាមួយលោក កឹម សុខា។,negative,agreed,Bath,Nacc,negative,negative
93,pair1,ប៉ុន្តែ នៅក្នុងទំនាក់ទំនងកម្រិតអ្វីក៏ដោយ បើគេមានភាពស្មោះត្រង់ក្នុងការកសាង «មិត្តភាព» នោះគេនឹងមានការថ្លឹងថ្លែង នឹងមានការក្រែងចំពោះយើង។,,needs_adjudication,Bath,Nacc,positive,neutral
94,pair1,អេឡុន ម៉ាស និង ហ្សេឡេនស្គី ប៉ះសម្តីគ្នាលើបណ្តាញសង្គមធ្វីតធ័រ ជុំវិញផែនការសន្តិភាពអ៊ុយក្រែន,,needs_adjudication,Bath,Nacc,negative,positive
95,pair1,វីដេអូ ៖ ក្រសួងអប់រំ កំពុងធ្វើការស្រាវជ្រាវករណីនាយកវិទ្យាល័យសេរីភាពវាយសិស្សស្រីម្នាក់,,needs_adjudication,Bath,Nacc,negative,neutral
96,pair1,សូមរំលឹកផងដែរថា កាលពីថ្ងៃទី៨ ខែតុលា ឆ្នាំ២០២២ លោក វេង សាខុន ត្រូវបានព្រះករុណា ព្រះបាទសម្តេច ព្រះបរមនាថ នរោត្តម សីហមុនី ព្រះមហាក្សត្រនៃកម្ពុជា បានចេញព្រះរាជក្រឹត្យបញ្ចប់មុខតំណែងលោក វេង សាខុន ពីរដ្ឋមន្រតីក្រសួងកសិកម្ម រុក្ខាប្រមាញ់ និងនេសាទ...៕,negative,agreed,Bath,Nacc,negative,negative
97,pair1,អកប្បកិរិយាអវិជ្ជមានទាំងអស់នេះនាំមហន្តរាយដល់សង្គមខ្មែរយើងយ៉ាងប្រាកដ ។,,needs_adjudication,Bath,Nacc,negative,neutral
98,pair1,កាត់បន្ថយបុគ្គលគ្រាប់ល្ពៅនឹងមន្រតីគ្រាប់ល្ពៅមិនងាយអស់ទេអូនស្រីអើយ អូនជាអ្នកចេះដឹងកុំខ្វល់រឿងឥតប្រយោជន៍អី ខ្ញុំរង់ចាំមើល video អូនគ្រប់ពេលណា,negative,agreed,Bath,Nacc,negative,negative
99,pair1,បាននិយាយថា នាវានោះបែងចែក១៥០បន្ទប់ហើយក្រុមអ្នកមុជទឹកកំពុងរុករកម្តងមួយបន្ទប់ៗចំណែកឯក្រុមអាជ្ញាធរបានពង្រីកតំបន់រុករកដើម្បីបញ្ចូលទាំងតំបន់ជាច្រើននៅជុំវិញតំបន់វូហានចម្ងាយ២២០គ.ម.ទៅខ្សែទឹកខាងក្រោម។,,needs_adjudication,Bath,Nacc,negative,positive
100,pair1,ការបង្រៀន និងការសិក្សាមានជាច្រើនកម្រិតផ្សេងៗគ្នា ហើយយើងក៏កំពុងតែប្រសើរឡើងជាមួយគ្នាផងដែរ។,,needs_adjudication,Bath,Nacc,positive,neutral
101,pair1,"ព្រះអង្គជ័យ ស្តេចទ្រង់ទសពិធរាជធម៌ ប្រសើរណាស់, អាណាប្រជានុរាស្តរក្នុងព្រះនគរបានសុខក្សេមក្សាន្ត ឥតមានសឹកសត្រូវអ្វីឡើយ។",positive,agreed,Bath,Nacc,positive,positive
102,pair1,បើសិនជាយើងស្ទូងដោយប្រើចន្លោះគុម្ពមិនត្រឹមត្រូវទៅតាមប្រភេទដីដូចជាស្ទូងទុកចន្លោះគុម្ពស្នាក់ការធំពេកលើដីដែលពុំសូវមានជីជាតិឬទុកចន្លោះគុម្ពតូចពេកលើដីដែលមានជីជាតិនោះវាអាចធ្វើឲ្យមានការថយចុះនូវទិន្នផលដែរ,,needs_adjudication,Bath,Nacc,neutral,positive
103,pair1,គ.ឱពលិកម្មនោះមាន៥យ៉ាងអ្នកឯងស្តាប់ចុះ។,,needs_adjudication,Bath,Nacc,neutral,negative
104,pair1,ជាថ្មីម្តងទៀត ទាំងនេះគឺជារឿងរ៉ាវដែលរដ្ឋាភិបាលលោក ហ៊ុន សែន ធ្វើឡើងដើម្បីដាក់សម្ពាធកាន់តែខ្លាំងមកលើកញ្ញា សេង ធារី និងដើម្បីធ្វើឱ្យជីវិតរបស់កញ្ញាកាន់តែវេទនា ព្រមទាំងព្យាយាមបំបាក់ស្មារតីកញ្ញា។,,needs_adjudication,Bath,Nacc,negative,neutral
105,pair1,ជាចុងក្រោយគាត់សូមអរគុណដល់ក្រុមការងាររ៉ាក់ដែលបានផ្តល់ការប្រឹក្សានិងការធ្វើតេស្តឈាមជូនគាត់ដោយមិនគិតថវិការហើយថែមទាំងបានផ្តល់ទំនុកចិត្តដល់គាត់ធ្វើឲ្យគាត់ទទួលសេវាបានទាន់ពេលវេលាគ្មានចេញជារោគសញ្ញាបង្ហាញឲ្យអ្នកដ៏ទៃដឹងនិងអាចធ្វើឲ្យគាត់មានសុខភាពល្អ,,needs_adjudication,Bath,Nacc,positive,negative
106,pair1,ថ្លៃឈ្នួលកម្លាំងពលកម្មក៏មានការប្រែប្រួលទៅតាមប្រភេទការងារផ្សេងៗដែរ ដូចជាការភ្ជួរដីដកស្ទូងធ្វើស្មៅច្រូត និងបោកជាដើមឬពេលមមាញឹកនៃការងារ,,needs_adjudication,Bath,Nacc,neutral,positive
107,pair1,ការគេងឆ្អែតគ្រប់គ្រាន់ពេលយប់ ជាគន្លឹះសំខាន់ក្នុងការជំរុញឲ្យរាងកាយអ្នកមានថាមពលគ្រប់គ្រាន់សម្រាប់សកម្មភាពប្រចាំថ្ងៃដូចជាការសិក្សា និងបំពេញការងារ នៅព្រឹកស្អែក។,,needs_adjudication,Bath,Nacc,positive,neutral
108,pair1,ទោះជាយ៉ាងណា វិបត្តិទឹក និងអនាម័យនៅតែជាបញ្ហាប្រឈម ជាពិសេសសម្រាប់អ្នករស់នៅតាមជនបទ។,,needs_adjudication,Bath,Nacc,negative,positive
109,pair1,បើសិនជាមានរឿងនេះមេបាខ្លះគេប្រកាន់ គេនឹងទៅតាមកាច់សមាជិកគ្រួសារណាម្នាក់ឲ្យឈឺ រហូតតាមរកស្រតីប្រព្រឹត្តកំហុសនោះឃើញតាមរយៈបូលពងមាន់។,negative,agreed,Bath,Nacc,negative,negative
110,pair1,ហេតុនេះហើយទើប ទម្លាប់ល្អក្នុងការគេងគួរបណ្តុះចាប់ពីក្មេងទៅ។,,needs_adjudication,Bath,Nacc,positive,negative
111,pair1,ទោះយ៉ាងណា លោក សុខនឿន បញ្ជាក់ថា និន្នាការរបស់ប្រជាជនក្នុងស្រុកចំពោះការស្នាក់នៅខុនដូក៏មានការកើនឡើងខ្លះៗផងដែរនាពេលនេះ ខណៈអ្នកវិនិយោគមួយចំនួនក៏បាននិងកំពុងបែរមកអតិថិថជនក្នុងស្រុកជំនួសឱ្យអតិថិជនក្រៅស្រុកផងដែរ។,,needs_adjudication,Bath,Nacc,neutral,positive
112,pair1,នេះបើតាមសេចក្តីប្រកាសព័ត៌មានរបស់រដ្ឋបាលព្រៃឈើ នៅថ្ងៃទី១៦ ខែកញ្ញា ឆ្នាំ២០២២។,,needs_adjudication,Bath,Nacc,neutral,positive
113,pair1,រដ្ឋាភិបាលបានប្រាប់ឱ្យដឹងថា ខ្លួនកំពុងតែដំណើរការឆ្ពោះទៅរកការបង្កើតតុលាការការងារនៅកម្ពុជា។,,needs_adjudication,Bath,Nacc,positive,neutral
114,pair1,នាយករដ្ឋមន្រ្តីថៃ ប្រាយុទ្ធ ចាន់អូចា នៅថ្ងៃទី១០ ខែតុលា ឆ្នាំ២០២២នេះ បានបញ្ជាឱ្យមានការរឹតបន្តឹងទៅលើច្បាប់នៃការប្រើប្រាស់កាំភ្លើងនៅក្នុងប្រទេសខ្លួន បន្ទាប់ពីមានហេតុការណ៍បាញ់សម្លាប់រង្គាលនៅក្នុងមណ្ឌលថែទាំកុមារ។,,needs_adjudication,Bath,Nacc,positive,neutral
115,pair1,យើងអាចស៊ើបអង្កេតការរំលោភបំពាន និងការធ្វេសប្រហែស បណ្តុះបណ្តាលមនុស្ស និងធ្វើឱ្យប្រាកដថាកន្លែងនោះកំពុងប្រព្រឹត្តិមនុស្សត្រឹមត្រូវ។,,needs_adjudication,Bath,Nacc,positive,negative
116,pair1,រដ្ឋមន្ត្រីក្រសួងសុខាភិបាលតួកគី លោក Fahrettin Koca បានសរសេរនៅលើបណ្តាញសង្គមធ្វីតធើររបស់លោកថា មានមនុស្សចំនួន ២៨ នាក់បានស្លាប់បាត់បង់ជីវិត នៅក្នុងឧបទ្ទវហេតុនេះ ខណៈក្រុមសង្គ្រោះបន្ទាន់បានជួយសង្គ្រោះមនុស្សចំនួន ៥៨ នាក់ចេញពីអណ្តូងរ៉ែកើតហេតុ។,,needs_adjudication,Bath,Nacc,negative,positive
117,pair1,សម្រាប់អ្នកឃ្លាំមើល ការកាត់ទោសដោយពិន័យជាប្រាក់រហូតដល់៧៥ម៉ឺនដុល្លារ «ពីបទបរិហាកេរ្តិ៍»នោះ គឺជាដាក់សម្ពាធទៅលើគណបក្សប្រឆាំងមុនការបោះឆ្នោតថ្នាក់ជាតិមកដល់។,negative,agreed,Bath,Nacc,negative,negative
118,pair1,(ខេត្តបាត់ដំបង)៖ ប្រធានគណៈបញ្ជាការឯកភាពរដ្ឋបាលខេត្ត និងជាអភិបាលខេត្តបាត់ដំបង ឯកឧត្តម សុខ លូ បានដាក់បញ្ជាជាថ្មីដល់រដ្ឋបាលស្រុកពាក់ព័ន្ធទាំងអស់ បន្តចុះជំរឿនឧបករណ៍នេសាទខុសច្បាប់ ខណៈបទល្មើសនេសាទនៅតែបន្តកើតមាន។,negative,agreed,Bath,Nacc,negative,negative
119,pair1,នេះបើតាមរយៈសេចក្តីថ្លែងការណ៍របស់ក្រសួងការបរទេសកម្ពុជា ដែលបានចេញកាលពីយប់ថ្ងៃទី៤ ខែ តុលា ឆ្នាំ២០២២។,,needs_adjudication,Bath,Nacc,neutral,negative
120,pair1,ចំណុចខាងក្រោមទាំងនេះ ជាសញ្ញាបញ្ជាក់អំពីរបៀបដែលទម្លាប់ និង ស្ថានភាពកើតមានឡើងមួយចំនួន និង ដែលកើតឡើងជាទូទៅ អាចប្រើក្លាយទៅជាបញ្ហាធ្ងន់ធ្ងរ។,neutral,agreed,Bath,Nacc,neutral,neutral
121,pair1,ភិក្ខុកម្លោះរូបនេះ ទំនុកបម្រុងមាតាបិតាតាម ទំនងនេះចាប់ពីពេលនោះរហូតមក ទោះជាខ្លួនបានភត្តផ្សេងៗ មានភត្ត ដែលព្រះភត្តុទ្ទេសកៈចាត់តាមវេនដែលគេនិមន្តជាដើម ក៏លោកយក ទៅជូនញោមអស់ៗ ហើយខ្លួនលោកផ្ទាល់និមន្តដើររកបិណ្ឌបាត បានក៏ឆាន់ បើមិនបានក៏អត់ឆាន់ទៅ សម្រាប់ថ្ងៃដែលបានមានតិចទេ រីឯថ្ងៃដែលអត់គឺច្រើន។,,needs_adjudication,Bath,Nacc,positive,negative
122,pair1,ខណៈ ក្រុមហ៊ុន Izvestia នៅសប្តាហ៍នេះបានបង្ហាញថា ការលក់អាចបន្តនៅក្នុងខែតុលាជាមួយនឹងការផ្គត់ផ្គង់ឧបករណ៍ដល់អ្នកលក់រាយ និងបើកដំណើរការហាងអនឡាញរបស់ខ្លួនជាផ្លូវការ៕,,needs_adjudication,Bath,Nacc,positive,negative
123,pair1,តាមគំនិតរបស់បក្ស PTI ដែលជាបក្សដឹកនាំដោយលោក ខាន់ គណៈកម្មាធិការរៀបចំការបោះឆ្នោតប៉ាគីស្ថាន មិនមែនជាតុលាការទេ ដូច្នេះហើយពួកគេមិនអាចប្រកាសដកសិទ្ធិនរណាម្នាក់ឡើយ។,,needs_adjudication,Bath,Nacc,positive,neutral
124,pair1,លោក ហ៊ុន សែន បានឲ្យក្រុមគ្រួសារសាងសង់ចេតិយនៅក្នុងភូមិគ្រឹះរបស់លោកនៅឯក្រុងតាខ្មៅជំនួសវិញនេះ ដោយហេតុផលថា លោកបានប្រគល់ឲ្យចៅច្បងរបស់លោករួចហើយ ពីព្រោះចៅច្បងនេះ លោក ហ៊ុន សែន អះអាងថា ជាម្តាយរបស់លោកមកចាប់ជាតិ។,,needs_adjudication,Bath,Nacc,positive,negative
125,pair1,ជារៀងរាល់ឆ្នាំកូនចៅតែងនាំគ្នាសែនព្រេន និងបង្សុកូលនៅវត្ត ឬចេតិយឳពុកម្តាយខ្លួន ដើម្បីជាការរំលឹកគុណចំពោះលោក។,,needs_adjudication,Bath,Nacc,positive,neutral
126,pair1,រមណីយដ្ឋាននេះលើស្ទឹងបែកជាបួន អមជាមួយនឹងសម្រស់ធម្មជាតិស្រស់ឆើតឆាយ នៃដងទន្លេកាច់កុងពត់ពេន ធ្វើឲ្យភ្ញៀវទេសចរគយគន់មិនចេះធុញទ្រាន់គ្រប់ពេលនោះទេ ដូចជា អ័ព្ទប៉ប្រះទឹកនៅពេលព្រឹក បញ្ចេញរស្មីសុរិយាក្រហមទុំដុតបញ្ឆេះរាត្រីអន្ធការឲ្យមានពន្លឺ និងជាកន្លែងស្ងប់សុខសម្រាប់អ្នកចង់បន្ធូរអារម្មណ៍តានតឹងពី ការងារ។,positive,agreed,Bath,Nacc,positive,positive
127,pair1,បច្ចុប្បន្នពិធីបុណ្យភ្ជុំបិណ្ឌ ត្រូវបានប្រជាពលរដ្ឋខ្មែរប្រារព្ធឡើងជារៀងរាល់ឆ្នាំ គឺចាប់ពីថ្ងៃ១រោច ខែភទ្របទ រហូតដល់ថ្ងៃ១៥រោច ខែភទ្របទ ដែលត្រូវនឹងខែកញ្ញា ។,positive,agreed,Bath,Nacc,positive,positive
128,pair1,ឆក់ឡើងមួយចំហៀងខ្លួនខ្ញុំឡើងដេកអត់បានបានតែអង្គុយបើដេកទៅវិលវាបោកត្រូវក្បាលមួយចំហៀង។,,needs_adjudication,Bath,Nacc,negative,neutral
129,pair1,លោកប៉ាន់ប្រមាណថា ចំនួនអ្នកធ្វើដំណើរតាមផ្លូវអាកាស អាចនឹងមានការកើនឡើងវិញ នៅចុងឆ្នាំ២០២៣ ឬដើមឆ្នាំ២០២៤ ប្រសិនគ្មានបញ្ហាសកលអ្វីៗកើតឡើងជាបន្តទៀត។,,needs_adjudication,Bath,Nacc,positive,negative
130,pair1,AISPP ក៏ជាសមាជិកមួយនៃសមាគមសាលារៀនអូស្ត្រាលីអន្តរជាតិ (the Australian International School Association) (AISA) ហើយយើងក៏ជាដៃគូសកលជាមួយនឹងសមាគមសាលារៀនឯកជននៃរដ្ឋ New South Wales ប្រទេសអូស្តរាលី (the Association of Independent Schools of New South Wales) ផងដែរ ។,positive,agreed,Bath,Nacc,positive,positive
131,pair1,មានអ្វីជាច្រើនដែលយើងអាចរៀនបានពីប្រទេសដទៃដូចជាប្រទេសហ្វាំងឡង់ដែលបានបោះជំហានយ៉ាងធំនៅក្នុងការផ្លាស់ប្តូរការអប់រំ។,positive,agreed,Bath,Nacc,positive,positive
132,pair1,"គិតមកត្រឹមឆ្នាំ២០១៤ ចំនួនប្រជាជនកម្ពុជាដែលកំពុងធ្វើការងារ ទាំងស្របច្បាប់ និងមិនស្របច្បាប់ នៅក្រៅប្រទេស បានរីកធំធាត់ដល់ជាង ៦០០,០០០នាក់។",positive,agreed,Bath,Nacc,positive,positive
133,pair1,ចំណែកពុទ្ធបរិស័ទទូទៅក៏អាចរៀនសូត្រពីការធ្វើពិធីបវារណាចេញវស្សារបស់ព្រះភិក្ខុសង្ឃ ផងដែរតាមរយៈបង្កើតការជួបជុំក្នុងគ្រួសារ ឬស្ថាប័ន អង្គភាពរបស់ខ្លួន ដើម្បីធ្វើការឆ្លុះបញ្ចាំងនិងផ្តល់យោបល់កែលម្អគ្នាទៅវិញទៅមក និងសុំទោសគ្នានូវរាល់កំហុសឆ្គងទាំងឡាយ ហើយចេះកែកំហុសនោះ ដើម្បីការរស់នៅសុខសាន្តជានានឹងគ្នាតរៀងទៅ ។,,needs_adjudication,Bath,Nacc,positive,neutral
134,pair1,ទន្ទឹមនឹងនោះ សេចក្តីថ្លែងការណ៍ក៏បានសំដៅទៅលើការហ្វឹកហាត់រួមគ្នានៃយន្តហោះចម្បាំង F-35A នៅក្នុងខែកក្កដា និងការដាក់ពង្រាយនាពេលខាងមុខនៃនាវាចម្បាំង USS Ronald Reagan Carrier Strike Group នៅក្នុងតំបន់ ដើម្បីជាការបង្ហាញពីការប្តេជ្ញាចិត្តរបស់សហរដ្ឋអាម៉េរិក។,positive,agreed,Bath,Nacc,positive,positive
135,pair1,វាកើតឡើងតាមរយៈយន្តការដូចជា មូលនិធិបៃតងសម្រាប់បម្រែបម្រួលអាកាសធាតុ ដឹកនាំដោយអនុសញ្ញាក្របខ័ណ្ឌសហប្រជាជាតិស្តីពីការប្រែប្រួលអាកាសធាតុ (UNFCCC) ព្រមទាំងធនាគារវិនិយោគហេដ្ឋារចនាសម្ព័ន្ធអាស៊ី ដឹកនាំដោយប្រទេសចិន (AIIB)។,,needs_adjudication,Bath,Nacc,neutral,positive
136,pair1,តើទេពកោសល្យអ្វី ដែលអាចធ្វើឲ្យប្រទេសជិតខាង ទទួលយកសំណូមពរដោយបញ្ជូនកងទ័ពស្មគ្រ័ចិត្តវៀតណាមគៀកស្មារជាមួយកងទ័ពរណសិរ្សរំដោះប្រជាជនកម្ពុជា រហូតទទួលបានជោគជ័យលើរបបប៉ុលពត?,neutral,agreed,Bath,Nacc,neutral,neutral
137,pair1,យ៉ាងណា តាមរយៈជំនួបខាងលើនេះដែរ ភាគីទាំងពីរក៏បានគូសបញ្ជក់ជាថ្មីនូវការប្តេជ្ញាចិត្ត លើកកម្ពស់កិច្ចសហប្រតិបត្តិការវាងកម្ពុជា និងអូស្ត្រាលី ដើម្បីជំរុញវិស័យសេដ្ឋកិច្ច-ពាណិជ្ជកម្មទ្វេភាគីឱ្យកាន់តែរីកចម្រើនបន្ថែមទៀត៕,,needs_adjudication,Bath,Nacc,neutral,positive
138,pair1,តំបន់រមណីយដ្ឋានអង្គរដែលបានចុះបញ្ជីបេតិកភណ្ឌពិភពលោក នេះមានផ្ទៃដី ៤០១ គីឡូម៉ែត្រក្រឡាដែលជាផ្ទៃដីត្រូវរក្សាការពារដាច់ខាតដោយចែកចេញជាបីតំបន់ធំៗ ៕,,needs_adjudication,Bath,Nacc,positive,neutral
139,pair1,មន្ត្រីដែលបាននិយាយក្នុងលក្ខខណ្ឌមិនបញ្ចេញឈ្មោះបានឱ្យដឹងថា៖«កញ្ចប់អាវុធជំនួយអាចផ្លាស់ប្តូរតម្លៃ និងខ្លឹមសាររហូតដល់នាទីចុងក្រោយ»។,,needs_adjudication,Bath,Nacc,negative,neutral
140,pair1,ទូលព្រះបាទយើងអាចប្តូរប្រាក់បាន,neutral,agreed,Bath,Nacc,neutral,neutral
141,pair1,ក្នុងសន្និសីទសារព័ត៌មាននៅថ្ងៃនេះ មន្ត្រីក្រសួងយុត្តិធម៌៨រូប រួមទាំងអ្នកនាំពាក្យក្រសួងនេះ គឺលោក ជិន ម៉ាលីន បានលើកឡើងពីសមទ្ធផលជាច្រើនដែលក្រសួងបានខំប្រឹងប្រែង និងធ្វើកំណែទម្រង់ប្រព័ន្ធតុលាការនាពេលកន្លងមក មកដល់បច្ចុប្បន្ន។,positive,agreed,Bath,Nacc,positive,positive
142,pair1,មិត្តភក្តិខ្លះមានមុខតែពេលយើងជោគជ័យ ហើយបាតដៃរបស់ពួកគេគឺសម្រាប់តែទះអបអរពេលយើងសប្បាយរីករាយ ពេលយើងមានមុខមាត់ មានលុយ មានការរីកចម្រើន។,,needs_adjudication,Bath,Nacc,neutral,positive
143,pair1,អាជ្ញាធរត្រូវយកចិត្តទុក ដាក់ដោះស្រាយជម្លោះដីធ្លីជូនប្រជាពលរដ្ឋអោយបានរហ័ស និងមានប្រសិទ្ធិភាព ជាពិសេសការដោះស្រាយក្រៅប្រព័ន្ធតុលាការអោយបានច្រើន ដោយមិនត្រូវលំអៀងខាងភាគីណានោះទេត្រូវឈរនៅកណ្តាល ដើម្បីបម្រើផលប្រយោជន៍ទាំងសងខាង។,negative,agreed,Bath,Nacc,negative,negative
144,pair1,បើយោងតាមលោក វណ្ណា បច្ចុប្បន្ននេះក្រៅពីរាជធានីភ្នំពេញ និងខេត្តព្រះសីហនុ វិស័យអចលនទ្រព្យ និងសំណង់ ក៏បាននិងកំពុងឈានឆ្ពោះទៅខេត្តមានសក្តានុពលមួយចំនួនដូចជា កំពត កែប កោះកុង បាត់ដំបង សៀមរាប និងកំពង់ចាម ជាដើម។,positive,agreed,Bath,Nacc,positive,positive
145,pair1,លោកបានបន្ថែមថា រថយន្តបានឆ្លងកាត់ប្រទេសប៊ុលហ្គារី ហ្សកហ្ស៊ី អាមេនី អូសេទីខាងជើង និងតំបន់ Krasnodar របស់រុស្ស៊ី មុនពេលមកដល់លើស្ពាន។,neutral,agreed,Bath,Nacc,neutral,neutral
146,pair1,ការណ៍នេះធ្វើឱ្យវិស័យឯកជនមានទំនុកចិត្ត ក្នុងការវិនិយោគឡើងវិញ ឬវិនិយោគថ្មី ទៅលើវិស័យមួយនេះ ដែលជាសញ្ញាវិជ្ជមានមួយសម្រាប់ វិស័យទេសចរណ៍។,,needs_adjudication,Bath,Nacc,positive,neutral
147,pair1,មន្ទីរសុខាភិបាលខេត្តស្វាយរៀង បានលើកឡើងថា សារជាតិពុលរបស់ឪម៉ាល់បានធ្វើឱ្យកុមារីវ័យ៧ឆ្នាំម្នាក់ស្លាប់ ក្រោយពីសត្វឪម៉ាល់ទាំងនោះបានទិចនាងជាច្រើនកន្លែង ដែលធ្វើឱ្យប៉ះពាល់ដល់សរីរាង្គសំខាន់ៗ។,,needs_adjudication,Bath,Nacc,negative,positive
148,pair1,ថ្មពិលដែលយើងប្រើសព្វថ្ងៃនេះមានច្រើនប្រភេទ។,,needs_adjudication,Bath,Nacc,neutral,negative
149,pair1,ហើយបើបានទៅដល់ទីនោះផងម្នាក់ៗ ខំរួតរះដំណើរ ទៅអុជធូបបួងសួង ប្រាថ្នាឲ្យឆាប់ឡើង បុណ្យសក្តិ ឬឲ្យបានឡើងឋានសួគ៌ជាដើម។,,needs_adjudication,Bath,Nacc,positive,neutral
150,pair1,ឥឡូវនេះ ប្រទេសកម្ពុជាបានរៀបចំការបោះឆ្នោតជាតិ និងថ្នាក់ក្រោមជាតិជាទៀងទាត់ ក្រោមបន្ទាត់នៃរដ្ឋធម្មនុញ្ញជាតិបែបសេរី ដែលធានានូវសិទ្ធិពលរដ្ឋ និងសិទ្ធិនយោបាយ។,,needs_adjudication,Bath,Nacc,positive,neutral
151,pair1,គោលដៅនេះផ្តោតលើទិដ្ឋភាពយ៉ាងទូលំទូលាយ រួមមានអត្រាមរណភាព ចំនួននៃការឆ្លងជំងឺជាច្រើន ការប្រើប្រាស់ថ្នាំជក់ អត្រានៃការធ្វើអត្តឃាត ការស្លាប់តាមដងផ្លូវ និងការទទួលបានសេវាសុខភាពចាំបាច់ និងផែនការគ្រួសារ។,positive,agreed,Bath,Nacc,positive,positive
152,pair1,គេវាយតម្លៃថាតំបន់ផ្នូរបុរាណនេះមានសាកសពជាលក្ខណៈម៉ាមមីរហូតដល់ជាងមួយលានឯណោះហើយកប់ក្នុងផ្នូរធ្វើអំពីថ្មកំបោរក្នុងជំរៅដល់ជិត៣០ម៉ែត្រទៅក្រោមកាលសម័យនោះ។,neutral,agreed,Bath,Nacc,neutral,neutral
153,pair1,ហេតុការណ៍ដែលបានកើតឡើងលើក្មេងៗសិស្សសាលាកាលពីប៉ុន្មានថ្ងៃនេះគឺពិតជាពិបាកនឹងទទួលយកខ្លាំងណាស់,,needs_adjudication,Bath,Nacc,negative,neutral
154,pair1,ម្ចាស់គ្លីនីកមេត្តានៅរាជធានីភ្នំពេញ លោកវេជ្ជបណ្ឌិត ហ៊ាង រតនា មានប្រសាសន៍ប្រាប់វិទ្យុអាស៊ីសេរីថា អ្នកប្រើប្រាស់បារីអេឡិចត្រូនិច មានផលវិបាកធ្ងន់ធ្ងរដល់សុខភាព ដូចជាអ្នកជក់បារីផងដែរ។,negative,agreed,Bath,Nacc,negative,negative
155,pair1,អ្នកនឹងមានចេតនាធ្វើច្រើនលើសពីនេះទៀត។,,needs_adjudication,Bath,Nacc,neutral,negative
156,pair1,សម្រាមច្រើនពេកដឹង ខ្លាចគេឃើញ,neutral,agreed,Bath,Nacc,neutral,neutral
157,pair1,ទី១១៖ ដើម្បីជៀសវាងការចម្លងជំងឺរលាកផ្លូវដង្ហើម និងជំងឺឆ្លងកូវីដ -១៩ ជាចាំបាច់ត្រូវពាក់ម៉ាស់ ក្រមាខ្ទប់មាត់ពេលក្អក ឬកណ្តាស់ និងត្រូវនៅឱ្យបានឆ្ងាយអ្នកជំងឺដែលក្អក ឬកណ្តាស់ឱ្យលើសពី ១ម៉ែតត្រកន្លះ ហើយនិងមិនត្រូវនៅក្បែរកន្លែងមានធូលីហុយបើចាំបាច់ត្រូវតែពាក់ម៉ាស់។,,needs_adjudication,Bath,Nacc,positive,negative
158,pair1,កាលពីខែមិថុនា ព្រះតេជគុណ គូ សុភាព អ្នកនាង ខាត់ សុឃីម បានទៅលេងផ្ទះ ថៅកែតែគុជ Boba Tea ដែរ។,neutral,agreed,Bath,Nacc,neutral,neutral
159,pair1,ស្ថាប័ន Asiamoney បានមូលមិតិនិងជ្រើសរើសផ្តល់ពានរង្វាន់ ធនាគារក្នុងស្រុកឆ្នើមបំផុតនៅកម្ពុជា ឆ្នាំ២០២២ ទៅកាន់ ធនាគារ កាណាឌីយ៉ា ជាសក្ខីភាពមួយដែលបញ្ជាក់ពីភាពរឹងមាំរបស់ធនាគារ ក៏ដូចជាការផ្តោតសំខាន់និងប្តេជ្ញាពង្រឹងទៅលើគោលការបរិវត្តន៍ឌីជីថល ដើម្បីឱ្យស្របទៅនឹងបរិបទធនាគារក្នុងយុគសម័យឌីជីថល។,,needs_adjudication,Bath,Nacc,positive,neutral
160,pair1,បន្លែដែលមានស្លឹកពណ៌បៃតងដូចជាស្ពៃចង្កឹះ និងខាត់ណាក៏ជាប្រភពផ្តល់នូវ folate ដ៏ល្អបំផុតដែរ។,positive,agreed,Bath,Nacc,positive,positive
161,pair1,ជាអកុសល សហរដ្ឋអាមេរិកបែរជាដឹកនាំបង្កើតឱ្យមានការធ្វើពហិការការទូតប្រឆាំងនឹងព្រឹត្តការណ៍ កីឡាអូឡាំពិកទីក្រុងប៉េកាំងឆ្នាំ២០២២ទៅវិញ។,,needs_adjudication,Bath,Nacc,neutral,positive
162,pair1,ប៉ុន្តែចាប់ពីបិណ្ឌទី ៤ ទៅដើម្បីរក្សានូវជីវិតរក្សាកុំឲ្យមានការរាលដាលនៃជំងឺឆ្លងដ៏កាចសាហាវនេះសម្តេចក៏បានចេញបញ្ជាមិន ឲ្យមានការជួបជុំដើម្បីការពារការឆ្លងកូវីដ១៩ និងស្លាប់ដោយសារកូវីដ។,negative,agreed,Bath,Nacc,negative,negative
163,pair1,ប្រភពខាងលើបន្តថា៖ «ដោយក្រុមការងារនៃក្រុមព្រះសុរិយា បានជួសជុល និងចម្លងរក្សាទុកជាហ្វាល់ឌីជីថល យ៉ាងត្រឹមត្រូវ។,,needs_adjudication,Bath,Nacc,positive,negative
164,pair1,ខ្ញុំចង់ទៅមើលអ្នកគ្រប់គ្រងនេះពេលនេះ,,needs_adjudication,Bath,Nacc,neutral,positive
165,pair1,ជុំវិញបញ្ហានេះ លោក ហ្សេឡេនស្គី បានលើកឡើង៖«នេះគឺជាឧទាហរណ៍មួយទៀតនៃសកម្មភាពដ៏ច្បាស់លាស់នៃអំពើភេរវកម្មរបស់រុស្ស៊ី ដែលរដ្ឋភេរវករត្រូវតែទទួលទណ្ឌកម្មដែលកាន់តែខ្លាំងឡើង»។,,needs_adjudication,Bath,Nacc,negative,neutral
166,pair1,អ៊ំស្រីញញឹម ហើយគាត់ក៏ឡើងមកនិយាយពីអារម្មណ៍របស់គាត់វិញម្តង។,,needs_adjudication,Bath,Nacc,neutral,negative
167,pair1,កាលលោកជាអវិជ្ជាអតីតប្រធានសហជីពសេរីកម្មករនៃព្រះរាជាណាចក្រកម្ពុជានៅរស់គឺរូបលោកក៏ត្រូវបានជនមិនស្គាល់អត្តសញ្ញាណផ្ញើសារគំរាមមុនត្រូវបាញ់សម្លាប់នៅក្បែរតូបលក់កាសែតក្បែររបងវត្តលង្កាដូច្នេះដែរ។,,needs_adjudication,Bath,Nacc,neutral,positive
168,pair1,លោកយល់ឃើញថា ពលរដ្ឋ ដែលផ្ទុកមេរោគអេដស៍ គឺងាយរងគ្រោះបំផុត ហើយការយកចិត្តទុកដាក់របស់អាជ្ញាធរជារឿងសំខាន់៖ «ត្រូវតែបង្កើនការយកចិត្តទុកដាក់លើពួកគាត់ ហើយពួកគាត់ ដែលមានផ្ទុកមេរោគអេដស៍ហ្នឹង គឺពួកគាត់ឥឡូវ ក៏កាន់តែវ័យចាស់ៗ ជរាហើយ។,negative,agreed,Bath,Nacc,negative,negative
169,pair1,សូមជម្រាបថា ផ្លូវល្បឿនលឿនភ្នំពេញ-ព្រះសីហនុ ត្រូវបានសាងសង់ ដោយមានគន្លងផ្លូវធ្វើចរាចរ២គន្លងទៅ ២គន្លងមក។,,needs_adjudication,Bath,Nacc,positive,negative
170,pair1,ម្នាក់នឹងអាណាក៏ចឹងដែរ ដំបូងងៃណាក៏បងល្អបងល្អពេកហើយ ផុសម៉ែអាផុសបងល្អអូនសំណាងចេះចុះអួតគេ ដល់ចុងក្រោយអាស្រូវដដែល,,needs_adjudication,Bath,Nacc,negative,neutral
171,pair1,យោងតាម អារ៉ាប៊ីសាអូឌីត ដែលជាមេដឹកនាំរបស់ក្រុមនេះ បានអះអាងថា៖«ការកាត់បន្ថយការផ្គត់ផ្គង់ប្រេងស្មើនឹងប្រហែល ២ ភាគរយនៃការផ្គត់ផ្គង់ប្រេងទូទាំងពិភពលោក គឺជាការឆ្លើយតបទៅនឹងកំណើនអត្រាការប្រាក់នៅលោកខាងលិច និងការធ្លាក់ចុះនៃសេដ្ឋកិច្ចពិភពលោក»។,negative,agreed,Bath,Nacc,negative,negative
172,pair1,ពលករខ្មែរធ្វើការសំណង់នៅទីក្រុងបាងកក មានស្រុកកំណើតនៅខេត្តបាត់ដំបង លោក សុខ សំបូរ ប្រាប់វិទ្យុអាស៊ីសេរី នៅរសៀលថ្ងៃទី១៣ ខែតុលា ថា លោកជាមេជាង ផ្នែកកសាងអគារ ហើយលោកតែងទទួលការងារគេមកធ្វើជាមួយកូនកូនជាងខ្មែរជាង ១០នាក់ទៀត តែការងារនេះមួយរយៈចុងក្រោយមិនសូវមានគេជួលទៀតទេ។,,needs_adjudication,Bath,Nacc,negative,neutral
173,pair1,អង្គការអន្តរជាតិអំពាវនាវប្រទេសជាសមាជិកអង្គការសហប្រជាជាតិ កុំបោះឆ្នោតគាំទ្របេក្ខភាពវៀតណាម ជាសមាជិកក្រុមប្រឹក្សាសិទ្ធិមនុស្ស,negative,agreed,Bath,Nacc,negative,negative
174,pair1,ស្វែងយល់ពីប្រវត្តិសត្វផ្សោត គយគន់ធម្មជាតិតាមដងទន្លេមេគង្គ ទៅលេងទឹកធ្លាក់ព្រះនិម្មិត នៅសហគមន៍អេកូទេសចរណ៍ព្រះរំកិល,,needs_adjudication,Bath,Nacc,positive,negative
175,pair1,គ្មានអ្នកណារកនឹកពាក្យនេះឃើញសោះ សម្តីរបស់បុរសសុខាធ្វើឱ្យពិសិដ្ឋហាក់ភ្ញាក់រលឹក និងពេញចិត្តជាខ្លាំង។,,needs_adjudication,Bath,Nacc,neutral,positive
176,pair1,នារសៀលថ្ងៃទី១៦ មិថុនា នៅទីក្រុង New Delhi ប្រទេសឥណ្ឌា រដ្ឋមន្ត្រីការបរទេសវៀតណាមលោក Bui Thanh Son បានអញ្ជើញចូលរួមសម័យពិភាក្សាថ្នាក់រដ្ឋមន្ត្រីការបរទេសស្តីពីរយៈពេល ៣០ ឆ្នាំ នៃទំនាក់ទំនងអាស៊ាន-ឥណ្ឌា ក្នុងក្របខ័ណ្ឌនៃកិច្ចសន្ទនា Delhi លើកទី ១២ ដោយប្រធានបទ “កសាងស្ពានតភ្ជាប់មហាសមុទ្រឥណ្ឌា-ប៉ាស៊ីហ្វិក”។,neutral,agreed,Bath,Nacc,neutral,neutral
177,pair1,ខ្ញុំកំពុងស្វែងរកប៊ិកប៊ែនតែខ្ញុំរកវាអត់ឃើញ,,needs_adjudication,Bath,Nacc,positive,neutral
178,pair1,ចាប់តាំងពីបានបង្កើតឡើងកាលពីខែមេសាឆ្នាំ ២០១៩ ក្លិបទេសចរណ៍សៀមរាប (STC) បានដាក់ចេញនូវការប្តេជ្ញាចិត្តយ៉ាងមុតមាំ និងប្រកបដោយតម្លាភាពនៅក្នុងបេសកកម្មរបស់ខ្លួនក្នុងការលើកកម្ពស់ និងជំរុញកំណើនវិស័យទេសចរណ៍នៅក្នុងខេត្តសៀមរាប។,,needs_adjudication,Bath,Nacc,positive,negative
179,pair1,ចាស់ៗគឺបែបនេះ គាត់ធ្វើផ្ទះធំគឺដើម្បីអោយកូននិងចៅៗគាត់មកជួបជុំគ្នាប្រកបដោយភាពរីករាយនិងមានសេចក្តីសុខ,positive,agreed,Bath,Nacc,positive,positive
180,pair1,ផលដំណាំប្រជាកសិករជាង៧០០ហិកតានៅខេត្តប៉ៃលិន កំពុងរងការខូចខាត់ដោយគ្រោះទឹកជំនន់,,needs_adjudication,Bath,Nacc,negative,positive
181,pair1,បណ្ណាគារសាមគ្គីពុទ្ធិ មានកិត្តិយសសូមជូនដំណឹងដល់សាធារណជនទាំងអស់ឱ្យបានជ្រាបថា៖ បណ្ណាគារសាមគ្គីពុទ្ធិ មានការរៀបចំវេទិកាអំណានដើម្បីកម្ពុជា ប្រចាំខែតុលា ឆ្នាំ២០២២។,,needs_adjudication,Bath,Nacc,positive,negative
182,pair1,ហេតុនេះ ទ្រង់ប្រោសប្រទាន ព្រះរាជវិនិច្ឆ័យថា : ក្របីដែលស្លាប់នេះ ទុកជាកម្មរបស់សត្វចុះយើងនឹងយកទោសពញាជ័យមិនបានទេ។,neutral,agreed,Bath,Nacc,neutral,neutral
183,pair1,បច្ចុប្បន្ន ជនសង្ស័យពាក់ព័ន្ធទាំងអស់ត្រូវបានសមត្ថកិច្ចបញ្ជូនទៅកាន់ទីបញ្ជាការដ្ឋានកងរាជអាវុធហត្ថរាជធានីភ្នំពេញ ដើម្បីសាកសួរបន្តនីតិវិធី៕,,needs_adjudication,Bath,Nacc,negative,neutral
184,pair1,ទុករយៈពេល ២០-៣០ នាទី បន្ទាប់ត្រូវលាងអំបិលចេញ មុនពេលដាំស្លរ។,neutral,agreed,Bath,Nacc,neutral,neutral
185,pair1,បច្ចុប្បន្នមានគំរូសាលាជំនាន់ថ្មីសាកល្បងប្រមាណ ១១ សាលាដែលកំពុងដំណើរការនៅទូទាំងប្រទេសដោយមានគោលដៅពង្រីកគំរូដល់ ១០០ សាលានៅឆ្នាំ ២០២២ ។,neutral,agreed,Bath,Nacc,neutral,neutral
186,pair1,តែទោះជាយ៉ាងណាក៏ដោយពូជស្រូវដែលនៅសល់ក៏វាពុំមានភាពសុទ្ធល្អដែលជាហេតុធ្វើឲ្យយើងទទួលបាននូវទិន្នផលទាប,,needs_adjudication,Bath,Nacc,neutral,positive
187,pair1,គេក៏បានបង្ហាញអំពីមន្ទិលសង្ស័យផងដែរនៅពេលដែលបណ្តាធនាគារកណ្តាលរបស់ប្រទេសនានាបានងាកទៅរកការរឹតបន្តឹងនូវគោលនយោបាយរូបិយវត្ថុ និងបង្ខំឱ្យរដ្ឋាភិបាលត្រូវរក្សាកញ្ចប់សង្គ្រោះសារពើពន្ធច្រើនជ្រុលសម្រាប់រយៈពេលវែងជាងការរំពឹងទុក។,,needs_adjudication,Bath,Nacc,neutral,negative
188,pair1,កែងនេះដួចជាទាបពេកហើយសំរាប់ខ្ញុំ,,needs_adjudication,Bath,Nacc,neutral,negative
189,pair1,លោក ឡុង ឌីម៉ង់ អភិបាលរងខេត្តព្រះសីហនុ បានប្រាប់ ភ្នំពេញ ប៉ុស្តិ៍ កាលពីម្សិលមិញថា កិច្ចពិភាក្សានេះមិនទាន់មានលទ្ធផលជាផ្លែផ្កាអ្វីទេ ដោយការពិគ្រោះយោបល់នេះមានគោលបំណង ឱ្យភាគីពាក់ព័ន្ធផ្តល់សម្បទានឱ្យគ្នាទៅវិញទៅមក និងរួមគ្នាដោះស្រាយបញ្ហា ដើម្បីបញ្ចៀសផលប៉ះពាល់កើតដោយសារការទុកសំណង់អគារចោល។,,needs_adjudication,Bath,Nacc,neutral,negative
190,pair1,ដំណាំកសិកម្ម និងកសិ-ឧស្សាហកម្ម ជិត១ពាន់ហិកតានៅខេត្តប៉ៃលិន កំពុងរងការខូចខាត ខណៈភ្លៀងបន្តធ្លាក់ខ្លាំង,,needs_adjudication,Bath,Nacc,negative,neutral
191,pair1,អត្តពលិកកីឡាម៉ូតូទឹក៖ ការប្រជែងពាននៅអាម៉េរិក ដើម្បីបន្សាំខ្លួនជាមួយអត្តពលិកខ្លាំងៗលំដាប់ពិភពលោក ត្រៀមស៊ីហ្គេមនៅកម្ពុជា,,needs_adjudication,Bath,Nacc,positive,negative
192,pair1,លោកស្រីឯកអគ្គរដ្ឋទូតថ្មីនៃស្ថានទូតតួកគីប្រចាំកម្ពុជាបានសន្យាបែបនេះក្នុងឱកាសដែលលោកស្រីអញ្ជើញជួបជាមួយឯកឧត្តម ថោង ខុន រដ្ឋមន្ត្រីក្រសួងទេសចរណ៍ នារសៀលថ្ងៃទី១៥ ខែកញ្ញា ឆ្នាំ២០២២ នៅទីស្តីការក្រសួងទេសចរណ៍។,,needs_adjudication,Bath,Nacc,neutral,positive
193,pair1,លោកផន សុភី រស់នៅសង្កាត់ ទឹកវិល ក្រុងសៀមរាប បានឱ្យដឹងថា លោកបានចាប់ផ្តើមការងារដាំដុះដំណាំកាកាវរយៈ ពេល២ឆ្នាំមកហើយ តាមរយៈការចុះកិច្ចសន្យាដាំដុះជាមួយក្រុមហ៊ុនមួយ ដែលប្រមូលទិញវិញនូវផ្លែកាកាវ ដែលលោក និងកសិករដទៃទៀតប្រមូលផលបាន ក្នុងតម្លៃមួយច្បាស់លាស់។,neutral,agreed,Bath,Nacc,neutral,neutral
194,pair1,ពីរបីឆ្នាំមុន ខ្ញុំបានទៅធ្វើតេស្តរកមើលជម្ងឺមហារីក ហើយខ្ញុំមានការបារម្ភអំពីលទ្ធផលដែលនឹងចេញមក ។,,needs_adjudication,Bath,Nacc,neutral,positive
195,pair1,ខណៈដែលជាប្រទេសដែលមានទំហំតូច មធ្យោបាយនៃការអនុវត្តគោលដៅអភិវឌ្ឍន៍ប្រកបដោយចីរភាពកម្រិតថ្នាក់ជាតិរបស់ប្រទេសកម្ពុជា ត្រូវបានពឹងផ្អែកស្របទៅនឹងកំណើននាពេលថ្មីៗនេះរបស់ប្រទេសនេះ។,,needs_adjudication,Bath,Nacc,positive,negative
196,pair1,ប៉ុន្តែម្តងនេះល្បិចដដែលៗរាក់កំផែលរបស់ទណ្ឌិត សម រង្ស៊ី ពិតជាមិនអាចលាក់បាំងការពិតពីក្រសែភ្នែករបស់មហាជនខ្មែរបានឡើយ ហើយក៏កំពុងរុញច្រានទណ្ឌិតរត់ចោលគុករូបនេះឲ្យស្ថិតក្នុងស្ថានភាព «តម្រិះជិះកឯង»។,,needs_adjudication,Bath,Nacc,negative,neutral
197,pair1,ចំណុចប្រសព្វក្នុងបណ្តាញកំណោងសកម្មភាពគឺប្រាប់ពីចំនួនព្រឹត្តិការណ៍តាមលំដាប់លំដោយពីឆ្វេងទៅស្តាំសូមមើលរូបភាពទី៨,,needs_adjudication,Bath,Nacc,neutral,negative
198,pair1,"ទិញskincare មួយឈុត ប្រើ2,3ឆ្នាំមិនទាន់អស់ ទុកទាល់តែហួសដេឡេរួចបោះចោល ហើយតាំងមកអង្គុយឆ្ងល់ ហេតុអ្វីមុខមិនសរលោង និងមានសំណើមដូចគេ?",,needs_adjudication,Bath,Nacc,negative,neutral
199,pair1,គាត់ជិះកង់ឌុបគ្នាឆ្ងាយដែរពីទួលសង្កែទៅសាលាឥន្ទរទេវី សព្វថ្ងៃនេះកូនស្រីច្បងដែលគ្នាមានអាយុទើបតែ ១៣ ឆ្នាំ តែត្រូវមករ៉ាប់រងគ្រួសារទៅវិញ។,negative,agreed,Bath,Nacc,negative,negative
200,pair1,កែវភ្នែកមូលថ្លាសម្លឹងគេដោយក្តីសង្ឃឹមថានឹងបានឃើញអ្វីដែលហៅថាហទយវត្ថុនោះ,positive,agreed,Bath,Nacc,positive,positive
201,pair2,ផលិតដោយក្រុមហ៊ុន Lockheed Martin Corp ភាពត្រឹមត្រូវ និងរយៈចម្ងាយឆ្ងាយរបស់ HIMARS បានអនុញ្ញាតឱ្យទីក្រុងកៀវ ប្រឆាំងនឹងកាំភ្លើងធំរបស់រុស្ស៊ីយ៉ាងមានប្រសិទ្ធភាព។,,needs_adjudication,Nita,Reaksa,neutral,positive
202,pair2,នេះជាការអះអាងរបស់អ្នកនាំពាក្យក្រសួងអប់រំ។,neutral,agreed,Nita,Reaksa,neutral,neutral
203,pair2,ថ្លែងតាមកាមេរ៉ា លោក Bastrykin បាននិយាយថា ក្រុមអ្នកស៊ើបអង្កេតបានបង្កើតផ្លូវដែលរថយន្តនោះបានធ្វើដំណើរ និងបុគ្គលដែលពាក់ព័ន្ធនឹងចលនារបស់វា។,neutral,agreed,Nita,Reaksa,neutral,neutral
204,pair2,ជាចុងបញ្ចប់លោកយាយបានថ្លែងអំណរគុណចំពោះគម្រោងដែលបានជួយនិងគិតគូដល់ក្រុមគ្រួសាររបស់គាត់ឱ្យមានជីវភាពប្រសើរឡើងដូចថ្ងៃនេះហើយបានស្នើសុំឱ្យគម្រោងបន្តជួយនិងយកចិត្តទុកដាក់ចំពោះគ្រួសារដែលបានរងគ្រោះនិងងាយរងគ្រោះដទៃទៀតនៅក្នុងសហគមន៍របស់គាត់និងសហគមន៍ផ្សេងៗទៀតឱ្យមានភាពប្រសើរឡើងដូចជាគ្រួសាររបស់គាត់។,positive,agreed,Nita,Reaksa,positive,positive
205,pair2,នោះមានន័យថាការបង់រំលស់ប្រចាំខែរបស់ពួកគេនឹងខ្ពស់ជាងការរំពឹងទុក។,,needs_adjudication,Nita,Reaksa,negative,neutral
206,pair2,ចម្លើយសម្រាប់បញ្ហានេះមានលក្ខណៈសាមញ្ញគឺ: ផឹកទឹកឲ្យបានច្រើន - មនុស្សមួយចំនួន អាចយល់ឃើញថាទទួលទានភេសជ្ជៈណាមួយ ក៏ល្អដែរ រួចក៏ទិញភេសជ្ជៈដែលមានជាតិស្ករ និង កាហ្វេក្នុងចំនួនដ៏ច្រើន ដែលបញ្ហានេះអាចនឹងបង្កឲ្យមានគ្រោះថ្នាក់កាន់តែធ្ងន់ធ្ងរ ដោយវាបណ្តាលឲ្យកម្រិតជាតិស្ករក្នុងសសៃឈាមកើនខ្លាំង ប្រសិនបើទទួលទានច្រើននោះ។,,needs_adjudication,Nita,Reaksa,negative,neutral
207,pair2,លើការជាក់ស្តែងក្នុងការប្រកួតប្រជែងក្នុងការបោះឆ្នោតជាមួយសម្តេចតេជោ ហ៊ុន សែន គឺមួយជីវិតនយោបាយរហូតដល់អាយុ៧២ឆ្នាំទៅហើយ ប៉ុន្តែ សម រង្ស៊ី បានបរាជ័យជាដរាប បរាជ័យរហូតគ្មានបក្សឈរជើង និងរលាយរលត់ រត់ចោលស្រុកខ្មែរថែមទៀតផង។,,needs_adjudication,Nita,Reaksa,negative,positive
208,pair2,អាកាសធាតុមិនអំណោយផល បណ្តាលឱ្យមានកង្វះការផ្គត់ផ្គង់គ្រាប់ធញ្ញជាតិទៅកាន់ទីផ្សារផលិតស្រាបៀរ។,,needs_adjudication,Nita,Reaksa,neutral,negative
209,pair2,វាអាចនៅមានចំនួនតិចតួចបំផុត ហើយ ការទទួលទានចំនួន ៥ កែវ ឬ ច្រើនជាងនេះ អាចស្មើនិង កាហ្វេមានសារជាតិកាហ្វេអ៊ីនដែលទទួលទានរាល់ថ្ងៃចំនួន ១ កែវ។,neutral,agreed,Nita,Reaksa,neutral,neutral
210,pair2,ចំណូលដុលគឺជាតម្លៃទីផ្សារនៃផលិតផលទាំងអស់ដែលបានពីផលិតកម្មទាំងមូល,neutral,agreed,Nita,Reaksa,neutral,neutral
211,pair2,កាលនោះខ្ញុំនៅចាំបានថា យើងទាំងអស់គ្នាបានធ្វើដំណើរតាមក្រុមហ៊ុនទេសចរណ៍មួយក្នុងថ្ងៃបុណ្យអុំទូក ដែលមានអ្នកទៅលេងសរុបចំនួន២៥នាក់ មានទាំងក្មេងតូចរហូតដស់អ៊ំប្រុស អ៊ំស្រីចាស់ៗ។,neutral,agreed,Nita,Reaksa,neutral,neutral
212,pair2,សព្វថ្ងៃនេះ ណូរីនៅក្នុងកំពតដំណើរការលើផ្លូវដែកនៅតំបន់ជ្រលងដែលមានភ្នំព័ទ្ធជុំវិញហើយការកែប្រែដាក់ម៉ាស៊ីនម៉ូតូបានផ្តល់សក្តានុពលដឹកជញ្ជូនភ្ញៀវពេញវ័យពី ៦ ទៅ ៨ នាក់ ឡើងគយគន់ព្រៃព្រឹក្សាដំណាំបៃតងខ្ចីនារដូវវស្សា។,,needs_adjudication,Nita,Reaksa,neutral,positive
213,pair2,ត្រូវចងចាំក្នុងចិត្តថាក្មេងៗមានក្រពះតូចជាងមនុស្សុពេញវ័យ ប៉ុន្តែត្រូវការថាមពលខ្ពស់ជាងមនុស្សពេញវ័យ។,neutral,agreed,Nita,Reaksa,neutral,neutral
214,pair2,នៅគ្រាដែលភិក្ខុអង្គនោះមកដល់ ព្រះអង្គក៏សម្តែងមាតុបោសកសូត្រ៤ ពោលសរសើរគុណមាតាបិតា។,positive,agreed,Nita,Reaksa,positive,positive
215,pair2,ពេលរៀនចប់ យើងខ្វល់ខ្វាយពីការងារ ថាតើយើងអាចមានការងារ ឬការងារល្អ ដែលអាចជួយផ្គត់ផ្គង់គ្រួសារយើងឬទេ។,,needs_adjudication,Nita,Reaksa,negative,neutral
216,pair2,កសាងនិងធ្វើឱ្យប្រសើរឡើងនូវសម្ភារៈបរិក្ខារអប់រំ ដែលធ្វើឲ្យមានភាពប្រែប្រួលដល់កុមារ អ្នកបាត់បង់សមត្ថភាពពលកម្មនិងយែនឌ័រ និងផ្តល់នូវសុវត្ថិភាព គ្មានអំពើហិង្សា មានបរិស្ថាននៃការសិក្សាប្រកបដោយបរិយាបន្ននិងប្រសិទ្ធិភាពសម្រាប់ប្រជាជនគ្រប់រូប។,positive,agreed,Nita,Reaksa,positive,positive
217,pair2,រាជធានីភ្នំពេញ៖ សម្តេចតេជោ ហ៊ុន សែន នាយករដ្ឋមន្ត្រីនៃកម្ពុជា បានផ្តាំផ្ញើទៅអ្នកមិនព្រមស្ម័គ្រចិត្តរុះរើសចេញពីតំបន់អង្គរថា នៅពេលដែលដល់ពេលកំណត់ហើយ នៅតែមិនព្រមចេញ សម្តេច..មិនសុខចិត្តឱ្យអង្គរវត្តត្រូវគេដកចេញពីបេតិកភណ្ឌពិភពលោកទេ ច្បាស់ជាដកគ្រួសារទាំងនោះចេញហើយ...។,negative,agreed,Nita,Reaksa,negative,negative
218,pair2,ពួកយើងចំណាយពេលប្រហែល២០នាទី ទៅដល់កន្លែងអង្គុយរង់ចាំឡើងយន្តហោះអ៊ំស្រីអាវក្រហមនៅតែបន្តរអ៊ូដដែលថា ហ្អើយ! ថ្មើរនេះនៅហើយមិនទាន់មកដល់ទៀត សង្ស័យតែយន្តហោះចេញចោលណាស់។,negative,agreed,Nita,Reaksa,negative,negative
219,pair2,ចោរនោះធ្វើពុំកើតក៏ក្រាបទូលថា“ខ្ញុំព្រះបាទអម្ចាស់បានពីប្រពន្ធ”,neutral,agreed,Nita,Reaksa,neutral,neutral
220,pair2,គោលគំនិតនៃវីដេអូមួយនេះគឺចង់មានន័យអប់រំឲ្យមនុស្សម្នាក់ៗ ត្រូវគិតឲ្យបានច្បាស់លាស់មុននឹងធ្វើអ្វីមួយ។,,needs_adjudication,Nita,Reaksa,neutral,positive
221,pair2,ធ្លាប់តែមើលស្ទឹង បឹង ទន្លេ សមុទ្រ តស់! ទៅទស្សនាសម្រស់ស្ទឹងពពកម្តងវិញ ទេសភាពស្អាតអស្ចារ្យ ឈរលើភ្នំ មើលបណ្តុំពពកសក្បុស ពេលថ្ងៃរះ។,positive,agreed,Nita,Reaksa,positive,positive
222,pair2,កម្លាំងចិត្តប្រកួតប្រជែងរបស់អ្នក នឹងជួយជំរុញឲ្យអ្នកធ្វើអ្វីបានហួសពីដែនកំណត់។,positive,agreed,Nita,Reaksa,positive,positive
223,pair2,ចំណែកបណ្តឹងរបស់គណៈកម្មាធិការជាតិរៀបចំការបោះឆ្នោត(គជប) ដែលប្តឹង លោក សុន ឆ័យ ចៅក្រមជំនុំជម្រះ លោក ហម ម៉េងសែ សម្រេចផ្តន្ទាទោសនិងពិន័យជាប្រាក់ចំនួន៩ លានរៀល ចូលរដ្ឋ ក្រោមបទចោទប្រកាន់ «បរិហារកេរ្តិ៍ជាសាធារណៈ» ដូចគ្នា។,neutral,agreed,Nita,Reaksa,neutral,neutral
224,pair2,អេដមីន អួលដើមករ រលីងរលោងទឹកភ្នែក ដោយមិនដឹងខ្លួន…,negative,agreed,Nita,Reaksa,negative,negative
225,pair2,ខ្ញុំគិតថាខ្ញុំផ្តាសាយហើយ,,needs_adjudication,Nita,Reaksa,neutral,negative
226,pair2,លើសពីនេះ ភាគីទាំងពីរក៏បានពិភាក្សា និងផ្លាស់ប្តូរយោបល់លើប្រធានបទពាក់ព័ន្ធ រួមមាន វិស័យមីក្រូហិរញ្ញវត្ថុ ហិរញ្ញប្បទានសម្បទាននិងវឌ្ឍនភាព នៃកិច្ចសហប្រតិបត្តិការអភិវឌ្ឍន៍ រវាងប្រទេស ទាំងពីរផងដែរ ។,neutral,agreed,Nita,Reaksa,neutral,neutral
227,pair2,ជុំវិញការរិះគន់នេះវិទ្យុអាស៊ីសេរីមិនអាចសុំការឆ្លើយតបពីប្រធានតុលាការក្រុងភ្នំពេញលោកតាំង ស៊ុនឡាយ បានទេនៅថ្ងៃទី១៣ ខែតុលា។,,needs_adjudication,Nita,Reaksa,neutral,negative
228,pair2,នៅក្នុងលិខិតមួយផ្ញើទៅក្រុមហ៊ុន Netflix អាជ្ញាធរផ្សព្វផ្សាយ និងព័ត៌មានអេឡិចត្រូនិករបស់វៀតណាមបាននិយាយថា រឿងនេះបានបំពានច្បាប់របស់ប្រទេសប្រឆាំងនឹងការបំភ្លៃប្រវត្តិសាស្តរ បដិសេធសមិទ្ធផលបដិវត្តន៍ ធ្វើឱ្យប៉ះពាល់ដល់ប្រទេសជាតិ និងវីរបុរសរបស់ប្រទេស។,negative,agreed,Nita,Reaksa,negative,negative
229,pair2,កោះស្លាកែតស្ទូឌីយោ បានរៀបចំជាហាងកាហ្វេប៊្រេនដែលមានទីធ្លាធំទូលាយភ្ជាប់គ្នានឹងអាងហែលទឹកទំនើប និងមានផ្ទះលម្ហែសាងសង់បែបរចនាប័ទ្មខ្មែរផ្នែកខាងក្រៅ និងផ្នែកខាងក្នុងតែងជាលក្ខណៈទំនើបទាន់សម័យតាមបែបរចនាប័ទ្មបរទេសដូចជា ប្រទេសថៃ ជប៉ុន អាមេរិក និងឈីក (ម៉ូរ៉ុកកូ)។,,needs_adjudication,Nita,Reaksa,positive,neutral
230,pair2,ដោយឡែកសម្រាប់ បច្ចេកវិទ្យាមួយនេះគឺមិនអាចចាប់សញ្ញាដឹងទាំងអស់គ្រប់ស្ថានការណ៍គ្រោះថ្នាក់នោះទេ ជាក់ស្តែងក្នុងករណីនេះ គ្រាន់តែម្ចាស់ជិញរទេះភ្លើងហោះ Rollercoaster ក៏វាភ្ជាប់ទៅកាន់ 911 ដែរ។,,needs_adjudication,Nita,Reaksa,neutral,negative
231,pair2,អ្នកវិភាគ និងអ្នកឃ្លាំមើលអង្គការប្រេង OPEC+ ដូចជា UBS និង JP Morgan បានស្នើក្នុងប៉ុន្មានថ្ងៃថ្មីៗនេះថា ការកាត់បន្ថយប្រេងប្រហែលមួយលានបារ៉ែលក្នុងមួយថ្ងៃទំនងជាកើតឡើង ហើយអាចជួយឱ្យតម្លៃប្រេងធ្លាក់ចុះ។,,needs_adjudication,Nita,Reaksa,neutral,negative
232,pair2,"ជនជាប់ចោទទាំង៣៧នាក់ ក្នុងនោះមានលោក សម រង្ស៊ី, លោក អេង ឆៃអ៊ាង, លោក ឡុង រី, លោកស្រី មូរ សុខហួរ ព្រមទាំងសកម្មជនផ្សេងទៀត ដែលបច្ចុប្បន្ន អ្នកទាំងអស់នេះកំពុងនិរទេសខ្លួននៅក្រៅប្រទេស ខណៈជនជាប់ចោទដែលមានវត្តមានក្នុងបន្ទប់សវនាការ មានតែ៣នាក់ប៉ុណ្ណោះ។",,needs_adjudication,Nita,Reaksa,neutral,negative
233,pair2,ចំណែកឯការផ្តល់សម្បទានសម្រាប់គោលបំណងអភិវឌ្ឍន៍ ដែលអាចផ្តល់ការងារធ្វើកាន់តែច្រើន និងឱកាសផ្នែកហិរញ្ញវត្ថុដល់អ្នកស្រុក នៅក្នុងករណីមួយចំនួន បន្ទាប់ពីដើមឈើត្រូវបានកាប់ បំផ្លាញឈូសឆាយរួចហើយ គឺគ្មានការអភិវឌ្ឍនៅតំបន់នោះឡើយ។,,needs_adjudication,Nita,Reaksa,neutral,negative
234,pair2,តាមពិតកម្មវិធីភាសាដែលយើងបានសម្ពោធនៅមុនភាសាខ្មែរគឺភាសាឡាវដូចលោកមានប្រសាសន៍នៅពេលមុននេះ។,neutral,agreed,Nita,Reaksa,neutral,neutral
235,pair2,សហគ្រិនចិន ស្ថាបនិក Smile shop៖ ចង់ចាប់ផ្តើមរកស៊ីបច្ចេកវិទ្យា គួរចាប់ផ្តើមពីស្រុកខ្មែរទៅ,,needs_adjudication,Nita,Reaksa,neutral,positive
236,pair2,សូម្បីតែពេលយើងប្រដៅកូនក៏គួរស្រឡាញ់ដែរ ។,positive,agreed,Nita,Reaksa,positive,positive
237,pair2,រដ្ឋាភិបាលដឹកនាំដោយនាយករដ្ឋមន្ត្រី ហ៊ុន សែន បាននិងកំពុងបន្តបំពេញការងារជាមួយសហគមន៍អន្តរជាតិគ្រប់ទិសទីដោយ ស្មើមុខមាត់ស្មើសិទ្ធគ្នា ក្នុងនាមជារដ្ឋអធិបតេយ្យមួយ។,,needs_adjudication,Nita,Reaksa,positive,neutral
238,pair2,លោកប្រធានាធិបតីបារាំង Emmanuel Macron បានលើក ឡើងទៀតថា ការធ្វើពហិការការទូតបែបនេះគ្មានសារៈសំខាន់ និងសឹងតែគ្មាននិមិត្តរូបអ្វីនោះទេ។,negative,agreed,Nita,Reaksa,negative,negative
239,pair2,សម្តេចតេជា ហ៊ុន សែន បានសង្កត់ធ្ងន់ថា៖ «ក្រុមការងារបង្ករាបការលេងល្បែងស៊ីសងខុសច្បាប់គ្រប់ប្រភេទ ត្រូវធ្វើរបាយការណ៍អំពីលទ្ធផលការងារនេះជូន សម្តេចក្រឡាហោម ស ខេង ឧបនាយករដ្ឋមន្ត្រី រដ្ឋមន្ត្រីក្រសួងមហាផ្ទៃ ដើម្បីជ្រាប និងស្នើសុំមតិដឹកនាំបន្ត»។,neutral,agreed,Nita,Reaksa,neutral,neutral
240,pair2,ដោយលើកឡើងពីវិធីសាស្តរថ្មីដែលត្រូវបានបង្កើតឡើងដោយរដ្ឋាភិបាលអ៊ុយក្រែន ដើម្បីគណនាការខូចខាតនោះ លោក Strilets បានបញ្ជាក់ថា សង្គរាមរយៈពេល ៧ ខែនេះបានបណ្តាលឱ្យមានការបំភាយឧស្ម័នកាបូនឌីអុកស៊ីតចំនួន ៣១ លានតោន ស្មើនឹងបរិមាណដែលផលិតដោយប្រទេសនូវែលសេឡង់ជារៀងរាល់ឆ្នាំ។,,needs_adjudication,Nita,Reaksa,neutral,negative
241,pair2,ច្បាប់និងបញ្ញត្តិសំខាន់ៗទាំងឡាយត្រូវបានចាត់ថ្នាក់តាមលំដាប់លំដោយ។,neutral,agreed,Nita,Reaksa,neutral,neutral
242,pair2,អារម្មណ៍ផ្លូវចិត្តពិតជាពិបាកប៉ះប៉ូវណាស់,,needs_adjudication,Nita,Reaksa,negative,neutral
243,pair2,ជួនកាលការវាយតម្លៃទង្វើភាពក៏គួរតែបង្ហើយមុននឹងពួកគេទៅធ្វើការនៅគម្រោងផ្សេងទៀត,neutral,agreed,Nita,Reaksa,neutral,neutral
244,pair2,អូ កុំភ្លេចគិតដល់ការបាត់បង់កម្លាំងចិត្ត ដែលស្ថិតនៅចន្លោះអ្នក និងរូបរាងសមសួនដែលអ្នកប្រាថ្នា។,,needs_adjudication,Nita,Reaksa,negative,positive
245,pair2,ការធ្វើបញ្ជីនេះ ក៏មានន័យថាអ្នកមានផែនការយ៉ាងច្បាស់លាស់សម្រាប់របបអាហារប្រចាំថ្ងៃ និងសប្តាហ៍ទុកជាមុន។,neutral,agreed,Nita,Reaksa,neutral,neutral
246,pair2,ការព្រួយបារម្ភនេះ ចំពេលយន្តការបញ្ជរាបកូនរបស់ថ្នាក់ដឹកនាំឱ្យកាន់មុខតំណែងក្នុងក្រសួងសំខាន់ៗនៅតែបន្តកើតឡើង ក្រោយពីតុលាការកំពូលរំលាយគណបក្សប្រឆាំងធំមួយដែលមានអាសនៈក្នុងសភា និងឃុំ- សង្កាត់ ប្រហាក់ប្រហែលបក្សកាន់អំណាច ចេញពីទីលានប្រកួតនយោបាយ។,,needs_adjudication,Nita,Reaksa,negative,neutral
247,pair2,បង្កើតវេទិកាឌីជីថលចំនួន ៣ ដូចខាងក្រោម ដើម្បីរៀបចំប្រព័ន្ធអប់រំអេឡិចត្រូនិក៖,neutral,agreed,Nita,Reaksa,neutral,neutral
248,pair2,បានខ្ញុំនឹងរង់ចាំតែឥឡូវមកជួយសង់ប្រាសាទខ្សាច់ខ្ញុំសិនម៉ោ ខ្ញុំសង់ជិតហើយហើយក្មេងស្រីនិយាយព្រមទាំងចង្អុលទៅគំនរខ្សាច់និងកូនប្រាសាទតូចៗដែលខ្លួនបានសាងសង់,neutral,agreed,Nita,Reaksa,neutral,neutral
249,pair2,ក្រុមហ៊ុនល្អធ្វើឱ្យប្រវែងខ្លី,,needs_adjudication,Nita,Reaksa,neutral,positive
250,pair2,មិនថាជនជាតិឥណ្ឌា ម៉ាឡេស៊ី ឬចិននោះទេ ម្ហូបមួយចំនួនរបស់ពួកគេ គឺល្បីល្បាញពីធាតុផ្សំដែលផ្ទុកនូវអាហារូបត្ថម្ភជាច្រើន។,positive,agreed,Nita,Reaksa,positive,positive
251,pair2,ខ្ញុំស្គាល់អត្តសញ្ញាណខ្លួនឯង ខ្ញុំរស់នៅក្នុងសេចក្តីពិត សេចក្តីស្រឡាញ់ដែលមិនប្រួលប្រែ មានសេរីភាពពីចំណងទាំងឡាយនៅក្នុងជីវិត។,positive,agreed,Nita,Reaksa,positive,positive
252,pair2,"ទោះជាយ៉ាងនេះក្តី សម្តេចតេជោ បានថ្លែងថា សម្តេចមិនប្រកាន់ទោសអូសដំណើរជាមួយនឹងប្រជាពលរដ្ឋមីយ៉ាន់ម៉ានោះទេ ទោះបីជាសម្តេចបានសង្កេតឃើញថាមានការដុត, ជាន់ ឬគូសរូបថតរបស់សម្តេចក៏ដោយ។",,needs_adjudication,Nita,Reaksa,negative,neutral
253,pair2,បើដូច្នេះ បងសុភាទន្សាយអាណិតជួយដោះទុក្ខអស់បងប្អូនខ្ញុំ ឲ្យបានរួចពីភ័យម្តងនេះ នឹងបានល្បីកេរ្តិ៍ឈ្មោះតទៅ អស់យើងនឹងតបគុណបងសុភាទន្សាយឯង យើងមិនភ្លេចគុណដរាបដល់អស់ជីវិត ។,positive,agreed,Nita,Reaksa,positive,positive
254,pair2,តាមរយៈទង្វើទាំងឡាយរបស់ក្រុមប្រឆាំងដែលមានទណ្ឌិត សម រង្ស៊ី ជាអ្នកនយោបាយចាញ់ចាស់វស្សាជាអ្នកនាំមុខនេះ អ្នកវិភាគចៅចាក់ស្មុកអាចទាញសេចក្តីសន្និដ្ឋានមួយចំនួនដូចខាងក្រោម៖,,needs_adjudication,Nita,Reaksa,negative,neutral
255,pair2,ដើម្បីរក្សាទីក្រុងស្អាត និងអភិរក្សបរិស្ថានឲ្យកាន់តែស្រស់បំព្រងសម្រាប់ការរស់នៅប្រកបដោយផាសុកភាព សណ្ឋាគារ MHR បានធ្វើការជាមួយសហគមន៍មូលដ្ឋាន និងអាជ្ញាធរដើម្បីដាំដើមឈើបន្ថែមនៅក្នុងឧទ្យានជាតិអង្គរ និងផ្នែកខ្លះទៀតនៃខេត្តសៀមរាប។,,needs_adjudication,Nita,Reaksa,positive,neutral
256,pair2,ឋិតនៅចម្ងាយ៣៥៩គីឡូម៉ែត្រពីរាជធានីភ្នំពេញតាមផ្លូវជាតិលេខ៥ និងមានទីតាំងជាប់នឹងព្រំប្រទល់ខេត្តបាត់ដំបង ឧត្តរមានជ័យ សៀមរាប និងព្រំប្រទល់ថៃ ខេត្តបន្ទាយមានជ័យ កំពុងទទួលបានភ្ញៀវទេសចរយ៉ាងកុះករតាម រយៈកាស៊ីណូខ្នាតអន្តរជាតិមួយ ដែលកំពុងបើកឱ្យមានការចូលលេង កម្សាន្តទាំងយប់ទាំងថ្ងៃ។,,needs_adjudication,Nita,Reaksa,neutral,positive
257,pair2,ប្រទេសមួយចំនួនកំពុងរង់ចាំការចូលរួមក្នុងប្លុកនេះ ខណៈប្រទេសមួយទៀតគឺចក្រភពអង់គ្លេស ជាប្រទេសតែមួយគត់ដែលបានចាកចេញពីប្លុក។,neutral,agreed,Nita,Reaksa,neutral,neutral
258,pair2,ពួកគេត្រូវស្វែងរកដំណោះស្រាយ ពីព្រោះពួកគេមិនអាចបង្ខំខ្លួនឯងឱ្យចូលចិត្តប្រព័ន្ធនេះដូចដែលវាមាន។,negative,agreed,Nita,Reaksa,negative,negative
259,pair2,លោក អូស្ទីន បានបន្ថែមថា សហរដ្ឋអាម៉េរិកនឹងបន្តធ្វើការជាមួយសម្ព័ន្ធមិត្ត និងដៃគូរបស់ខ្លួន ដើម្បីធានាបាននូវឥណ្ឌូប៉ាស៊ីហ្វិកសេរី និងបើកចំហ។,,needs_adjudication,Nita,Reaksa,positive,neutral
260,pair2,បន្ទាប់មក ជីដូនបាននាំចៅមក មន្ទីរពេទ្យគន្ធបុប្ផាវិញនៅថ្ងៃទី១៨ ខែតុលា ឆ្នាំ២០២២ វេលាម៉ោង៨យប់ ស្ថិតក្នុងស្ថានភាពធ្ងន់ធ្ងរបំផុតដែលត្រូវសង្គ្រោះបន្ទាន់ (Cardio-Respiratory Failure)។,negative,agreed,Nita,Reaksa,negative,negative
261,pair2,"លោកបាននិយាយថា នោះអាចប៉ះពាល់ដល់ផលិតភាព និងការនាំចេញ ហើយមានសក្តានុពល "" ធ្លាក់ចុះ "" ផលប៉ះពាល់លើបញ្ហាដូចជា ចំណាត់ថ្នាក់ឥណទានរបស់ប្រទេស និងសូម្បីតែស្ថិរភាពនយោបាយ។",negative,agreed,Nita,Reaksa,negative,negative
262,pair2,ភ្នំពេញ ធំឡើងជាមួយម្តាយមេម៉ាយ និងបងប្អូន ៧ នាក់នៅក្នុងបន្ទប់ជួលក្នុងទីក្រុងភ្នំពេញ សីម៉ា [ឈ្មោះអ្នកនិពន្ធដាក់ឱ្យ] មានដំណើរជីវិតមិនងាយស្រួលនោះទេ។,,needs_adjudication,Nita,Reaksa,negative,neutral
263,pair2,អាមេរិកយកប្រទេសអ៊ុយក្រែនធ្វើជាកន្លែងសាកល្បងអាវុធរបស់ខ្លួនឯងជាមួយប្រទេសរុស្ស៊ី។,negative,agreed,Nita,Reaksa,negative,negative
264,pair2,នៅក្នុងរាជធានី គោលដៅទាំង២ដែលបង្ក្រាបគ្រឿងញៀនបានធ្វើនៅចំណុច សួនច្បារមាត់ទន្លេ មុខវាំងលើផ្លូវព្រះស៊ីសុវត្ថិ ស្ថិតក្នុងសង្កាត់ជ័យជំនះ ខណ្ឌដូនពេញ និងគោលដៅទី២ នៅចំណុច ខុនដូឃ្វីន ផ្លូវលេខ៣០៨ ស្ថិតក្នុងភូមិ៥ សង្កាត់ទន្លេបាសាក់ នៃខណ្ឌចំការមន។,neutral,agreed,Nita,Reaksa,neutral,neutral
265,pair2,ការប្រើប្រាស់ភាសា គឺជាបញ្ហាប្រឈមដ៏ធំមួយដែលជនជាតិដើមភាគតិចបានជួបប្រទះក្នុងការសិក្សារបស់ពួកគេ។,negative,agreed,Nita,Reaksa,negative,negative
266,pair2,យោងតាមក្រសួងបានឱ្យដឹងថា កម្រិតវិទ្យុសកម្មនៅទីតាំងរោងចក្រហ្សាផូរីហ្សា ដែលជារោងចក្រថាមពលនុយក្លេអ៊ែរដ៏ធំបំផុតរបស់អឺរ៉ុប នៅតែមានលក្ខណៈធម្មតានៅឡើយ។,neutral,agreed,Nita,Reaksa,neutral,neutral
267,pair2,ឆាប់ខឹង(ចំពោះបុរស)៖ ជំងឺធ្លាក់ទឹកចិត្តអាចប៉ះពាល់ដល់ភេទខុសៗគ្នា។,negative,agreed,Nita,Reaksa,negative,negative
268,pair2,(រាជធានីភ្នំពេញ)៖ គណៈកម្មាធិការជាតិគ្រប់គ្រងគ្រោះមហន្តរាយ បានជំរុញឱ្យអាជ្ញាធរបណ្តាខេត្តជាប់បឹងទន្លេសាបទាំងអស់ ពិសេសខេត្តសៀមរាប និងខេត្តកំពង់ធំ ឱ្យចុះសិក្សាលទ្ធភាពផ្តល់ពូជស្រូវជូនកសិករដែលរងគ្រោះដោយទឹកជំនន់ធ្ងន់ធ្ងរ ដើម្បីអាចស្តារជីវភាពឡើងវិញទាន់ពេលវេលា។,neutral,agreed,Nita,Reaksa,neutral,neutral
269,pair2,អ្នកនាង គិនកេសា បានថ្លែងថា៖ «ក្នុងឆ្នាំ ២០២២ នេះយើងអាចនឹងឃើញសកម្មភាពជួលបន្តលូតលាស់បន្ថែមទៀត ក៏ប៉ុន្តែដោយសារមានគម្រោងថ្មីៗជាច្រើនដែលគ្រោងនឹងបើកក្នុងឆ្នាំនេះផងដែរ ដូច្នេះទីផ្សារកន្លែងជួលលក់រាយអាចនឹងមានការប្រកួតប្រជែងកាន់តែខ្លាំងលើតម្លៃជួល និងលក្ខខណ្ឌអនុគ្រោះនានា»។,neutral,agreed,Nita,Reaksa,neutral,neutral
270,pair2,ផលប៉ះពាល់សង្គមដោយសារឧក្រិដ្ឋកម្មឆ្លងដែនរបស់ជនជាតិចិននៅខេត្តព្រះសីហនុ,,needs_adjudication,Nita,Reaksa,neutral,negative
271,pair2,ជាមួយគ្នានេះ ហុងកុងក៏អាចរងគំរាមកំហែង ដោយវិបត្តិនយោបាយ ដែលកើតចេញមកពីការបិទខ្ទប់សេចក្តីស្រេកឃ្លាន លទ្ធិប្រជាធិបតេយ្យ របស់ប្រជាជន។,,needs_adjudication,Nita,Reaksa,neutral,negative
272,pair2,ទឹកជំនន់ ជំងឺសារវាស្គាល់អាធ្លាក់រដូវភ្លៀងមកម្តង ២ដង វាចាប់ផ្តើមជួនកាលទៅវាស៊ីប៉ះថ្នាំពុលណាបង ក្របីនេះដល់ពេលជំងឺប៉ះថ្នាំពុលហើមតែពោះធម្មតា ប៉ះណាទៅឈឺប្រកាច់យកតែម្តង»។,negative,agreed,Nita,Reaksa,negative,negative
273,pair2,នៅក្នុងវីដេអូខ្លីមួយដែលម្ចាស់ពានរង្វាន់បានផលិតឡើង និងចាក់ផ្សាយនៅក្នុងឱកាសនោះ គេបានរំលេចយ៉ាងច្បាស់នូវវីរភាពនិងការលះបង់ដ៏ធំធេងរបស់តេជោ ហ៊ុន សែន ដើម្បីស្វែងរកសន្តិភាពជូនប្រទេសជាតិ និងប្រជាជនរបស់ខ្លួន បន្ទាប់ពីភ្លើងសង្គរាម និងរបបប្រល័យពូជសាសន៍បានឆក់យកជីវិត ពលរដ្ឋខ្មែរអស់ជាច្រើនលាននាក់។,,needs_adjudication,Nita,Reaksa,negative,positive
274,pair2,លើសពីនោះ លោកសង្ឃឹមថា ហ្វីលីពីននឹងក្លាយជាប្រទេសមួយដែលរួមចំណែកដល់ខិតខំប្រឹងប្រែង ដើម្បីស្វែងរកសន្តិភាពផងដែរ។,positive,agreed,Nita,Reaksa,positive,positive
275,pair2,អ្នកស្រាវជ្រាវបានចាត់ទុកកូដដែលមាននៅក្នុងកម្មវិធី TikTok គឺវាស្មើនឹងការលួចដំឡើងកម្មវិធី keylogger ទៅក្នុងកម្មវិធីគេហទំព័រមួយចំនួន ដែលជនខិលខូចតែងតែប្រើដើម្បីលួចទាញយកទិន្នន័យរបស់អ្នកប្រើប្រាស់។,negative,agreed,Nita,Reaksa,negative,negative
276,pair2,លើសពីនេះ ក៏ជាឱកាសផ្សព្វផ្សាយពីប្រធានបទរបស់កីឡាអាស៊ី ដែលផ្តោតសំខាន់ «កីឡាដើម្បីទាំងអស់គ្នា»។,neutral,agreed,Nita,Reaksa,neutral,neutral
277,pair2,សាលារដ្ឋភាគច្រើនត្រូវបានគេមើលឃើញថានៅតំបន់ជនបទ។,neutral,agreed,Nita,Reaksa,neutral,neutral
278,pair2,រកឃើញហើយត្រូវយកស្ត្រីនោះទៅសែនព្រេនក្នុងផ្ទះអ្នកជំងឺដើម្បីសុំខមាលទោស ទើបមេបាព្រមលើកលែងឲ្យអ្នកជំងឺនោះជាសះស្បើយវិញ។,,needs_adjudication,Nita,Reaksa,neutral,positive
279,pair2,បើព្រៃឈើត្រូវបានការពារ ប្រព័ន្ធអេកូឡូស៊ីក៏នឹងដំណើរការបានល្អ ដែលអាចផ្តល់នូវអត្ថប្រយោជន៍ជាច្រើនដែលរួមមាន៖,positive,agreed,Nita,Reaksa,positive,positive
280,pair2,ក្នុងករណីបែបនេះថិរវេលាសម្រាប់សកម្មភាពត្រូវបានប៉ាន់ប្រមាណដោយរូបមន្ត,neutral,agreed,Nita,Reaksa,neutral,neutral
281,pair2,ជម្ងឺមិនឆ្លងត្រូវបានគេស្គាល់ថាជាជំងឺរ៉ាំរ៉ៃឬជំងឺធ្ងន់ធ្ងរ។,,needs_adjudication,Nita,Reaksa,negative,neutral
282,pair2,ធម្មជាតិជាដើមឈើគឺល្អបែបនេះឯង ពួកគេប្រឹងប្រែង ដុះ ប្រឹងប្រែងរស់ តាមធម្មជាតិរបស់ពួកគេ រស់ដោយមិនបៀតបៀនគ្នា កេងប្រវ័ញ្ចគ្មា សម្លាប់គ្នាដើម្បីប្រយោជន៍ខ្លួន រស់តាមលទ្ធភាព ការតស៊ូរបស់ពួកគេ ដើម្បីសំរបតាម ធម្មជាតិ បើទោះជាមានការប្រែប្រួល ជាបន្តបន្ទាប់យ៉ាងណាក៏ដោយ,positive,agreed,Nita,Reaksa,positive,positive
283,pair2,ខ្ញុំចង់ទៅលាងចាននិងធ្វើការរៀបចំ,neutral,agreed,Nita,Reaksa,neutral,neutral
284,pair2,តាមគំនូសក្រាភិចបញ្ជាក់អំពីកំណើននិងការធ្លាក់ចុះនៃសេដ្ឋកិច្ចតាមឆ្នាំនីមួយៗ,neutral,agreed,Nita,Reaksa,neutral,neutral
285,pair2,ភ្នំពេញ ក្រុមហ៊ុន DBD Engineering Plc ដែលចុះបញ្ជីនៅផ្សារកំណើននៃផ្សារមូលបត្រកម្ពុជា (CSX) និងជា ក្រុមហ៊ុនវិស្វកម្មពហុបំណង និងសំណង់ក្នុងស្រុកបានរាយការណ៍ពីការធ្លាក់ចុះប្រាក់ចំណូលក្នុងត្រីមាសទី ១ ឆ្នាំនេះ ដោយសារតែការធ្លាក់ចុះនៃសកម្មភាពនៅក្នុងទីផ្សារសំណង់ និងអចលនទ្រព្យ។,neutral,agreed,Nita,Reaksa,neutral,neutral
286,pair2,ខ្ញុំគិតដូច្នេះដែរហើយខ្ញុំក៏សង្ឃឹមដូច្នេះដែរ,,needs_adjudication,Nita,Reaksa,positive,neutral
287,pair2,បន្ថែមពីនេះ ករណីជំងឺផ្លូវចិត្តធ្ងន់ធ្ងរខ្លាំង ដោយមិនទទួលបានសេវាព្យាបាលទាន់ពេលវេលា នោះអាចបណ្តាលឲ្យយុវវ័យធ្វើអត្តឃាត ដូចជាការប្រើថ្នាំលេប ចងក ឬលោតសម្លាប់ខ្លួនពីលើស្ពានជាដើម។,negative,agreed,Nita,Reaksa,negative,negative
288,pair2,តើអ្នកមានដែលបានពិចារណាខ្លះ ឬទេថា ខ្លួន អ្នកក៏នឹងមានសភាពដូចគ្នានេះដែរ អ្នកមិនអាចគេចផុតពីភាពទន់ខ្សោយ ទ្រុឌទ្រោមដោយជរា ហើយអ្នកមិនអាចជៀស ឬគេចវេះបានឡើយ៕,,needs_adjudication,Nita,Reaksa,negative,neutral
289,pair2,នាយថ្មើរព្រៃនោះក៏បានចូលទៅគាល់ព្រះរាជាទូលព្រះរាជឱង្ការថា បពិត្រព្រះសម្មតិទេព! ទូលព្រះបង្គំបានឃើញស្តេចដំរីសស្អាត មានសីលាចារ គួរជាព្រះទីនាំងរបស់ព្រះអង្គបានក្រាបទូល! សូមព្រះអង្គ ទ្រង់ត្រាស់បញ្ជាឲ្យនាយហ្មដំរីទៅជាមួយទូលព្រះបង្គំៗ នឹងបង្ហាញផ្លូវក្រាបទូល។,,needs_adjudication,Nita,Reaksa,positive,neutral
290,pair2,ចំណែកភ្នំពេញក្រោន បើកទ្វារកីឡដ្ឋានរបស់ខ្លួនទទួលក្រុម វិសាខា នៅវគ្គពាក់កណ្តាលផ្តាច់ព្រ័ត្រដូចគ្នាថ្ងៃនេះដែរ វេលាម៉ោង៦:៣០នាទីល្ងាច។,neutral,agreed,Nita,Reaksa,neutral,neutral
291,pair2,បុគ្គលម្នាក់ហ្នឹងគាត់គ្មានសមត្ថភាពដូចបងស្រី ទើបគាត់ចេះតែរកកំហុសនេះកំហុសនោះ ទាំងដែរខ្លួនឯងមិនច្បាស់,negative,agreed,Nita,Reaksa,negative,negative
292,pair2,ក្រៅពីងូតទឹកលេងកម្សាន្ត នៅទីនេះក៏មានអាហារឈ្ងុយឆ្ងាញ់ បូករួមនឹងបរិយាកាសស្ងប់ស្ងាត់បែបធម្មជាតិ ដែលនាំឲ្យដំណើរកម្សាន្តលោកអ្នកមិនខកបំណងទេ៕,positive,agreed,Nita,Reaksa,positive,positive
293,pair2,ករណីភាគច្រើន គឺក្រុមអ្នកសាងសង់មិនមានបច្ចេកវិទ្យាទំនើប ហើយផ្លូវថ្នល់ជាញឹកញាប់ត្រូវបានសាងសង់ដោយក្រុមកម្មករមិនមានវិជ្ជាជីវៈ និងខ្វះការត្រួតពិនិត្យណែនាំ។,,needs_adjudication,Nita,Reaksa,neutral,negative
294,pair2,លោក Helleputte ថ្លែងថា៖ «នៅ Danone យើងជឿជាក់ថាធនធានដ៏មានតម្លៃបំផុតដែលក្រុមហ៊ុនមាននោះ គឺធនធានមនុស្សរបស់យើង។,positive,agreed,Nita,Reaksa,positive,positive
295,pair2,កាលអ្នកធ្វើស្តេចអង្គុយលើទីដ៏សមគួរមួយហើយ ខាងស្រីគេអោយស្រីម្នាក់ដើរចូលទៅ ខ្សឹបនឹងស្តេចថា ខ្លួនស្រលាញ់ឈ្មោះណាមួយ ឧបមាថាឈ្មោះ ក រឺ ខ ខ្សឹបហើយគេថយទៅអង្គុយ រឺមកឈរនៅកន្លែងដើមវិញ។,neutral,agreed,Nita,Reaksa,neutral,neutral
296,pair2,ការរលំរលាយនៃគណបក្សបំផ្លាញជាតិមួយនេះ និងការរឹបអូស ទីស្នាក់ការបក្សដើម្បីជាសំណងរដ្ឋប្បវេណី ដែលអតីតមេបក្សនេះបានប្រព្រឹត្ត គឺជាសារ មួយយ៉ាងច្បាស់លាស់ទៅកាន់មេគណបក្ស ឧទ្ទាម ក៏ដូចជាទៅកាន់កូនចៅរបស់ក្រុមឧទ្ទាមទាំងឡាយថា ជីវិតនយោបាយរបស់អ្នកនយោបាយបម្រើបរទេស និងបំផ្លាញជាតិខ្លួនឯងមានវាសនាមិនខុសគ្នាឡើយ។,negative,agreed,Nita,Reaksa,negative,negative
297,pair2,ជាមួយទេសភាពភ្នំអមសងខាងជាអំណោយផលពីធម្មជាតិស្រាប់ ភោជនីយដ្ឋានឋានសួគ៌ធម្មជាតិភ្នំវល្លិ បានប្រើប្រាស់រទេះលើផ្លូវអយស្ម័យយាន ដើម្បីដឹកភ្ញៀវទេសចរ គន់មើលទេសភាពចម្ការដំណាំ កសិដ្ឋានចិញ្ចឹមសត្វ និងទេសភាពព្រៃភ្នំ។,positive,agreed,Nita,Reaksa,positive,positive
298,pair2,មន្ត្រីជាន់ខ្ពស់អាមេនីម្នាក់បានបញ្ជាក់ថា៖បទឈប់បាញ់មួយត្រូវបានព្រមព្រៀងរវាងភាគីទាំងពីរកាលពីល្ងាចថ្ងៃពុធ។,,needs_adjudication,Nita,Reaksa,neutral,positive
299,pair2,ទាំងភោជនីយដ្ឋាន និងណូរី ត្រូវបានសាងសង់រួចហើយតាំងពីឆ្នាំ ២០២១ ដោយផ្តើមទទួលភ្ញៀវជាក្រុមឯកជនសម្រាប់តែការកក់ទុកមុន។,neutral,agreed,Nita,Reaksa,neutral,neutral
300,pair2,បើយើងមិនបានស្រលាញ់ខ្លួនឯងគ្រប់គ្រាន់ មិនបានយកចិត្តនឹងខ្លួនឯងគ្រប់គ្រាន់ មិនបានស្មោះត្រង់ចំពោះខ្លួនឯង ភាពហត់នឿយចំពោះការធ្វើរឿងអស់ទាំងនេះចំពោះអ្នកដទៃវានឹងឆាប់កើតឡើង។,negative,agreed,Nita,Reaksa,negative,negative
301,pair2,នាឱកាសនោះ ឯកឧត្តម ស៊ុន ចាន់ថុល បានឱ្យដឹងថា ស្ថានភាពទូទៅនៃកំណាត់ផ្លូវជាតិលេខ៣ កំពត-វាលរេញ ដែលមានប្រវែង៥៤គីឡូម៉ែត្រ ក្នុងនោះ៣៤គីឡូម៉ែត្រ មានសភាពល្អប្រសើរ និង២០គីឡូម៉ែត្រទៀតតែងតែខូចខាតជាប្រចាំ។,,needs_adjudication,Nita,Reaksa,neutral,positive
302,pair2,មាត្រា ៦៨ នៃរដ្ឋធម្មនុញ្ញនៃប្រទេសកម្ពុជាបានចែងថា រដ្ឋាភិបាលត្រូវផ្តល់ការអប់រំកម្រិតបឋម និងមធ្យមសិក្សាដោយឥតគិតថ្លៃដល់ប្រជាពលរដ្ឋទាំងអស់ហើយម្នាក់ៗត្រូវបន្តការសិក្សាជាមូលដ្ឋានយ៉ាងហោចណាស់ឲ្យបានរយៈពេល ៩ ឆ្នាំ។,neutral,agreed,Nita,Reaksa,neutral,neutral
303,pair2,ខ្ញុំគ្រោងសរសេរពាក្យបណ្តឹងទៅក្រុមប្រឹក្សាធម្មនុញ្ញដើម្បីឲ្យបដិសេធចំណារលោកហេងសំរិននិងសុំឲ្យក្រុមប្រឹក្សាធម្មនុញ្ញបកស្រាយពីមាត្រា៩៦ថាតើប្រធានសភាមានសិទ្ធិបដិសេធលិខិតតំណាងរាស្ត្រដោយមិនបញ្ជូនទៅអ៊ីចឹងដែរឬ?,,needs_adjudication,Nita,Reaksa,neutral,negative
304,pair2,តាមយោបល់ខ្ញុំសង្គ្រាមរវាងរុស្ស៊ី និងអ៊ុយក្រែន ប្រហែលគ្មានអ្នកឈ្នះ គ្មានអ្នកចាញ់ទេ ។,neutral,agreed,Nita,Reaksa,neutral,neutral
305,pair2,"ឧទាហរណ៍ បុគ្គលិកសាលា និងនគរបាល អាចត្រូវធ្វើការកែប្រែ ដើម្បីជួយសិស្ស បើវាមានចែងនៅក្នុងផែនការអប់រំតម្រូវតាមស្ថានភាពបុគ្គល (IEP, Individualized Education Plan) ឬផែនការ 504 របស់សិស្សនេះ ឬបើពួកគេដឹងថា សិស្សនោះជាជនមានពិការភាពជាប់ខ្លួន ។",neutral,agreed,Nita,Reaksa,neutral,neutral
306,pair2,គ្រប់យ៉ាងក្នុងលោកនេះមិនទៀងទាត់ទេ ដូច្នេះយើងមិនគួរប្រញាប់វិនិច្ឆ័យខ្លួនឯង និងអ្នកដទៃនោះឡើយ។,positive,agreed,Nita,Reaksa,positive,positive
307,pair2,ការថែរក្សាសុខភាពរាង្គកាយ និងផ្លូវចិត្ត គឺជារឿងសំខាន់បំផុតអាចការពារវីរុស COVID-19,positive,agreed,Nita,Reaksa,positive,positive
308,pair2,គូសបញ្ជាក់ផងដែរថា សម្តេចបានបញ្ជាក់សាជាថ្មី ចំពោះអ្នករកស៊ីទាំងឡាយដែលការបង្កប់នូវល្បែងដោយខុសច្បាប់ត្រូវដកចេញជាបន្ទាន់ បើមិនដូច្នោះនឹងរងនូវទណ្ឌកម្មដោយបិទមិនឱ្យប្រកបអាជីវកម្មបន្តទៅទៀតទេ៕,,needs_adjudication,Nita,Reaksa,neutral,negative
309,pair2,ប្រាក់សោធនសម្រាប់បុគ្គល ស្ថិតក្រោមច្បាប់ស្តីពីការងារចាប់ផ្តើមអនុវត្តពីខែនេះហើយ,neutral,agreed,Nita,Reaksa,neutral,neutral
310,pair2,សហរដ្ឋអាម៉េរិកបានប្តេជ្ញាពង្រឹងការសម្របសម្រួលជាមួយកូរ៉េខាងត្បូង ដើម្បីបន្តពង្រាយ និងអនុវត្តជាយុទ្ធសាស្តរនៅក្នុងតំបន់ឱ្យបានទាន់ពេលវេលា និងប្រកបដោយប្រសិទ្ធភាព ដើម្បីរារាំង និងឆ្លើយតបចំពោះកូរ៉េខាងជើង និងពង្រឹងសន្តិសុខក្នុងតំបន់។,neutral,agreed,Nita,Reaksa,neutral,neutral
311,pair2,សាលានីមួយៗគួរណាស់តែពង្រឹងការអប់រំ និងក្រើនរំលឹកដល់សិស្សនិស្សិតពីចង្វាក់រាំប្រពៃណីខ្មែរទាំងអស់ឡើងវិញ ដើម្បីជៀសវាងយុវជនយើងខ្លះសប្បាយភ្លេចខ្លួននឹងវប្បធម៌បរទេសភ្លេចអស់នូវវប្បធម៌ខ្មែរយើង។,,needs_adjudication,Nita,Reaksa,neutral,positive
312,pair2,ឯកឧត្តមសង្ឃឹមថា ឯកសារកម្មវិធីថ្មី ប្រចាំប្រទេស ២០២៤-២០២៨ រវាងរាជរដ្ឋាភិបាលកម្ពុជា និង UNDP នឹងជួយកម្ពុជាសម្រេចបាន គោលដៅនេះ។,,needs_adjudication,Nita,Reaksa,positive,neutral
313,pair2,មិនបានប៉ុន្មានម៉ោងផង កូនទៅបាត់ចោលប៉ាម៉ាក់ អូនអ៊ីង មិនគួរណាពេទ្យ គុន្ធបុផ្ផា ធ្វើឱ្យកូនទៅជាយ៉ាងនេះសោះ។,negative,agreed,Nita,Reaksa,negative,negative
314,pair2,"ចាប់តាំងពីជំងឺរាតត្បាតចាប់ផ្តើមមក អង្គការសុខភាពពិភពលោកបានបង្ហាញថា ចំនួនករណីសរុបមានរហូតទៅដល់ជាង ៦០៥ លានករណី ហើយ ៦,៤ លាននាក់បានស្លាប់។",,needs_adjudication,Nita,Reaksa,neutral,negative
315,pair2,ទិដ្ឋភាពនៃការវាយប្រហារដោយមីស៊ីលកាលពីថ្ងៃទី ៦ ខែកញ្ញាបានបង្កឱ្យមានប្រហោងដែលបែកខ្ទេចខ្ទី និងកម្ទេចកម្ទីថ្មបាក់បែកនៃផ្ទះល្វែងកម្ពស់ប្រាំជាន់ ហើយគេបានឃើញអ្នកពន្លត់អគ្គីភ័យនាំឪពុកនិងកូនចុះពីលើជណ្តើរហើយនិងព្យាយាមជួយបុរសចំណាស់ម្នាក់ដែលជាប់នៅក្រោមគំនរបាក់បែក។,,needs_adjudication,Nita,Reaksa,neutral,negative
316,pair2,ទោះយ៉ាងណា ស្ថាបនិកគុនខ្មែរអលស្តារ បានបោះសម្តីថា សូមកុំទាន់សន្និដ្ឋាន..ត្រូវរង់ចាំមើលសិន...។,neutral,agreed,Nita,Reaksa,neutral,neutral
317,pair2,គណបក្សពលករដែលកំពុងកាន់អំណាចរបស់កូរ៉េខាងជើងបានសម្រេចចិត្តធ្វើសមយុទ្ធនេះជាការឆ្លើយតបដែលមិនអាចជៀសបាន ចំពោះការចល័តទ័ពជើងទឹកអាម៉េរិក និងកូរ៉េខាងត្បូងក្នុងទ្រង់ទ្រាយធំ រួមទាំងនាវាផ្ទុកយន្តហោះ និងនាវាមុជទឹកដើរដោយថាមពលនុយក្លេអ៊ែរ។,,needs_adjudication,Nita,Reaksa,neutral,negative
318,pair2,មុននឹងមើលថាមនុស្សម្នាក់នោះជាជាតិសាសន៍ណា កាន់សាសនាអ្វី សម្បុរស ឬក៏ខ្មៅ អាចទេមើលគាត់ គោរពគាត់ក្នុងនាមយើងជាមនុស្សដូចគ្នាមុនសិន,,needs_adjudication,Nita,Reaksa,positive,neutral
319,pair2,គូសបញ្ជាក់ផងដែរថា សម្រាប់វិស័យកសិកម្មនាពេលបច្ចុប្បន្ននេះ ប្រទេសជាច្រើនក្នុងតំបន់អ៊ឺរ៉ុប និងអាស៊ី បានប្រើប្រាស់អាកាសយានគ្មានមនុស្សបើក ដើម្បីបាញ់ថ្នាំសម្លាប់សត្វល្អិតដំណាំ ថតពិនិត្យផលដំណាំ។,neutral,agreed,Nita,Reaksa,neutral,neutral
320,pair2,ការលើកឡើងរបស់លោក ហ៊ុន សែន ធ្វើឡើងក្នុងពិធីចែកសញ្ញាបត្រដល់និស្សិតនៃវិទ្យាស្ថានវ៉ាន់ដា ដែលមានចំនួន ៣ ៨៦៦ នាក់ កាលពីថ្ងៃទី ៣ ខែតុលា ឆ្នាំ ២០២២។,neutral,agreed,Nita,Reaksa,neutral,neutral
321,pair2,តែពេលនេះ អ្នកស្រីឱ្យដឹងថា៖ ធួររាល់ថ្ងៃសម្រាប់ឆ្នាំ ២០២២ នេះ នៅមានមកខ្លះៗ ១ ខែ អ៊ីចឹងមានភ្ញៀវប្រហែល ៣-៤ ធួរអី អ៊ីចឹងគេនៅចាប់អារម្មណ៍។,,needs_adjudication,Nita,Reaksa,neutral,positive
322,pair2,យើងមិនចូលចិត្តលទ្ធផលមិនល្អដែលកើតឡើងទេ តែយើងចូលចិត្តណាស់ធ្វើរឿងមិនល្អឲ្យលទ្ធផលនោះកើតឡើង។,negative,agreed,Nita,Reaksa,negative,negative
323,pair2,ក្រុមហ៊ុន Nord Stream 2 AG ដែលប្រតិបត្តិករនៃបំពង់បង្ហូរឧស្ម័នមានមូលដ្ឋាននៅប្រទេសស្វីសបានបំភ្លឺកាលពីថ្ងៃអង្គារទី ៤ ខែតុលាថា ខ្លួននឹងពិនិត្យមើលស្ថានភាពនៃបំពង់បង្ហូរឧស្ម័នដែលលេចធ្លាយម្តងទៀត ដោយប៉ូលីសនឹងស៊ើបអង្កេតនៅកន្លែងហេតុផ្ទាល់តែម្តង។,neutral,agreed,Nita,Reaksa,neutral,neutral
324,pair2,ការសិក្សាជាកាតព្វកិច្ចគឺប្រាំមួយឆ្នាំនៅសាលាបឋមសិក្សានិងបីឆ្នាំនៅអនុវិទ្យាល័យ,neutral,agreed,Nita,Reaksa,neutral,neutral
325,pair2,ក្នុងនោះកង្វះទុនរបស់ពលរដ្ឋ ជាមូលហេតុចម្បងមួយ។,,needs_adjudication,Nita,Reaksa,neutral,negative
326,pair2,(ខេត្តព្រះវិហារ)៖ ខេត្តព្រះវិហារ បានប្រកាសសម្រេចផ្អាកចរាចរណ៍បណ្តោះអាសន្នរថយន្តគ្រប់ប្រភេទ លើកំណាត់ផ្លូវជាតិលេខ៩២ ចាប់ពីចំណុចគីឡូម៉ែត្រលេខ១០០ ដល់គីឡូម៉ែត្រលេខ១០១ ដោយសារស្ថានភាពគ្រោះទឹកជំនន់ទឹកភ្លៀងបានបន្តឡើង រហូតកម្រិតប្រកាសអាសន្ន។,,needs_adjudication,Nita,Reaksa,neutral,negative
327,pair2,ប៉ុន្តែឥឡូវនេះគឺផ្ទុយស្រឡះហើយបង...,,needs_adjudication,Nita,Reaksa,negative,neutral
328,pair2,យោងតាមទីភ្នាក់ងារគ្រោះមហន្តរាយបានឱ្យដឹងថា គ្រួសារសរុបជាង ២០០០០០ នៅក្នុងខេត្តចំនួន ៥៤ បានរងគ្រោះដោយសារទឹកជំនន់ក្នុងរយៈពេល ១០ ថ្ងៃរហូតដល់ថ្ងៃសៅរ៍។,,needs_adjudication,Nita,Reaksa,neutral,negative
329,pair2,លោក ពូទីន បានចុះហត្ថលេខាលើច្បាប់នៃការបញ្ចូលទឹកដីអ៊ុយក្រែនចំនួន ៤ រួមទាំងទីក្រុងលូហាន ខណៈដែលសហភាពអឺរ៉ុបបានព្រមព្រៀងលើការដាក់ទណ្ឌកម្មថ្មីប្រឆាំងនឹងទីក្រុងម៉ូស្គូជាការឆ្លើយតប។,neutral,agreed,Nita,Reaksa,neutral,neutral
330,pair2,ក្រសួងធនធានទឹក និងឧតុនិយម បានអំពាវនាវឱ្យក្រសួង ស្ថាប័នពាក់ព័ន្ធ អាជ្ញាធរដែនដី និងសាធារណជនទទួលជ្រាបជាព័ត៌មាន និងបង្កើនការប្រុងប្រយ័ត្នខ្ពស់៕,,needs_adjudication,Nita,Reaksa,neutral,negative
331,pair2,យ៉ាងណាមិញ គោលនយោបាយភូមិឃុំមានសុវត្ថិភាព មានន័យថាភូមិឃុំគ្មានប្រព្រឹត្តល្បែងស៊ីសង ក៏ប៉ុន្តែឥឡូវនេះសម្តេចបានសង្កេតឃើញថា ភូមិឃុំរបស់យើងកំពុងមានល្បែងស៊ីសង បនល្បែង។,neutral,agreed,Nita,Reaksa,neutral,neutral
332,pair2,ដូចខ្ញុំមើលឃើញ ការអប់រំនឹងផ្តោតលើជំនាញ និងទេពកោសល្យ។,,needs_adjudication,Nita,Reaksa,neutral,positive
333,pair2,បើតាមលោក ហ៊ុន សែន លោកក៏នឹងមិនប្តឹងឧទ្ធរណ៍បន្តទៀតឡើយ ខណៈលោកចាត់ទុកករណីនេះជាជោគជ័យមួយសម្រាប់លោក ក្នុងការតតាំងក្តីនៅតុលាការបារាំងជាមួយអតីតមេបក្សប្រឆាំងលោក សម រង្ស៊ី ហើយថាសេចក្តីសម្រេចរបស់តុលាការបារាំងថ្មីៗនេះបានជម្រះមន្ទិលសង្ស័យផ្សេងៗ ពាក់ព័ន្ធការស្លាប់របស់លោក ហុក ឡងឌី តាមឧទ្ធម្ភាគចក្រកាលពីឆ្នាំ ២០០៨៕,neutral,agreed,Nita,Reaksa,neutral,neutral
334,pair2,"ពេលខ្លះរយៈពេលនៃទំនាក់ទំនង និងភាពជិតស្និទ្ធ បានបំផ្លាញការគោរព ព្រោះតែយើងយល់ច្រលំថា ""ការស៊ាំ"" ជា ""ភាពជិតស្និទ"" តែការពិតពីរពាក្យនេះគឺខុសគ្នា។",,needs_adjudication,Nita,Reaksa,negative,neutral
335,pair2,ជំងឺកូវីដ៖ បារាំងអន់ចិត្តនឹងអង់គ្លេសដែលចេញបញ្ជាឲ្យចាប់ក្រុង រាល់អ្នកធ្វើដំណើរពី បារាំង,negative,agreed,Nita,Reaksa,negative,negative
336,pair2,តួលេខរបស់កម្មវិធីអភិវឌ្ឍន៍អង្គការសហប្រជាជាតិ (UNDP) បង្ហាញពីភាពខុសគ្នាដ៏ធំមួយ នៅពេលដែលសង្គមទាំងមូលត្រូវបានគេយកមកពិចារណា។,neutral,agreed,Nita,Reaksa,neutral,neutral
337,pair2,ស្ថានភាពបច្ចុប្បន្ននិងការផ្តល់អនុសាសន៍សម្រាប់កែលម្អត្រូវបានបង្ហាញឡើងតាមរយៈDigital Twin ដែលជាក្រាហ្វិចតំណាងឱ្យសរីរាង្គដែលមានភាពមិនប្រក្រតីលើរាងកាយយើង។,,needs_adjudication,Nita,Reaksa,negative,positive
338,pair2,ក្រៅពីស្តារថាមពលឡើងវិញ ខាងក្រោមនេះ ជាអត្ថប្រយោជន៍ជាច្រើននៃការគេង ដែលជួយធ្វើឲ្យរាង្គកាយរបស់យើងមានកម្លាំងឡើងវិញ។,positive,agreed,Nita,Reaksa,positive,positive
339,pair2,ជុំវិញបញ្ហារនេះដែរ ភ្នាក់ងារកាសែតកោះសន្តិភាពប្រចាំខេត្តកណ្តាល ទំនាក់ទំនងទៅលោកវរសេនីយ៍ឯក ព្រុំ សំណាង អធិការនគរបាលស្រុកកៀនស្វាយ តែទូរស័ព្ទចូលគ្មានអ្នកទទួល ។,neutral,agreed,Nita,Reaksa,neutral,neutral
340,pair2,មេធារីរូបនេះ ប្តេជ្ញាថា ក៏នឹងជំរុញទៅលោកប្រធានាធិបតី ចូ បៃឌិន (Joe Biden) មិនឱ្យជួបផ្ទាល់ជាមួយលោក ហ៊ុន សែន ជាលក្ខណៈទ្វេភាគីនៅឯកិច្ចប្រជុំកំពូលអាស៊ាន (ASEAN) នាពេលខាងមុខនេះទេ។,neutral,agreed,Nita,Reaksa,neutral,neutral
341,pair2,លោក ស ខេង កាលពីខែសីហា ឆ្នាំ២០២២ បានបញ្ចប់មុខតំណែងមន្ត្រីនៅក្រសួងនេះ ថ្នាក់អនុរដ្ឋលេខាធិការ ក្រោយពីរកឃើញថា មន្ត្រីនោះមានជាប់ពាក់ព័ន្ធនឹងអំពើពុករលួយ ដើរសន្យាលក់ក្របខណ្ឌនគរបាលជាតិ ក្នុងតម្លៃចន្លោះពី១ម៉ឺន ទៅ២ម៉ឺនដុល្លារ។,,needs_adjudication,Nita,Reaksa,neutral,negative
342,pair2,ព្រះតេជព្រះគុណបន្ថែមថា កូនចៅសង់ចេតិយទុកនេះ លុះត្រាតែឪពុកម្តាយ ចាស់ជរា ឬឈឺធ្ងន់ក្នុងដំណាក់កាលចុងក្រោយ។,neutral,agreed,Nita,Reaksa,neutral,neutral
343,pair2,ខ្ញុំមានអារម្មណ៍ថាមានការឈឺចាប់ពើតខ្មួល,negative,agreed,Nita,Reaksa,negative,negative
344,pair2,រីករាយថ្ងៃកំណើតក្មួយស្រីដែលពូកែខាងសម្តី ប៉ិនកូរ ប៉ិនលួង និងពូកែញិកញ៉ក់យកចិត្ត,positive,agreed,Nita,Reaksa,positive,positive
345,pair2,ខណ:ពេលខ្លះទម្ងន់នៃរឿងមិនល្អដែលចូលមកប៉ះអារម្មណ៍អ្នកផ្ទួនៗ ហើយធ្ងន់ធ្ងរពេក អ្នកក៏ពិបាកនឹងគេចវេស ហើយសម្រួលអារម្មណ៍អោយមកប្រក្រតីវិញបានដោយងាយឡើយ,negative,agreed,Nita,Reaksa,negative,negative
346,pair2,ខ្ញុំកក់សំបុត្រពីឡូអាន់ជីលែសទៅតូក្យូ,neutral,agreed,Nita,Reaksa,neutral,neutral
347,pair2,នៅឆ្នាំ២០១៣ ឧស្សាហកម្មកាត់ដេរសម្លៀកបំពាក់ផ្តល់ការងារប្រមាណជា ៨.១៨ភាគរយ នៃការងារសរុប។,,needs_adjudication,Nita,Reaksa,neutral,positive
348,pair2,ជាងនេះទៅទៀត សាខាកំបូលក៏បានបំពាក់នូវអេក្រង់ LED នៅខាងមុខសាខា សម្រាប់ឲ្យអតិថិជនដែលធ្វើដំណើរឆ្លងកាត់តាមផ្លូវជាតិលេខ៤ អាចមើលវីដេអូដែលរៀបរាប់លម្អិតអំពីផលិតផល និងសេវាកម្មរបស់ធនាគារផងដែរ។,,needs_adjudication,Nita,Reaksa,neutral,positive
349,pair2,ខ្ញុំគិតថាខ្ញុំនឹងរួចរាល់ឆាប់ៗតាមដែលយន្តហោះនេះបានចតចេញពីភាពចលាចលនេះ,neutral,agreed,Nita,Reaksa,neutral,neutral
350,pair2,ខណៈប្តីទៅហូបកាហ្វេ១កែវសោះ បែរជា មិនមកផ្ទះ តាំងពីព្រឹកដល់ល្ងាច ព្រោះរវល់វក់វី និងការផ្សងសំណាង ។,negative,agreed,Nita,Reaksa,negative,negative
351,pair2,"មន្ត្រីរូបនេះបានបញ្ជាក់ទៀតថា៖ ""ជំនួយយោធាទាំងអស់នេះគឺដើម្បីជួយធានាថាប្រទេសអ៊ុយក្រែនទទួលបានជោគជ័យនៅក្នុងការប្រយុទ្ធតបតទៅវិញ [ប្រឆាំងនឹងរុស្ស៊ី] ""។",,needs_adjudication,Nita,Reaksa,neutral,positive
352,pair2,ឃើញផ្ទះមួយប្រហាក់ប្រហែល តែមិនដឹងថាត្រូវរឺអត់ទេ គឺនៅជិត សាលាឃុំអូសណ្តាន់ ហើយផ្លូវចូលមានតូបលក់ពីរបី និងមានផ្លាកគណបក្សកម្ពុជា ដោយឃើញមាន ចំការចេកណាំវ៉ាតឿក្បែផ្ទះ បើយើងទៅពីភ្នំពេញគឺនៅខាងស្តាំដៃ។,neutral,agreed,Nita,Reaksa,neutral,neutral
353,pair2,ស្វាយចន្ទី គឺជាដំណាំមួយប្រភេទមានសារៈសំខាន់ណាស់ ដែលជាផ្នែកមួយជួយដល់សេដ្ឋកិច្ចប្រជាពលរដ្ឋរស់នៅទីជនបទ។,positive,agreed,Nita,Reaksa,positive,positive
354,pair2,"ពញាជ័យ និងពញាសួស្តិ៍, កាលបានដំណឹងនេះហើយ, ក៏នាំបងប្អូនបេះត្រសក់ និង នាំល្បែងមហោស្រព ទៅថ្វាយព្រះរាជា ជារឿយៗ។",neutral,agreed,Nita,Reaksa,neutral,neutral
355,pair2,មន្ត្រីក្រុងសេអ៊ូលបានបញ្ជាក់ថា កូរ៉េខាងជើងបានហោះហើរយន្តហោះចម្បាំងចំនួន ១២ គ្រឿងនៅជិតព្រំដែនជាមួយកូរ៉េខាងត្បូងកាលពីថ្ងៃព្រហស្បតិ៍ទី៦ ខែតុលា ដោយបានជំរុញឱ្យកូរ៉េខាងត្បូងបញ្ចេញយន្តហោះចម្បាំងចំនួន ៣០ ជាការឆ្លើយតប។,neutral,agreed,Nita,Reaksa,neutral,neutral
356,pair2,សម្តេចបញ្ជាក់ថា ៖ដរាបណាអ្នកឯងប្រកាសរំសាយចោលនូវនយោបាយមានឯងអត់អញ្ញ ហើយធ្វើការសុំទោសថ្លែងជូនប្រជាពលរដ្ឋចាប់ពីពេលនេះតទៅខ្ញុំនឹងបញ្ឈប់នូវនយោបាយផ្ដួលរលំរដ្ឋាភិបាល»។,neutral,agreed,Nita,Reaksa,neutral,neutral
357,pair2,អ្នកវិភាគនយោបាយ លោក សេង សារី លើកឡើងថា ការធ្វើទុក្ខបុកម្នេញទៅលើមេដឹកនាំនិងសកម្មជនរបស់គណបក្សប្រឆាំងនៅមូលដ្ឋាន មិនមែនជារឿងថ្មីទេ នៅក្នុងនយោបាយកម្ពុជា។,neutral,agreed,Nita,Reaksa,neutral,neutral
358,pair2,ការហ៊ាននិយាយចេញមកអំពីរឿងនេះ លុះត្រាតែគេមានការឈឺចាប់ខ្លាំង ហើយមិនអាចបន្តអត់ធ្មត់ទៀតបាន។,negative,agreed,Nita,Reaksa,negative,negative
359,pair2,កុំជឿលើអារម្មណ៍ទាំងស្រុងពេកប្អូនស្រី ព្រោះពេលខ្លះអារម្មណ៍ បានដឹកនាំបេះដូង ដោយមិនបានឆ្លងកាត់ប្រឹក្សាពីបញ្ញានោះទេ។,,needs_adjudication,Nita,Reaksa,negative,neutral
360,pair2,ឆ្នាំរោង៖ (ធាតុមាស ពង្សទេវតាប្រុស) រាសីរបស់អស់លោកអ្នកដែលកើតឆ្នាំរោង ថ្ងៃនេះ មធ្យម ។,neutral,agreed,Nita,Reaksa,neutral,neutral
361,pair2,(ភ្នំពេញ)៖ កម្មវិធី OCA Fun Run នៅតំបន់ជ្រោយចង្វា (ជុំវិញសណ្ឋាគារសុខារ៉េស៊ីដង់) ដោយមានអ្នកចូលរួមរត់កម្សាន្តប្រមាណ ១ពាន់នាក់ នៅព្រឹកថ្ងៃទី០២ ខែតុលានេះ បានរៀបចំដើម្បីអបអរសាទរមហាសន្និបាត OCA លើកទី៤១ នៅកម្ពុជាផង និងដំណើរឆ្ពោះទៅព្រឹត្តិការណ៍ 19th Asian Games Hangzhou 2022 នៅប្រទេសចិនផង។,,needs_adjudication,Nita,Reaksa,neutral,positive
362,pair2,នេះបើតាមរបាយការណ៍សង្ខេបចុងក្រោយរបស់ CIVICUS ចេញផ្សាយនៅក្នុងសប្តាហ៍នេះ។,neutral,agreed,Nita,Reaksa,neutral,neutral
363,pair2,៤ម៉ោងកន្លងផុតទៅប៊ីក៏ផុតគ្រោះថ្នាក់តែត្រូវសម្រាកនៅពេទ្យសិនយើងទាំងអស់គ្នាសប្បាយចិត្តណាស់ពេលឮថាប៊ីគ្មានអ្វីធ្ងន់ធ្ងរ,positive,agreed,Nita,Reaksa,positive,positive
364,pair2,ភ្នំពេញ៖ របាយការណ៍របស់សហព័ន្ធស្រូវអង្ករកម្ពុជា បានបង្ហាញថា នៅរយៈពេល៩ខែ ឆ្នាំ២០២២នេះ កម្ពុជាបាននាំចេញស្រូវ និងអង្ករទទួលចំណូលជិត ៨៥០លានដុល្លារ។,,needs_adjudication,Nita,Reaksa,neutral,positive
365,pair2,កំពុងតែរីករាយសុខៗក៏ស្រាប់តែទុក្ខរត់ចូលមកវាយទន្ទរានយកសុបិនដ៏ស្រស់បំព្រងឱ្យលង់ទៅក្នុងភាពច្របូកច្របល់ បង់ស្មារតីទប់ទល់លែងបាន។,negative,agreed,Nita,Reaksa,negative,negative
366,pair2,ក្រោយពីបែកបាក់ជាមួយប្តីមក អ្នកស្រីបានចាក់មួកលក់តាមអនឡាញជាមួយកូនស្រីច្បងរហូតដល់បច្ចុប្បន្ន។,neutral,agreed,Nita,Reaksa,neutral,neutral
367,pair2,"លើសពីនេះ អ្នកក៍ត្រូវចេះបកស្រាយ យ៉ាងណាឲ្យឃើញថា អត្ថបទរបស់អ្នក មានផលប្រយាជន៍ ដល់អ្នកអាន ដល់ជាតិខ្មែរ ជាពិសេសជា មោទនភាពរបស់កូនខ្មែរ គឺនៅត្រង់ គ្រប់ប្រភេទអត្ថបទ ជាអក្សរខ្មែរ កាន់តែសំបូរបែប ជាពិសេសលើ បណ្តាញអ៊ីនធ័រណិត សំរាប់ការកំសាន្ត, ការរកមើលព័ត៌មាន, ការសិក្សា, និងការស្រាវជ្រាវ របស់មនុស្សទូទៅ ។",positive,agreed,Nita,Reaksa,positive,positive
368,pair2,សម្រាប់ប្រជាជាតិខ្មែរដែលបានហែលឆ្លងកាត់សង្គ្រាមស៊ីវិលដ៏អាក្រក់ រហូតធ្លាក់ក្នុងវាលពិឃាត តើមានពលរដ្ឋខ្មែរណាម្នាក់ដែលប្រាថ្នាចង់ឃើញសង្គរាមវិលវិញជាថ្មី?,,needs_adjudication,Nita,Reaksa,negative,neutral
369,pair2,ប្រសិនបើសមត្ថកិច្ចរកឃើញថា សហជីពទ្រទ្រង់សិទ្ធិការងារ បុគ្គលិកកម្មករខ្មែរនៃក្រុមហ៊ុនណាហ្គា វើលដ៍ ដឹកនាំដោយឈ្មោះ ឈឹម ស៊ីថរ ទទួលថវិកាមិនស្របច្បាប់ មកធ្វើបាតុកម្មមិនស្របច្បាប់នេះ អាចនឹងត្រូវប្រឈមមុខច្បាប់ធ្ងន់ធ្ងរ ព្រោះវាជាការទទួលហិរញ្ញប្បទាន ខុសច្បាប់មកធ្វើសកម្មភាពប្រឆាំងនឹងកម្ពុជា។,,needs_adjudication,Nita,Reaksa,neutral,negative
370,pair2,លោកស្រី ឌឺលីម៉ា ត្រូវបានឃុំខ្លួនតាំងពីឆ្នាំ ២០១៧ ហើយកំពុងប្រឈមមុខនឹងការកាត់ទោសពីបទប្រើប្រាស់គ្រឿងញៀន។,,needs_adjudication,Nita,Reaksa,neutral,negative
371,pair2,ចំណុចខ្លាំងសម្រាប់ទីផ្សារទីមួយភាពយន្តបុរាណគឺផលិតកម្មធ្វើឡើងជារឿងបុរាណពិតៗនិងប្លែកគេព្រមទាំងចូលរួមពីតារាដែលចេះក្បាច់គុនដូចជាលោកសេនប៊ុនថេនលោកសុខដែនលោកពេជ្រសុផាន់លោកធន់សុភាលោកអូតភូថងនិងលោកសេងសុខចាន់ជាដើម។,,needs_adjudication,Nita,Reaksa,positive,neutral
372,pair2,តាមម្នាក់ក្នុងចំណោមនោះ បានបង្ហើបថា ផ្ទះលោក ហង្ស ឈា មានបន្ទប់ពិសេស១ នោះគឺសំដៅលើបន្ទប់កម្សាន្តផ្ទាល់ខ្លួន(Entertainment Room) របស់ ហង្ស ឈា ថាកសាងឡើងស្ទើរនឹងបាររាត្រីមួយ ដែលបំពាក់ទៅដោយសម្ភារៈ ឧបករណ៍បំពងសំឡេងទំនើបៗ។,neutral,agreed,Nita,Reaksa,neutral,neutral
373,pair2,ទោះយ៉ាងណា លោក ភុំ វិមល នាយខណ្ឌរដ្ឋបាលជលផលខេត្តពោធិ៍សាត់ ជាខេត្ត ១ ក្នុងចំណោមខេត្តចំនួន ៦ ដែលនៅជាប់បឹងទន្លេសាបបានថ្លែងថា វិស័យជលផលនាពេលបច្ចុប្បន្ននេះ មានភាពល្អប្រសើរ បើនិយាយពីត្រីវិញ គឺសម្បូរគ្រប់ប្រភេទមានទាំង ត្រីឆ្លាំង ត្រីកែស និងត្រីរៀល ជាដើម។,,needs_adjudication,Nita,Reaksa,neutral,positive
374,pair2,លោក ចារិត ហ្គិនស័រ៖ ខ្ញុំគិតថារដ្ឋាភិបាលកម្ពុជានៅមិនទាន់យល់ច្បាស់នៅឡើយពីសារដែលថាភាពរួចទោសពៃរ៍ ឬនិទ្ទណ្ឌភាពរបស់រដ្ឋាភិបាលនេះ នឹងមិនត្រូវបានអត់ឱនឱ្យជាដាច់ខាត។,negative,agreed,Nita,Reaksa,negative,negative
375,pair2,ប័ណ្ណបញ្ជាក់អះអាងនេះមិនពេញលេញទេ,negative,agreed,Nita,Reaksa,negative,negative
376,pair2,ការមើលទូរទស្សន៍ ឬទូរស័ព្ទច្រើនពេកក៏នឹងនាំឱ្យមានរបៀបរស់នៅមិនស្ងប់ មានបញ្ហានៃការមើល និងកាត់បន្ថយសមត្ថភាពនៃការគិត ៕,negative,agreed,Nita,Reaksa,negative,negative
377,pair2,ចំណុចដៅចំនួន ១៧ កំពុងត្រូវបានលើកឡើងដោយផ្នែកៗតែប៉ុណ្ណោះ។,,needs_adjudication,Nita,Reaksa,negative,neutral
378,pair2,"ការផ្ទុះក៏ត្រូវបានគេរាយការណ៍ផងដែរនៅក្នុង ទីក្រុង Lviv, Ternopil និង Zhytomyr នៅភាគខាងលិចអ៊ុយក្រែន និងនៅ ទីក្រុង Dnipro នៅកណ្តាលអ៊ុយក្រែន។",neutral,agreed,Nita,Reaksa,neutral,neutral
379,pair2,ទាក់ទងនឹងរឿងនេះ មន្ត្រីសមាគមសិទ្ធិមនុស្ស អាដហុក លោក យី សុខសាន្ត ដែលបានចូលរួមសង្កេត សវនាការនេះ យល់ឃើញថា ចៅក្រមបានសួរដេញដោលអំពីបញ្ហាផ្ទាល់ខ្លួនរបស់ លោក វឿង សំណាង ច្រើនជាង សួរសំណួរដាក់បន្ទុកទៅលើសំណុំរឿងដែលបានចោទប្រកាន់។,neutral,agreed,Nita,Reaksa,neutral,neutral
380,pair2,អភិបាលក្រុងកៀវ លោក Vitali Klitschko បាននិយាយនៅលើប្រព័ន្ធផ្សព្វផ្សាយសង្គមថា ការផ្ទុះជាច្រើននៅក្នុងសង្កាត់ Shevchenkivskyi ដែលស្ថិតនៅកណ្តាលរដ្ឋធានី។,neutral,agreed,Nita,Reaksa,neutral,neutral
381,pair2,ក្រុមហ៊ុនត្រូវបានបង្កើតឡើងនៅឆ្នាំ២០១៣ដោយលោក។,neutral,agreed,Nita,Reaksa,neutral,neutral
382,pair2,របាយការណ៍ដដែលបង្ហាញថា យុវវ័យម្នាក់ក្នុងចំណោម ៧នាក់ នៅទូទាំងសកលលោក ត្រូវបានគេរកឃើញថា កំពុងរស់នៅជាមួយវិបត្តិផ្លូវចិត្ត។,,needs_adjudication,Nita,Reaksa,neutral,negative
383,pair2,ចិនបានដាក់ចេញនូវច្បាប់ហាមប្រាមលើការលក់បារីអេឡិចត្រូនិកដែលមានរសជាតិផ្លែឈើ ខណៈប្រទេសនេះរឹតបន្តឹងលើផលិតផលដែលកំពុងពេញនិយមកាន់តែខ្លាំងឡើងពីសំណាក់អ្នកប្រើវ័យក្មេង។,neutral,agreed,Nita,Reaksa,neutral,neutral
384,pair2,មន្ត្រីពន្ធនាគារបានដឹកសកម្មជនគណបក្សប្រឆាំងតែ ៣នាក់ ឱ្យចូលរួមនៅក្នុងសវនាការជំនុំជម្រះទៅលើបទចោទ រួមគំនិតក្បត់ និងញុះញង់ ប្រឆាំងទៅនឹងសកម្មជនគណបក្សប្រឆាំងសរុប៣៩នាក់ នាព្រឹកថ្ងៃទី១៣ ខែតុលា។,,needs_adjudication,Nita,Reaksa,neutral,negative
385,pair2,គ្រូពេទ្យជំនាញសុខភាពឲ្យដឹងថា កុមារនិងយុវវ័យដែលមានជំងឺផ្លូវចិត្ត អាចពិបាកសំរាប់ឪពុកម្តាយឬអាណាព្យាបាល ក្នុងការកំណត់ឬទទួលស្គាល់ថា កូនៗរបស់ខ្លួនមានវិបត្តិផ្លូវចិត្ត។,,needs_adjudication,Nita,Reaksa,neutral,negative
386,pair2,គ្រប់យ៉ាងដែលខ្ញុំសរសេរនៅទីនេះ គ្រាន់តែជាបទពិសោធជីវិតដែលខ្ញុំបាន និង កំពុងតែឆ្លងកាត់ យ៉ាងវីវក់ ជាមួយនឹងគេនឹងឯង ហើយខ្ញុំយកអ្វីដែលខ្ញុំជួបផ្ទាល់ភាគច្រើន ដើម្បីស្រាយចម្ងល់ខាងលើ។,,needs_adjudication,Nita,Reaksa,negative,neutral
387,pair2,នេះហើយជាការទូតទន់ភ្លន់និងឈ្លាសវៃមួយរបស់កម្ពុជានៅដើមឆ្នាំ២០២២។,positive,agreed,Nita,Reaksa,positive,positive
388,pair2,កូនស្រីរបស់គាត់មិនសូវយល់សេចក្តីប៉ុន្មានទេ ។,negative,agreed,Nita,Reaksa,negative,negative
389,pair2,ទោះជាយ៉ាងណាក៏ដោយ បន្ទាប់ពីខ្ញុំបានភ្ញាក់ដឹងខ្លួន ពីការចាក់ថ្នាំសន្លប់ ខ្ញុំក៏បានឮសម្លេងភរិយាខ្ញុំនិយាយថា ពិតជាអស្ចារ្យណាស់ បងសម្លាញ់ ។,positive,agreed,Nita,Reaksa,positive,positive
390,pair2,ប្រទេសរុស្ស៊ី កំពុងបញ្ចុះបញ្ចូលឱ្យមានការបោះឆ្នោតជាសម្ងាត់ជំនួសឱ្យការបោះឆ្នោតជាសាធារណៈ ស្របពេលដែលមហាសន្និបាតអង្គការសហប្រជាជាតិដែលមានសមាជិកចំនួន ១៩៣ ប្រទេស កំពុងពិចារណាថាតើត្រូវថ្កោលទោសចំណាត់ការរបស់ទីក្រុងម៉ូស្គូក្រោយការធ្វើប្រជាមតិកាត់បញ្ចូលតំបន់អ៊ុយក្រែនចំនួន ៤ ជាទឹកដីរុស្ស៊ី ឬក៏យ៉ាងណា។,neutral,agreed,Nita,Reaksa,neutral,neutral
391,pair2,បុគ្គលគ្រាប់ល្ពៅនេះនិយាយ អោយតែបានៗ តាមពិតកំសាកញី ប្រឹងដើម្បីតែឆ្នាំងបាយតាំងតែពីដើមមកម្លេះមនុស្សប្រភេទនេះទោសស្លាប់ក៏មិនសារភាពកំហុសដែរ,negative,agreed,Nita,Reaksa,negative,negative
392,pair2,នៅពេលសួរថាតើទីក្រុងមូស្គូនឹងឆ្លើយតបដែរឬទេ ប្រសិនបើគេរកឃើញថាទីក្រុងកៀវនៅពីក្រោយឧប្បត្តិហេតុនោះ លោកបានឆ្លើយថា នឹងមានការឆ្លើយតប។,neutral,agreed,Nita,Reaksa,neutral,neutral
393,pair2,ឆ្នាំ១៧៧៩គាត់បានបោះផ្សាយស្នាដៃរបស់ខ្លួនដែលមានចំណងជើងថា“ការពិសោធន៍ទៅលើរុក្ខជាតិ”,neutral,agreed,Nita,Reaksa,neutral,neutral
394,pair2,បច្ចុប្បន្ននេះពិភពលោកកំពុងតែមានក្តីកង្វល់ជាខ្លាំងចំពោះការប្រែប្រួលអាកាសធាតុរបស់ផែនដីដែលកាន់តែមានកម្តៅកើនឡើងខ្ពស់ជាលំដាប់ជារៀងរាល់ឆ្នាំខុសប្លែកពីប្រក្រតីដែលនឹងបណ្តាលឲ្យមានវិបត្តិធ្ងន់ធ្ងរដល់ជីវិតអមនុស្សសត្វប្រសិនបើមិនមានវិធានការដោះស្រាយឆាប់រហ័សទេនោះ។,negative,agreed,Nita,Reaksa,negative,negative
395,pair2,យោងទៅតាមក្រសួងអប់រំ សាលាអនុវិទ្យាល័យចំនួន ១៤១ នៅក្នុងខេត្តចំនួន ៨ ផ្សេងគ្នាត្រូវបានបំពាក់ដោយបន្ទប់កុំព្យូទ័រ។,neutral,agreed,Nita,Reaksa,neutral,neutral
396,pair2,ការអង្កេតថ្មីមួយបង្ហាញថាជិត៨០ភាគរយនៃក្រុមហ៊ុនជប៉ុនស្នាក់ការធំៗដែលកំពុងមានវត្តមាននៅកម្ពុជាគ្រោងវិនិយោគបន្ថែមនៅឆ្នាំនេះនិងពីរទៅបីឆ្នាំបន្ទាប់។,neutral,agreed,Nita,Reaksa,neutral,neutral
397,pair2,យុវជន កាក់ សុវណ្ណច្ឆ័យ ត្រូវបានចៅក្រមសាលាដំបូងរាជធានីភ្នំពេញ ចោទប្រកាន់ពីបទ ញុះញង់បង្កឱ្យមានភាពវឹកវរធ្ងន់ធ្ងរដល់សន្តិសុខសង្គម និងបទប្រមាថចំពោះអ្នករាជការសាធារណៈ។,,needs_adjudication,Nita,Reaksa,neutral,negative
398,pair2,ទោះជាយ៉ាងណាក៏ដោយ ឥឡូវនេះរុស្ស៊ីកាន់កាប់ប្រហែលមួយភាគប្រាំនៃទឹកដីអ៊ុយក្រែនទាំងអស់ រួមទាំងទីក្រុង Zaporizhzhia និង ខេត្ត Kherson ភាគអាគ្នេយ៍ បន្ថែមពីលើតំបន់គ្រីមៀ (Crimea) ដែលទីក្រុងមូស្គូបានរឹបអូសក្នុងឆ្នាំ ២០១៤ ហើយចាត់ទុកជាផ្នែកមួយនៃប្រទេសរុស្ស៊ី។,,needs_adjudication,Nita,Reaksa,neutral,negative
399,pair2,លោកស្រុកមង្គលបូរី បញ្ជាក់ថា ស្រុករបសើលោក មាន១៣ឃុំ ស្មើ៨៧ភូមិ ដែលរងផលប៉ះពាល់ដោយទឹកជំនន់លិចផ្លូវ និងហូរកាត់មានចំនួន១៨៧ខ្សែប្រវែង១២៣០១៤ម៉ែត្រ មានផ្លូវខ្លះត្រូវបានទឹកហូរកាត់ដាច់មិនអាចឆ្លងកាត់បាន ដែលអាជ្ញាធរធ្វើស្ពានឱ្យប្រជាពលរដ្ឋឆ្លងកាត់៕,,needs_adjudication,Nita,Reaksa,neutral,negative
400,pair2,ក្រុមហ៊ុនចម្រាញ់ប្រេងមានបរិមាណប្រហែល ៧ លានតោនដែលនៅសេសសល់បន្ទាប់ពីការនាំចេញនៅចុងខែកញ្ញា។,neutral,agreed,Nita,Reaksa,neutral,neutral
401,pair3,នេះបើតាមការបញ្ជាក់ពី លោក ផាន សុផាណ្ណារ៉ា ប្រធានការិយាល័យក្សេត្រសាស្តរ នៃមន្ទីរកសិកម្ម រុក្ខាប្រមាញ់ និងនេសាទខេត្តប៉ៃលិន ថ្លែងប្រាប់ អង្គភាពសារព័ត៌មាន SBM News កាលពីថ្ងៃទី០៦ ខែតុលា ឆ្នាំ២០២២ ៕,neutral,agreed,Seth,Krisna,neutral,neutral
402,pair3,លោកថ្លែងប្រាប់វីអូអេថា៖ «យើងឃើញមានសាក្សី ៥ នាក់ផ្សេងទៀតដែរ ដែលឆ្លើយ ហើយក្នុងហ្នឹងក៏ឃើញអ្នកស្រី ចក់ សុភាព ដែរ ដែលសួរពាក់ព័ន្ធហ្នឹងខាងផ្នែកហិរញ្ញវត្ថុនៃមជ្ឈមណ្ឌលសិទ្ធិមនុស្សកម្ពុជា ដែលអ្នកស្រីធ្វើការជាមួយឯកឧត្តម កឹម សុខា»។,neutral,agreed,Seth,Krisna,neutral,neutral
403,pair3,គេច្បូតសក់ចេញពីមុខ សម្លឹងខ្ញុំជាប់ ទាំងញញឹមតិចៗ។,positive,agreed,Seth,Krisna,positive,positive
404,pair3,គ្រប់គ្រងលំហូរទឹក ស្រូបយកកាបូនឌីអុកស៊ីត និងកាត់បន្ថយផលប៉ះពាល់អវិជ្ជមាននៃទឹកជំនន់ និងគ្រោះរាំងស្ងួត និងការពារដីចម្រោះ។,positive,agreed,Seth,Krisna,positive,positive
405,pair3,ភាពមិនលំអៀង និងឯករាជ្យគឺជាគោលការណ៍ជាមូលដ្ឋាន។,neutral,agreed,Seth,Krisna,neutral,neutral
406,pair3,ក្រសួងការបរទេស និងទីភ្នាក់ងារតំណាងកំពុងឃ្លាំមើលយ៉ាងដិតដល់អំពីស្ថានភាពពលករវៀតណាមនៅកម្ពុជា។,neutral,agreed,Seth,Krisna,neutral,neutral
407,pair3,ខណៈដែលក្លឹបបិសាចក្រហម មានត្រឹមកៅអីលេងពានរង្វាន់ Europa League ប៉ុណ្ណោះ៕,neutral,agreed,Seth,Krisna,neutral,neutral
408,pair3,ចិត្តស្មោះរបស់ខ្ញុំ គ្មានតម្លៃសម្រាប់នាងឡើយ,negative,agreed,Seth,Krisna,negative,negative
409,pair3,ការកេណ្ឌទ័ពលើកដំបូងរបស់រុស្ស៊ី ចាប់តាំងពីសង្គ្រាមលោកលើកទី ២ បន្ទាប់ពីកងកម្លាំងរបស់ទីក្រុងមូស្គុបានរងបរាជ័យក្នុងសមរភូមិដ៏ធំក្នុងប្រទេសអ៊ុយក្រែន បានបណ្តាលឱ្យមានការមិនសប្បាយចិត្តពាសពេញផ្ទៃប្រទេស និងបង្ខំឱ្យបុរសរាប់ពាន់នាក់ភៀសខ្លួនទៅក្រៅប្រទេស។,negative,agreed,Seth,Krisna,negative,negative
410,pair3,កាលពីថ្ងៃទី១៤ ខែមីនា ឆ្នាំ២០២២ សាលាឧទ្ធរណ៍រាជធានីភ្នំពេញ សម្រេចតម្កល់សាលក្រមសាសាដំបូងរាជធានីភ្នំពេញ ដែលបានកាត់ទោសយុវជន កាក់ សុវណ្ណច្ឆ័យ វ័យ១៦ឆ្នាំ ដាក់ពន្ធនាគាររយៈពេល៨ខែ និងដាក់ឱ្យស្ថិតក្រោមការត្រួតពិនិត្យរបស់តុលាការរយៈពេល២ឆ្នាំ។,positive,agreed,Seth,Krisna,positive,positive
411,pair3,"ភ្នំពេញៈ ក្រសួងទេសចរណ៍ប្រកាសដាក់ចេញនូវយុទ្ធសាស្តរសំខាន់ៗ ៨ ដើម្បីអនុវត្ត នៅក្នុងគោលបំណងទាក់ទាញចរន្តភ្ញៀវទេសចរអន្តរជាតិឱ្យធ្វើដំណើរមកកម្សាន្តនៅកម្ពុជាប្រមាណ ៧,៥ លាននាក់ត្រឹមឆ្នាំ ២០២៨ ខណៈវិបត្តិនៃការឆ្លងរាលដាលជំងឺកូវីដ ១៩ បានធ្វើឱ្យវិស័យនេះធ្លាក់ចុះស្ទើរដល់សូន្យនារយៈពេល ២ ឆ្នាំពីឆ្នាំ ២០២០-២០២១។",neutral,agreed,Seth,Krisna,neutral,neutral
412,pair3,បណ្តាញបរទេសដែលគេប្រើក្នុងការតវ៉ានិងផ្តួលរំលំរបបដឹកនាំមួយចំនួនដូចជានៅកូរ៉េខាងត្បូង នៅម៉ាឡេស៊ី នៅហុងកុង និងនៅថៃ ភូមាជាដើម។,negative,agreed,Seth,Krisna,negative,negative
413,pair3,លោក ឈុន សុខ ថ្លែងថា៖ អត់ធ្វើផ្លូវឱ្យគាត់វិញ៦ខ្សែ សព្វថ្ងៃគាត់អត់មានច្រកចេញចូល។,negative,agreed,Seth,Krisna,negative,negative
414,pair3,ខ្ញុំកំពុងចាំលុយដែលផ្ញើមកពីផ្ទះ,neutral,agreed,Seth,Krisna,neutral,neutral
415,pair3,អ្នកស្រីបន្តថា៖«បើយើងធ្វើនៅការដ្ឋាន១កន្លែងយើងអាចគ្រប់គ្រងពួកគាត់សាងសង់ផ្ទះបាន១០ខ្នងក្នុងពេលតែមួយ។,positive,agreed,Seth,Krisna,positive,positive
416,pair3,រោគសញ្ញាខូចតម្រង់នោមធ្ងន់ធ្ងរ: នោមតិចម្តងម្កាល ការស្ទះសារធាតុរាវនៅប្រអប់ជើង ជើង ងងុយដេក វិលមុខ ឬ ហេវហត់អស់កម្លាំង។,negative,agreed,Seth,Krisna,negative,negative
417,pair3,យើងជំរុញប្រទេសអភិវឌ្ឍន៍ឱ្យពន្លឿនការផ្តល់មូលនិធិសម្រាប់គ្រោះមហន្តរាយ ដែលទាក់ទងនឹងអាកាសធាតុ។,negative,agreed,Seth,Krisna,negative,negative
418,pair3,ប្រសិនបើអ្នកយល់ឃើញថា ខ្លួនប្រាណរបស់អ្នកតែងតែអេះផ្នែកណាមួយ រហូតដល់បង្អាក់ការបំពេញការងារប្រចាំថ្ងៃ ដូចនេះសូមព្យាយាមស្វែងរកមូលហេតុដែលបណ្តាលឲ្យកើតឡើង ។,neutral,agreed,Seth,Krisna,neutral,neutral
419,pair3,មួយវិញទៀត លោក ក៏បានកត់សម្គាល់ ឃើញថា អ្នកសារព័ត៌មានកម្ពុជា និងចិនបានបំពេញការងារប្រកបដោយវិជ្ជាជីវៈ ព្រោះពួកគេមានលក្ខណៈ ពិសេសបានផ្សាយនូវអ្វីជាសមិទ្ធផលនិងការរីកចម្រើនរបស់ប្រទេសទាំងពីរទៅកាន់ប្រជាជនទាំងក្នុងស្រុក និងសាកលលោកបានដឹង។,positive,agreed,Seth,Krisna,positive,positive
420,pair3,ការបោះពុម្ពសៀវភៅ/ព្រឹត្តិបត្រព័ត៌មាន,neutral,agreed,Seth,Krisna,neutral,neutral
421,pair3,រាជធានីភ្នំពេញ៖ ក្រោយផ្ទុះការរិះគន់យ៉ាងកក្រើកពីសំណាក់ទស្សនិកជន និងអ្នកប្រើប្រាស់បណ្តាញសង្គម ជុំវិញការបង្ហាញនូវឈុតសម្តែងរបស់បេក្ខនារី២រូប នៅក្នុងកម្មវិធីប្រកួត Miss Grand Cambodia 2022 ដែលជាឈុតតំណាងក្រុងបាវិត និងក្រុងប៉ោយប៉ែត បានបង្ហាញពីឧបករណ៍ល្បែង បៀរ និង អាប៉ោង ឬគ្រាប់ឡុកឡាក់ចាក់ភ្នាល់ល្បែងស៊ីសង។,negative,agreed,Seth,Krisna,negative,negative
422,pair3,មិត្តភក្តិរបស់ខ្ញុំមិនដែរគិតពីខ្ញុំឡើយ ពួកគេតែងតែគិតពីផលប្រយោជន៍របស់ពួកគេ។,negative,agreed,Seth,Krisna,negative,negative
423,pair3,លោកអ្នកនឹងបានជួបអ្នកចិត្តបុណ្យ តាមជួយជ្រោមជ្រែង អាណិតស្រឡាញ់ហួសការស្មាន។,positive,agreed,Seth,Krisna,positive,positive
424,pair3,ចង់បានក្រុមការងារពេញដោយថាមពល និងស្វាហាប់ ព្រមទាំងស្ថិតស្ថេរផងដែរ?,positive,agreed,Seth,Krisna,positive,positive
425,pair3,មែនទែនទៅ គ្រោះថ្នាក់ចរាចរណ៍ដ៏សាហាវប្រភេទនេះគឺជារឿងធម្មតាទៅហើយនៅក្នុងរដ្ឋ Uttarakhand ដែលគ្របដណ្តប់មួយផ្នែកនៃភ្នំហិម៉ាឡៃយ៉ា និងជាកន្លែងសម្រាប់ធម្មយាត្រាសាសនាជាច្រើនផងដែរ។,negative,agreed,Seth,Krisna,negative,negative
426,pair3,ប្រហែលវានឹងធ្ងន់ណាស់ហើយសម្រាប់ប្រអប់ដាក់ខាងលើនោះ,negative,agreed,Seth,Krisna,negative,negative
427,pair3,ក្រុមហ៊ុនផលិតទូរទស្សន៍ស្នាក់ការធំជាងគេទីពីរក្នុងពិភពលោកនេះឲ្យដឹងថាការធ្លាក់ចុះតម្លៃរូបិយប័ណ្ណក្នុងស្រុកខ្លាំងនៅតំបន់អឺរ៉ុបនិងទីផ្សារកំពុងអភិវឌ្ឍន៍ខ្លាំងដូចជារុស្ស៊ីប្រេស៊ីលបានបង្កជាវិបត្តិមួយចំពោះការលក់ទូរទស្សន៍របស់ខ្លួន។,negative,agreed,Seth,Krisna,negative,negative
428,pair3,លោកប្រាប់ថា៖ «បើនិយាយពីការចាប់ផ្តើមគម្រោងសាងសង់ថ្មី ពិសេសគម្រោងធំៗ និងខ្ពស់ៗនៅពេលនេះគឺមិនសូវមានទេ ប៉ុន្តែសម្រាប់គម្រោងដែលកំពុងដំណើរការសាងសង់គឺមានសកម្មភាពទៅមុខជាប្រចាំ។,positive,agreed,Seth,Krisna,positive,positive
429,pair3,លោក ប្រាយុទ្ធ ក្នុងនាមជានាយករដ្ឋមន្រតីថៃ បានធ្វើការបញ្ជាឱ្យមានការរឹតបន្តឹងច្បាប់ប្រើប្រាស់កាំភ្លើង ក្រោយពីអតីតមន្រតីប៉ូលិសម្នាក់បានបាញ់សម្លាប់មនុស្ស ៣៦នាក់ ដែលក្នុងនោះគេឃើញថាមាន ២៤នាក់ជាកុមារ។,positive,agreed,Seth,Krisna,positive,positive
430,pair3,ការប្រើផ្លែម្រះក្នុងការព្យាបាលតាមបែបបុរាណ មានតាំងពី ៦០០ ឆ្នាំមុនម្លេះ។,neutral,agreed,Seth,Krisna,neutral,neutral
431,pair3,ប្រទេសដែលខាតបង់ធំជាងគេដោយសារវិបត្តិថាមពល និងការងើបឡើងវិញនៃសេដ្ឋកិច្ចសកល,negative,agreed,Seth,Krisna,negative,negative
432,pair3,ទេសភាពទីនោះកាន់តែល្អស្រស់ស្អាតថែមទៀតក្នុងអំឡុង ខែវិច្ឆិកានេះ។,positive,agreed,Seth,Krisna,positive,positive
433,pair3,សូមរំលឹកខ្លួនឯងរាល់ពេលបរិភោគអាហារថាត្រូវជ្រើសយកអាហារសុខភាពសម្រាប់ទទួលទាន នោះអ្នកអាចចាប់ផ្តើមបណ្តុះទម្លាប់ទទួលទានអាហារសុខភាពនេះរហូតទៅ។,neutral,agreed,Seth,Krisna,neutral,neutral
434,pair3,នៅក្នុងការអនុវត្តជាក់ស្តែងនេះមានន័យថាពួកគេអាចប្រឈមនឹងការបៀតបៀនរុកកួននិងអាចថែមទាំងទទួលរងអំពើហិង្សានៅក្នុងផ្ទះកន្លែងធ្វើការសាលារៀននិងសហគមន៍របស់ពួកគេថែមទៀតផង។,negative,agreed,Seth,Krisna,negative,negative
435,pair3,រុស្ស៊ីថា ការអត្ថាធិប្បាយរបស់ ហ្សេឡេនស្គី អំពីការវាយប្រហារការពារ បញ្ជាក់ពីតម្រូវការសម្រាប់«ប្រតិបត្តិការយោធាពិសេស»នៅអ៊ុយក្រែន,negative,agreed,Seth,Krisna,negative,negative
436,pair3,រាល់ការជឿនលឿនផ្នែកបច្ចេកវិទ្យាបានពន្លឿនដល់ការផ្លាស់ប្តូរបន្ទាប់ដែលយើងបានឃើញនៅក្នុងជីវិតរស់នៅប្រចាំថ្ងៃរបស់យើង។,positive,agreed,Seth,Krisna,positive,positive
437,pair3,ភ្នំពេញ៖ ធនាគារ កាណាឌីយ៉ា ដែលជាធនាគារពាណិជ្ជកម្មឈានមុខក្នុងប្រទេសកម្ពុជា បានបង្ហាញសមិទ្ធិផលថ្មីមួយរបស់ខ្លួន ដោយបើកសម្ពោធដំណើរការជាផ្លូវការនូវ Smart Branch ដ៏ថ្មីស្រឡាង មានទីតាំងស្ថិតនៅផ្ទះលេខ ២២៩ និង ២៣១ ផ្លូវ ១០០៣ សង្កាត់ភ្នំពេញថ្មី ខណ្ឌសែនសុខ រាជធានីភ្នំពេញ។,positive,agreed,Seth,Krisna,positive,positive
438,pair3,គោលដៅទាំងនេះមានចំនួន ១៧ ដែលត្រូវបានគេស្គាល់ថា គោលដៅអភិវឌ្ឍន៍ប្រកបដោយចីរភាពរបស់អង្គការសហប្រជាជាតិ ដោយមានគោលបំណងដើម្បីនាំទៅរកសកម្មភាពនៅក្នុងផ្នែកដ៏សំខាន់ៗ នាឆ្នាំ ២០៣០។,,needs_adjudication,Seth,Krisna,neutral,negative
439,pair3,កញ្ចប់ជំនួយថ្មីនេះ ត្រូវបានប្រកាសភ្លាមៗនៅថ្ងៃអង្គារ គឺជាកញ្ចប់ជំនួយដំបូង ចាប់តាំងពីការប្រកាសដាក់បញ្ចូលទឹកដីអ៊ុយក្រែនថ្មីៗបំផុតរបស់រុស្ស៊ី និងជាការប្រើសិទ្ធិពិសេសរបស់ប្រធានាធិបតី(PDA)ជាលើកទីពីរ ចាប់តាំងពីអ៊ុយក្រែនចាប់ផ្តើមសមរភូមិដ៏ធំនៅពាក់កណ្តាលខែកញ្ញា។,positive,agreed,Seth,Krisna,positive,positive
440,pair3,ផលិតភាព និងប្រសិទ្ធភាពអាចកើតឡើងបានលុះត្រាតែអ្នកធ្វើការងារនោះពេញចិត្តនឹងអ្វីដែលពួកគេកំពុងធ្វើ។,positive,agreed,Seth,Krisna,positive,positive
441,pair3,ការិយាល័យកណ្តាលយើងទីតាំងនៅទីនេះ,neutral,agreed,Seth,Krisna,neutral,neutral
442,pair3,ក្រោយពេលកើតហេតុ សមត្ថកិច្ចជំនាញ បានចុះទៅវាស់វែងធ្វើកំណត់ហេតុយករថយន្តទាំងពីរគ្រឿងមករក្សាទុកនៅការិយាល័យចរាចរណ៍ផ្លូវគោក ដើម្បីរង់ចាំម្ចាស់ចូលខ្លួនមកដោះស្រាយតាមផ្លូវច្បាប់ ចំណែកសាកសពជនរងគ្រោះទាំងបី ត្រូវបានប្រគល់ឱ្យសាច់ញាតិយកទៅរៀបចំធ្វើបុណ្យតាមប្រពៃណី...៕,neutral,agreed,Seth,Krisna,neutral,neutral
443,pair3,សូមថ្លែងអំណរគុណចំពោះឯកឧត្តម ម៉ក់ ពេជ្ជរិទ្ធ ទីប្រឹក្សា ផ្ទាល់សម្តេចអគ្គមហាសេនាបតីតេជោ ហ៊ុន សែន និងជាប្រតិភូរាជរដ្ឋាភិបាល ទទួលបន្ទុកអគ្គនាយកនៃអគ្គនាយកដ្ឋានកាំកុងត្រូលដែលបានឧបត្ថម្ភថវិកាបោះពុម្ពផ្សាយ ។,positive,agreed,Seth,Krisna,positive,positive
444,pair3,រដ្ឋមន្ត្រីការបរទេសកម្ពុជា និងម៉ាឡេស៊ី ពិភាក្សាអំពីកិច្ចសហប្រតិបត្តិការ ក្នុងការប្រយុទ្ធប្រឆាំងនឹងឧក្រិដ្ឋកម្មឆបោក,positive,agreed,Seth,Krisna,positive,positive
445,pair3,ចំណុចនេះសំខាន់ជាងគេ បើការតាំងចិត្តធ្វើរបស់យើងមិនមានភាពជាប់លាប់ទេ យើងគ្មានថ្ងៃជោគជ័យនោះឡើយ។,positive,agreed,Seth,Krisna,positive,positive
446,pair3,តាមរយៈការប្រមូលផ្តុំមេដឹកនាំធុរកិច្ច និងសហគមន៍រួមគ្នាបង្កើតបានជាសំឡេង និងបេះដូងរួមគ្នាតែមួយនៅក្នុងឧស្សាហកម្មមួយនេះ ក្លិប STC ផ្តោតលើការកសាងសហគមន៍ដើម្បីសម្រេចបាននូវគោលដៅនៃកំណើនសេដ្ឋកិច្ចប្រកបដោយចីរភាពនៅក្នុងខេត្ត។,positive,agreed,Seth,Krisna,positive,positive
447,pair3,ក្រុមហ៊ុនបានបដិសេធថាខ្លួនមិនជាប់ពាក់ព័ន្ធក្នុងអាជីវកម្មឈើទេ។,,needs_adjudication,Seth,Krisna,negative,neutral
448,pair3,លោក Raymond Sia ក្រុមប្រឹក្សាភិបាល និងនាយកប្រតិបត្តិ មានក្តីសោមន្សរីករាយជាខ្លាំង សម្រាប់ការឈ្នះពានរង្វាន់ និងការទទួលស្គាល់ពីសំណាក់ Asiamoney និងស្ថាប័នអន្តរជាតិផ្សេងៗទៀត។,positive,agreed,Seth,Krisna,positive,positive
449,pair3,ខ្ញុំកំពុងស្រវឹងស្រាជោគជាំហើយ,negative,agreed,Seth,Krisna,negative,negative
450,pair3,ការងារដែលមានប្រាក់ខែច្រើនខ្ញុំនឹងធ្វើ,positive,agreed,Seth,Krisna,positive,positive
451,pair3,ប្រជាជនអ៊ុយក្រែនក្នុងតំបន់រំដោះ ទទួលបានក្តីសង្ឃឹមឡើងវិញ ជាមួយនឹងអារម្មណ៍ដែលនឹកស្មានមិនដល់,positive,agreed,Seth,Krisna,positive,positive
452,pair3,ភ្នំពេញ៖ វិស័យព័ត៌មានពិតជាមានសារៈសំខាន់ក្នុងទំនាក់ទំនងកម្ពុជា-ចិននាពេលបច្ចុប្បន្ននេះ ខណៈវិស័យនេះ គឺត្រូវបានចាត់ទុកដូចជាស្ពានចម្លងនូវព័ត៌មានពិត នៃប្រទេសទាំងពីរ និងសកលលោក។,neutral,agreed,Seth,Krisna,neutral,neutral
453,pair3,ព្រះពុទ្ធបានបង្រៀនមនុស្សមិនឲ្យធ្វើខ្លួនជាបុគ្គលគិតតែប្រយោជន៍ខ្លួនឯងនោះទេ។,positive,agreed,Seth,Krisna,positive,positive
454,pair3,យ៉ាងណាមិញ ពាក់ព័ន្ធនឹងពេលវាលាដែលអាចរៀបចំពិធីឡើងវិញនេះ ឯកឧត្តមអភិបាលខេត្តកំពង់ធំ បានបញ្ជាក់ថា៖ «យើងគិតថា បើអត់មានភ្លៀងពីខេត្តព្រះវិហារនោះទេ ៤-៥ថ្ងៃ ១អាទិត្យទៀតអីស្រក យើងអាចកំណត់ពេលវិញបានហើយ»។,,needs_adjudication,Seth,Krisna,positive,neutral
455,pair3,បងស្រីរបស់ខ្ញុំខិតខំធ្វើការដើម្បីរកប្រាក់ជួយផ្គត់ផ្គង់ដល់ប្អូនប្អូន។,positive,agreed,Seth,Krisna,positive,positive
456,pair3,អ្នកប្រើប្រាស់បណ្តាញសង្គមមួយដែលដាក់ឈ្មោះ ថាន យ៉ា បានបញ្ចេញមតិជុំវិញរឿងនេះ ដែលទំនងជាសំដៅឌឺឲ្យលោក ហ៊ុន សែន ថា«ធ្វើបាបកម្មច្រើនខ្លាំងខ្លាចបារមីមិនដល់ ចូលវត្តមិនចុះ ចោលខ្មោចក្នុងវត្តវិញ្ញាណវល់វល់…»។,negative,agreed,Seth,Krisna,negative,negative
457,pair3,យ៉ាងណាមិញ មហាសន្និបាតទំនងជាត្រូវបោះឆ្នោតជាសាធារណៈថាតើត្រូវរៀបចំការបោះឆ្នោតសម្ងាត់ឬអត់។,neutral,agreed,Seth,Krisna,neutral,neutral
458,pair3,ខ្ញុំកំពុងសិក្សាផ្នែករដ្ឋបាលនិងពាណិជ្ជកម្ម,neutral,agreed,Seth,Krisna,neutral,neutral
459,pair3,ទោះបីជាបានឆ្លងកាត់សភារបស់រុស្ស៊ីក៏ដោយ វិមានក្រែមឡាំងមិនទាន់កំណត់ជាផ្លូវការនូវព្រំប្រទល់នៃតំបន់ថ្មីនោះទេ ពោលគឺផ្នែកមួយចំនួនធំស្ថិតនៅក្រោមការគ្រប់គ្រងរបស់កងកម្លាំងអ៊ុយក្រែន។,positive,agreed,Seth,Krisna,positive,positive
460,pair3,គួររំលឹកដែរថា រាជរដ្ឋាភិបាលកម្ពុជា បានសម្រេចឱ្យមានការប្រមូលពន្ធអាករលើរថយន្តគ្មានពន្ធ មានស្រាប់ក្នុងប្រទេស ជ្រកក្រោមផ្លាកលេខផ្សេងៗ ចាប់ពីខែកញ្ញា ឆ្នាំ២០២១ និងបញ្ចប់ត្រឹមថ្ងៃទី៣០ ខែមិថុនា ឆ្នាំ២០២២។,neutral,agreed,Seth,Krisna,neutral,neutral
461,pair3,មានឆន្ទៈខ្ពស់ក្នុងនាមជាគ្រួដើម្បីឲ្យសិស្សអ្នកសិក្សាមានគុណភាព នៅប្រទេសសឹង្ហបុរី គេចំណាយលុយដែលជាកញ្ចប់ថវិកាជាតិច្រើនលើសលប់ក្នុងវិស័យអប់រំ បណ្តុះមនុស្ស រយៈ ពេល២៥ឆ្នាំ គេមានចក្ខុវិស័យវែងឆ្ងាយណាស់ យើងគូរៀនសូត្រពីគេ។,positive,agreed,Seth,Krisna,positive,positive
462,pair3,បន្ទាប់ពីគង់ចាំព្រះវស្សាអស់រយៈពេល៣ខែរួចមក នៅថ្ងៃ១៥កើត ខែអស្សុជ ព្រះភិក្ខុសង្ឃគ្រប់អង្គនៅតាមទីវត្តអារាមនានាតែងប្រារព្ធពិធីបុណ្យបែបសាសនាមួយដែលមានឈ្មោះថា បវារណា ឬហៅថា បុណ្យចេញព្រះវស្សា ដែលជាពិធីមួយស្របតាមពុទ្ធវិន័យរបស់ព្រះពុទ្ធបរមគ្រូជាម្ចាស់នៃយើង។,neutral,agreed,Seth,Krisna,neutral,neutral
463,pair3,សិស្សចាស់ៗជាច្រើនបានសម្រេចបោះបង់ចោលការសិក្សា ដើម្បីរកការងារធ្វើរកប្រាក់ចំណូលដើម្បីផ្គត់ផ្គង់គ្រួសារ។,negative,agreed,Seth,Krisna,negative,negative
464,pair3,ដូច្នេះពិធីបុណ្យភ្ជុំបិណ្ឌ ដែលខ្មែរនិយមប្រារព្ធជារៀងរាល់ឆ្នាំ គឺដើម្បីឧទ្ទិសកុសលទៅដល់ពួកប្រេតទាំង៤ពួកនេះ ដែលប្រេតទាំងនេះចិញ្ចឹមជីវិតដោយផលទានដែលគេឧទ្ទិសឱ្យនេះឯង ៕,neutral,agreed,Seth,Krisna,neutral,neutral
465,pair3,នៅតំបន់ភាគឦសាន ទឹកទន្លេសេកុងកំពុងហក់ឡើងខ្លាំង ដែលអាចប្រឈមនឹងទឹកជំនន់,negative,agreed,Seth,Krisna,negative,negative
466,pair3,ថ្ងៃមួយបុរសនោះនាំប្រពន្ធទៅលេងឯផ្ទះឪពុកម្តាយរបស់ខ្លួន។,neutral,agreed,Seth,Krisna,neutral,neutral
467,pair3,នៅក្នុងខែកញ្ញា ឆ្នាំ ២០១៥ មហាសន្និបាតអង្គការសហប្រជាជាតិ បានអនុម័តនូវរបៀបវារៈឆ្នាំ ២០៣០ ថ្មី សម្រាប់ការអភិវឌ្ឍប្រកបដោយចីរភាព។,positive,agreed,Seth,Krisna,positive,positive
468,pair3,ទី៣៖ ចំពោះស្រ្ដីមានផ្ទៃពោះត្រូវតាមដាន និងពិនិត្យផ្ទៃពោះតាមកាលកំណត់របស់មណ្ឌលសុខភាព ឬមន្ទីរពេទ្យ បើស្រ្ដីគ្រប់ ខែជិតដល់ពេលសម្រាល ត្រូវរកកន្លែងស្នាក់នៅក្បែរមណ្ឌលសុខភាព ឬមន្ទីរពេទ្យដែលនៅជិតលោក អ្នកបំផុត។,neutral,agreed,Seth,Krisna,neutral,neutral
469,pair3,នេះបើតាមប្រសាសន៍របស់សម្តេច ហ៊ុន សែន ក្នុងពិធីជួបសំណេះសំណាលជាមួយប្រជាពលរដ្ឋ ដែលបានស្ម័គ្រចិត្តរើលំនៅឋាន និងសំណង់ផ្សេងៗ ចេញពីតំបន់រមណីយដ្ឋានអង្គរ នាព្រឹកថ្ងៃទី១៣ កញ្ញា នេះ។,neutral,agreed,Seth,Krisna,neutral,neutral
470,pair3,សៀវភៅ #នៅតែនឹកនៅតែស្រលាញ់ ចេញពីរោងពុម្ពហើយ ហើយនៅក្បែរនោះគឺស្លាបប៉ាកកា សម្រាប់ចុះហត្ថលេខាជូនមិត្រអ្នកអាន ដែលទទួលបានពីប្អូន កូនចាបមាស ជាកាដូសម្រាប់ស្នាដៃថ្មីនេះ,positive,agreed,Seth,Krisna,positive,positive
471,pair3,កត្តាសំខាន់ៗក្នុងការជ្រើសរើសពូជប្រពៃណីរួមមានរយៈពេលប្រមូលផលគុណភាពទិន្នផលខ្ពស់ភាពឡើងបាយនិងកត្តាសង្គមក៏បានជះឥទ្ធិពលដល់ការជ្រើសរើសប្រភេទស្រូវមកដាំដែរតួយ៉ាងស្ទើរតែគ្រប់កសិករទាំងអស់បានដាំពូជស្រូវដំណើបសម្រាប់ធ្វើនំក្នុងពិធីប្រពៃណីនិងសាសនាជាដើម,neutral,agreed,Seth,Krisna,neutral,neutral
472,pair3,ក្រុមការងារបង្ក្រាបការលេងល្បែងស៊ីសងខុសច្បាប់គ្រប់ប្រភេទនេះ មានសមាសភាពដូចជា៖ ឯកឧត្តមសន្តិបណ្ឌិត សុខ ផល រដ្ឋលេខាធិការក្រសួងមហាផ្ទៃ ជាប្រធាន រីឯឯកឧត្តមនាយឧត្តមសេនីយ៍សន្តិបណ្ឌិត នេត សាវឿន អគ្គស្នងការនគរបាលជាតិ និងឯកឧត្តម នៅ លក្ខណាអនុរដ្ឋលេខាធិការក្រសួងមហាផ្ទៃ ជាអនុប្រធាន រួមនិងសមាជិកមួយចំនួនទៀត។,positive,agreed,Seth,Krisna,positive,positive
473,pair3,ពួកគេមិនដែលពេញចិត្តនឹងអ្វីដែលគេមានទេ ហើយជាញឹកញាប់គឺគេប្រឹងរត់តាមអ្វីដែលគេចង់បាន។,,needs_adjudication,Seth,Krisna,negative,neutral
474,pair3,អ្នកត្រូវតែបង្ហាញទង្វើជាមុនសម្រាប់អ្នកដើរតាមខ្លួន និងជម្រុញអ្នកដទៃជានិច្ចនូវអ្វីដែលពួកគេមិនហ៊ានបញ្ចេញសកម្មភាពឬនិយាយចេញមក។,positive,agreed,Seth,Krisna,positive,positive
475,pair3,ប្រទេសកម្ពុជាជាប់ចំណាត់ថ្នាក់យឺតបំផុតក្នុងតំបន់សម្រាប់ការអភិវឌ្ឍក្នុងការគ្រប់គ្រងទឹកកខ្វក់។,negative,agreed,Seth,Krisna,negative,negative
476,pair3,នៅសតវត្សទី១៧ សៀមបានឈ្លានពានកាន់កាប់ប្រទេសកម្ពុជា ហើយបានប្រែឈ្មោះខេត្តបន្ទាយមានជ័យជាខេត្តស៊ីសុផុន។,negative,agreed,Seth,Krisna,negative,negative
477,pair3,មិត្តភក្តិរបស់ខ្ញុំបានរងការឈឺចាប់យ៉ាងខ្លាំងនៅពេលដែលគេមានទំនាក់ទំនងជាមួយនឹងនារីពីរនាក់ដែលគេមានសង្សាររួចទៅហើយ។,negative,agreed,Seth,Krisna,negative,negative
478,pair3,ខ្ញុំឈឺពោះហើយមានអារម្មណ៍ឈឺ,negative,agreed,Seth,Krisna,negative,negative
479,pair3,ក្នុងរយៈពេលប៉ុន្មានសប្តាហ៍ថ្មីៗនេះ កងកម្លាំងរបស់អ៊ុយក្រែន ដែលគាំទ្រដោយលោកខាងលិច បានបណ្តេញទាហានរុស្ស៊ីចេញពីទីក្រុង និងតំបន់ជាច្រើននៅទីក្រុងឃឺសុន ភាគខាងត្បូង និងបន្ទាយផ្តាច់ខ្លួនភាគខាងកើតនៃទីក្រុងលូហាន និងទីក្រុងដូណែត។,positive,agreed,Seth,Krisna,positive,positive
480,pair3,ការរស់នៅមានសុខភាពល្អ ជាបំណងដែលមនុស្សគ្រប់រូបប្រាថ្នា។,neutral,agreed,Seth,Krisna,neutral,neutral
481,pair3,បើដាច់ដូច្នោះ គឺពួកគាត់ ពិបាកក្នុងការធ្វើដំណើរ គ្មានកន្លែងឆ្លងទេ។,negative,agreed,Seth,Krisna,negative,negative
482,pair3,ខណៈដែលកន្ទោងសំចតត្រង់ណាគេដឹងថាកន្លែងនោះហើយដែលអាធនវាលាក់ខ្លួនពួនអាត្មាវា។,neutral,agreed,Seth,Krisna,neutral,neutral
483,pair3,ឯកឧត្តម ក៏បានស្នើឱ្យបងប្អូនប្រជាពលរដ្ឋរាយការណ៍មកអាជ្ញាធរដែនដី និងសមត្ថកិច្ចគ្រប់ជាន់ថ្នាក់ ដើម្បីមានវិធានការបានទាន់ពេលវេលាផងដែរ។,neutral,agreed,Seth,Krisna,neutral,neutral
484,pair3,បន្ថែមពីលើនេះអ្នកស្រាវជ្រាវបានសម្គាល់ឃើញថា អត្រានៃការរលាកសន្លាក់គឺជិត៥០%ក្នុងចំនោមអ្នកដែលមានអាយុលើសពី៦៥ឆ្នាំនិងប្រហែល៣០%ក្នុងចំនោមអ្នកដែលមានអាយុចន្លោះពី៤៥ឆ្នាំទៅ៦៤ឆ្នាំ៕,negative,agreed,Seth,Krisna,negative,negative
485,pair3,(ភ្នំពេញ)៖ ការបើកយុទ្ធនាការបង្រកាបល្បែងខុសច្បាប់នៅកម្ពុជា និងការរឹតបណ្តឹងច្បាប់ ស្តីពីការគ្រប់គ្រងល្បែងពាណិជ្ជកម្ម គឺជាការលុបបំបាត់ត្រីតូចដើម្បីស្ទូចយកត្រីធំ។,,needs_adjudication,Seth,Krisna,positive,neutral
486,pair3,អ្នកខ្លះប្រឹងធ្វើការទាំងឈឺ ទាំងជាមិនបានសម្រាក។,neutral,agreed,Seth,Krisna,neutral,neutral
487,pair3,ជំនួបរវាងមន្រតីអប់រំនៃប្រទេសទាំងពីរ ក៏បានជជែកអំពីការរឹតចំណងមិត្តភាពលើវិស័យអប់រំ ក៏ដូចជាការពិភាក្សាលើការងារសិក្សាថ្នាក់ឧត្តមសិក្សា និងការផ្តល់អាហាររូបករណ៍រវាងប្រទេសកម្ពុជា និងសាធារណរដ្ឋសង្គមនិយមវៀតណាម។,positive,agreed,Seth,Krisna,positive,positive
488,pair3,ទាំងនេះគ្រាន់តែជារឿងឮតៗគ្នាប៉ុណ្ណោះ។,neutral,agreed,Seth,Krisna,neutral,neutral
489,pair3,នាយទុំក៏រត់តាមជាប់ពីក្រោយទៅដែរ។,neutral,agreed,Seth,Krisna,neutral,neutral
490,pair3,"តាបានឈ្នួតក្បាលក៏ត្រឡប់មកកន្លែងរទេះរបស់គាត់រកមើលត្រីអាំងមិនឃើញងាករកចុះឡើងមិនឃើញសោះក៏ក្រឡេកទៅលើចុងឈើទើបឃើញក្អែកទាំងពីរកំពុងចែកត្រីអាំងគ្នាស៊ីយ៉ាងហ៊ឺហា,តាក្តៅចិត្តណាស់ប៉ុន្តែមិនដឹងធ្វើម្តេចកើត។",,needs_adjudication,Seth,Krisna,negative,neutral
491,pair3,លោក រស់ ភីរុណ បានបញ្ជាក់ថា ចាប់ពីពេលនេះទៅកាស៊ីណូតូចតាច ដែលមានដើមទុនតិច ឬកាស៊ីណូដែលមិនបំពេញបាននូវលក្ខខណ្ឌច្បាប់ អាចមិនត្រូវបានផ្តល់អាជ្ញាបណ្ណបន្តសុពលភាពទៀតឡើយ លុះត្រាតែកាស៊ីណូដែលមានទុនវិនិយោគធំតាមច្បាប់តម្រូវ ទើបអាចវិនិយោគលើវិស័យល្បែងនៅកម្ពុជាបាន។,positive,agreed,Seth,Krisna,positive,positive
492,pair3,តែពួកដំរីទាំងនោះ មិនបានជូនទៅម្តាយស្តេចដំរីពិសាទេ បែរជាយក បរិភោគដោយខ្លួនឯង។,negative,agreed,Seth,Krisna,negative,negative
493,pair3,ខណៈពេលថ្មីៗនេះ កូរ៉េខាងជើងគាំទ្រជាសាធារណៈចំពោះក្រុងមូស្គូ បន្ទាប់ពីរុស្ស៊ីបានចូលឈ្លានពានអ៊ុយក្រែន។,negative,agreed,Seth,Krisna,negative,negative
494,pair3,ស្រលាញ់មនុស្សម្នាក់គឺគ្មានហេតុផល ខ្ញុំក៏បានយល់ និងទទួលស្គាល់ថាជាការពិត បន្ទាប់ពីខ្ញុំឃាត់ចិត្តខ្លួនឯង មិនឱ្យស្រលាញ់គេមិនបាន។,negative,agreed,Seth,Krisna,negative,negative
495,pair3,ទាក់ទងនឹងកន្លែងលាងដៃ ប្រជាជនកម្ពុជានៅតាមជនបទមិនមានលទ្ធភាពប្រើប្រាស់គ្រឿងបរិក្ខារនេះទេ បើធៀបនឹងគ្រួសារក្នុងទីក្រុង។,negative,agreed,Seth,Krisna,negative,negative
496,pair3,អ្នកស្រី សុផាវី បានបន្ថែមថា៖ «ប៉ុន្តែនៅស្រុកយើង យើងស្គាល់ពីអារម្មណ៍អតិថិជន ដែលត្រូវការផ្ទះធំ និងមានផាសុកភាព។,neutral,agreed,Seth,Krisna,neutral,neutral
497,pair3,(ភ្នំពេញ)៖ ឯកអគ្គរដ្ឋទូតថ្មីនៃស្ថានទូតតួកគីប្រចាំកម្ពុជា លោកស្រី អ៊ូលឃូ កូចេអ៊ែហ្វ៊ែ (ÜLKÜ KOCAEFE) បានប្តេជ្ញាជំរុញឱ្យមានជើងហោះហើរត្រង់កម្ពុជា-តួកគីឱ្យបានក្នុងអាណត្តិបេសកកម្មរបស់លោកស្រី។,positive,agreed,Seth,Krisna,positive,positive
498,pair3,ស្របតាមចក្ខុវិស័យរបស់រដ្ឋាភិបាលក្នុងការប្រែក្លាយស្ថានភាពសេដ្ឋកិច្ចរបស់ប្រទេសកម្ពុជាទៅជាប្រទេសមានប្រាក់ចំណូលមធ្យមកម្រិតខ្ពស់ឲ្យបាននៅក្នងឆ្នាំ ២០៣០ ការអប់រំបានក្លាយជាអាទិភាពចំបង។,positive,agreed,Seth,Krisna,positive,positive
499,pair3,ជំនឿក៏អាចកើតចេញពីមនុស្សម្នាក់ ឬមនុស្សមួយក្រុមដែលមានប្រាជ្ញាខ្ពស់ជាងគេ ឬជាអ្នកខ្លាំងពូកែក្នុងប្រវត្តិសាស្រតដូចជាស្តេចត្រាញ់ជាដើម ក្នុងគោលបំណងចង់ធ្វើឲ្យសង្គមមានសណ្តាប់ធ្នាប់ ដើរទៅរកផ្លូវត្រូវ ឬស្របទៅតាមគន្លងដែលគេចង់បាន។,neutral,agreed,Seth,Krisna,neutral,neutral
500,pair3,ក្រុមហ៊ុន Nike បានចូលរួមជាមួយម៉ាកយីហោសំខាន់ៗផ្សេងទៀត ដើម្បីបញ្ជាក់ពីការចាកចេញទាំងស្រុងពីទីផ្សាររុស្ស៊ី។,positive,agreed,Seth,Krisna,positive,positive
501,pair3,ឥទ្ធិពលនៃស្ទឹងខាងលើនេះនឹងធ្វើឱ្យទឹកស្ទឹងពោធិ៍សាត់មានសន្ទុះកើនឡើងបន្តបន្ទាប់ និងអាចបង្កឱ្យមានទឹកជំនន់ នៅក្នុងខេត្តពោធិ៍សាត់។,negative,agreed,Seth,Krisna,negative,negative
502,pair3,ដីស្រែទាំងអស់ គឺជាកម្មសិទ្ធិរបស់អង្គការ និងប្រជាជនត្រូវបានបង្ខំឲ្យធ្វើស្រែតាមបញ្ជារបស់ថ្នាក់លើដោយគ្មានការប្រកែកតវ៉ាបានទេ,negative,agreed,Seth,Krisna,negative,negative
503,pair3,ខ្ញុំមិនមានតួលេខច្បាស់លាស់ទេ ប៉ុន្តែប្រាកដណាស់តួលេខដែលត្រូវបានរាយការណ៍គឺខុសឆ្ងាយពីការពិត។,negative,agreed,Seth,Krisna,negative,negative
504,pair3,ខ្ញុំគឺខ្លាចបាត់សោរបន្ទប់របស់ខ្ញុំ,,needs_adjudication,Seth,Krisna,negative,neutral
505,pair3,ជាច្រើនជំនាន់មកហើយ យើងចិញ្ចឹមកូនដោយជឿថាបន្លែនិងផ្លែឈើជាអាហារដ៏ល្អបំផុតដើម្បីធ្វើឱ្យរាងកាយរឹងមាំ (សូម្បីតែនៅក្នុងរឿងតុក្កតាល្បី ប៉ុបអាយ ក៏អនុវត្តតាមជំនឿនេះដែរ)។,positive,agreed,Seth,Krisna,positive,positive
506,pair3,ព្រះទិន្នកររះចិញ្ចែងចិញ្ចាចសាជាថ្មី បក្សាបក្សីស្រែកខ្ញៀវខ្ញារ លើចុងព្រឹក្សា រួចហើយទទះស្លាបហើរភឹលពីដើមឈើមួយទៅដើមឈើមួយ ដើម្បីស្វែងរកចំណីតាមសភាវៈគតិដែលធម្មជាតិបង្កើតមក…។,neutral,agreed,Seth,Krisna,neutral,neutral
507,pair3,"ថ្លែងពីព្រះនាងកេសកេសី,ទ្រង់ផ្ទំលក់ក្នុងរាត្រីបានយល់សប្តិឃើញតាចាស់ម្នាក់មកប្រាប់ថា:ព្រះរាជកុមារវរវង្សនេះហើយជាព្រះស្វាមីព្រះនាងពីអតីតកាល។",neutral,agreed,Seth,Krisna,neutral,neutral
508,pair3,លោក Pablo Kang ឯកអគ្គរដ្ឋទូតអូស្រ្តាលីប្រចាំកម្ពុជា បានសរសេរតាមបណ្តាញសង្គមធ្វីតធ័រ នៅថ្ងៃសុក្រ ដោយសម្តែងក្តីខកចិត្តទៅនឹងការសម្រេចរបស់តុលាការ ខណៈលោក សុន ឆ័យ ត្រូវបានកាត់ទោសពីបទបរិហាកេរ្តិ៍តាមប្រព័ន្ធផ្សព្វផ្សាយ។,negative,agreed,Seth,Krisna,negative,negative
509,pair3,បងប្រុសដែលជាអ្នកដឹកនាំក្រុមទេសចរណ៍(Tour Leader) ដើរទៅដើរមក និយាយទូរស័ព្ទជាមួយអ្នកដែលមិនទាន់មកដល់។,neutral,agreed,Seth,Krisna,neutral,neutral
510,pair3,តាមច្បាប់ត្រង់ចំណុចនេះ គេអាចចោទប្រកាន់ថា លោកអនុសេនីយ៍ឯក អ៊ុំ ឬ Kerler ថាធ្វើខុសច្បាប់ហើយ គឺខុសពីគោលការណ៍កំណត់ក្នុងប្រការ១ នៃសន្ធិសញ្ញាឆ្នាំ១៩០៤។,negative,agreed,Seth,Krisna,negative,negative
511,pair3,គាត់មានការតក់ស្លុតយ៉ាងខ្លាំងស្ទើរតែមិនជឿហើយស្រក់ទឹកភ្នែកមកបណ្តើរខំទប់បណ្តើរ ទាំងក្តីបារម្ភខ្លាចឪពុកម្តាយដឹងថាខ្លួនមានជម្ងឺនេះពួកគាត់មិនអាចទទួលយកបាននូវបញ្ហាទាំងនេះ,negative,agreed,Seth,Krisna,negative,negative
512,pair3,គួរបញ្ជាក់ថា ចាប់តាំងពីដើមខែកញ្ញាមក កងកម្លាំងអ៊ុយក្រែនបានដណ្តើមការកាន់កាប់ទឹកដីភាគខាងកើតយ៉ាងឆាប់រហ័ស ដើម្បីទទួលបានការគ្រប់គ្រងខ្សែផ្គត់ផ្គង់របស់រុស្ស៊ី ដោយកាត់ផ្តាច់កងកម្លាំងរុស្ស៊ីដែលមានទំហំធំ និងបង្ខំឱ្យពួកគេដកថយ៕,,needs_adjudication,Seth,Krisna,positive,neutral
513,pair3,បច្ចុប្បន្នយើងព័ត៌មានបន្តិចបន្តួចអំពីប្រវត្តិរបស់កាហ្វេនៅកម្ពុជា។,neutral,agreed,Seth,Krisna,neutral,neutral
514,pair3,ការប្រកាសសាលក្រមនេះធ្វើឡើងក្នុងថ្ងៃតែមួយក្រោយពីសាលាដំបូងរាជធានីភ្នំពេញ បានបើកសវនាការជំនុំជម្រះបណ្តឹងរបស់គណបក្សប្រជាជនកម្ពុជាប្រឆាំងលោក សុន ឆ័យ កាលពីព្រឹកមិញ ករណីអនុប្រធានគណបក្សភ្លើងទៀនរូបនេះ បាននិយាយរិះគន់បក្សកាន់ អំណាចអំពីការបោះឆ្នោតជ្រើសរើសក្រុមប្រឹក្សាឃុំ សង្កាត់ កាលពីខែមិថុនា ឆ្នាំ២០២២។,negative,agreed,Seth,Krisna,negative,negative
515,pair3,កន្លែងណាសម្រាប់បត់ទៅសួនផ្ការីក?,neutral,agreed,Seth,Krisna,neutral,neutral
516,pair3,នៅព្រឹកថ្ងៃទី ១ ខែតុលា ឆ្នាំ ២០២២ ស្អែកនេះសម្តេចអគ្គមហាសេនាបតីតេជោ ហ៊ុន សែន នាយករដ្ឋមន្រតី នៃព្រះរាជាណាចក្រកម្ពុជា នឹងអញ្ជើញជួបសំណេះសំណាលជាមួយប្រជាពលរដ្ឋ ដែលបាន ចាប់ឆ្នោតមកស់នៅតំបន់អភិវឌ្ឍន៍ភូមិធម្មជាតិរុនតាឯក ក្នុងឃុំរុនតាឯក ស្រុកបន្ទាយស្រី ខេត្តសៀមរាប។,neutral,agreed,Seth,Krisna,neutral,neutral
517,pair3,ប្រជាពលរដ្ឋបានផុសផុលចូលវិភាគទានយ៉ាងកុះករ ដើម្បីជាវវ៉ាក់សាំងសម្រាប់ចាក់បង្ការមេរោគកូវីដ១៩ ដែលបង្ហាញអំពីស្មារតីនៃការចូលរួមទទួលខុសត្រូវ លើកិច្ចការជាតិប្រកបដោយមោទនភាព និងជំនឿជឿជាក់យ៉ាងមុតមាំចំពោះប្រមុខរាជរដ្ឋាភិបាល។,,needs_adjudication,Seth,Krisna,neutral,negative
518,pair3,ខណៈ ទីភ្នាក់ងារសារព័ត៌មានរុស្ស៊ីបានរាយការណ៍ថា លោក ពូទីន បាននិយាយនៅក្នុងកិច្ចប្រជុំជាមួយប្រធានគណៈកម្មាធិការស៊ើបអង្កេត ដែលលោកបានបង្កើតឡើង ដើម្បីពិនិត្យមើលហេតុកាណ៍នេះ។,neutral,agreed,Seth,Krisna,neutral,neutral
519,pair3,មនុស្សដែលរីកចម្រើនទៅមុខលឿន ពួកគេតែងតែប្រុងប្រយ័ត្នណាស់ចំពោះទង្វើរបស់គេ ហើយជាពិសេសគឺអ្វីៗដែលគេនឹកគិត។,positive,agreed,Seth,Krisna,positive,positive
520,pair3,ដោយឡែក អ្នកបច្ចេកទេសសាងសង់ផ្លូវ បានបង្ហាញពីជម្រើសបច្ចេកទេសចំនួន៣ ដែលអាចសាងសង់ផ្លូវនេះឱ្យជាប់បានយូរ ជាពិសេស ការសាងសង់គ្រឹះ។,positive,agreed,Seth,Krisna,positive,positive
521,pair3,គេបានយកសាកសពរុំក្នុងកំណាត់សូត្រពណ៌ស ប្រើមឈូសឈើ និងយកទៅបូជានៅទីដ៏ឆ្ងាយជាសម្ងាត់,neutral,agreed,Seth,Krisna,neutral,neutral
522,pair3,ភ្នំពេញ PropNex Cambodia ដែលជាក្រុមហ៊ុនបុត្រសម្ព័ន្ធរបស់ក្រុមហ៊ុនអចលនទ្រព្យដ៏ធំមានមូលដ្ឋាននៅក្នុងប្រទេសសិង្ហបុរី PropNex បានប្រកាសចូលក្នុងទីផ្សារអចលនទ្រព្យកម្ពុជាជាផ្លូវការជាមួយទស្សនវិស័យពង្រីកភ្នាក់ងារលក់មានវិជ្ជាជីវៈឱ្យដល់ចំនួន ១ ០០០ នាក់ ត្រឹមឆ្នាំ ២០២៣។,positive,agreed,Seth,Krisna,positive,positive
523,pair3,ពេលខ្លះស្នេហាប្រៀបដូចជាថ្នាំដែលល្វីង ប៉ុន្តែថ្នាំល្វីងនេះអាចព្យាបាលជំងឺរបស់យើងឱ្យជាសះស្បើយបាន។,,needs_adjudication,Seth,Krisna,positive,neutral
524,pair3,ចំពោះរឿងគ្រួសារ និងស្នេហា មានភាពផ្អែមល្ហែម ត្រជាក់ត្រជុំ។,positive,agreed,Seth,Krisna,positive,positive
525,pair3,"បណ្តាញផ្សព្វផ្សាយសង្គម Facebook បានបញ្ជាក់ថា ជាបណ្តាញដែលមានប្រជាប្រិយភាពជាងគេ ដែលបណ្តាញនេះមានអ្នកប្រើប្រាស់រហូតដល់ ៦,៨ លាននាក់នៅក្នុងឆ្នាំ ២០១៨ ដែលចំនួននេះស្មើនឹងចំនួនពាក់កណ្តាលនៃប្រជាជនសរុប ហើយក៏ជាកំណើនដ៏គួរឱ្យកត់សម្គាល់ ដែលកើនពីចំនួន ៤,៨ លាននាក់កាលពីនៅក្នុងឆ្នាំ ២០១៧។",positive,agreed,Seth,Krisna,positive,positive
526,pair3,គួបញ្ជាក់ផងដែរថា ការវាយប្រហារដោយមីស៊ីលក្នុងតំបន់ Zaporizhzhia នេះ បានកើតឡើងមួយថ្ងៃបន្ទាប់ពីលោក ពូទីន បានចុះហត្ថលេខាលើច្បាប់មួយ ដើម្បីបញ្ចូលតំបន់ចំនួន ៤ របស់អ៊ុយក្រែនទៅក្នុងប្រទេសរុស្ស៊ី៕,negative,agreed,Seth,Krisna,negative,negative
527,pair3,ហើយមកដល់ពេលនេះទើបខ្ញុំដឹងថា តាមការពិតទៅគ្មាននរណាខ្វល់ខ្វាយពីយើងតាំងតែពីដំបូងម្ល៉េះ ព្រោះមនុស្សគ្រប់គ្នារវល់ខ្វល់ខ្វាយ និងគិតគូរពីរឿងរបស់គេដែរ,negative,agreed,Seth,Krisna,negative,negative
528,pair3,លោក ហ៊ុន សែន បានលើកឡើងថា វិស័យឯកជននៅកម្ពុជាកំពុងបន្តពង្រឹង និងពង្រីកខ្លួនជាបន្តបន្ទាប់ ដែលសកម្មភាពនេះទាមទារឱ្យមានការបណ្តុះបណ្តាលធនធានមនុស្សមានសមត្ថភាពកាន់តែច្រើន ខណៈរដ្ឋាភិបាលចាត់ទុកវិស័យឯកជន គឺជាក្បាលម៉ាស៊ីនកំណើនសេដ្ឋកិច្ច។,neutral,agreed,Seth,Krisna,neutral,neutral
529,pair3,សូមក្មួយដឹងច្បាស់ ថា គ្មាននណារម្នាក់ចង់ឲ្យយើងខ្ពស់ពូកែរជាងគេទេ។,negative,agreed,Seth,Krisna,negative,negative
530,pair3,ចំណែក កីឡាករ ឈុត សេរីវ៉ាន់ថង នៅតែរក្សាទម្រង់ប្រកួតបានយ៉ាងល្អ ដោយរូបគេបានយកឈ្នះពិន្ទុមិត្តរួមក្រុមជម្រើសជាតិ វ៉ាន់ វឿន បន្ទាប់ពីតស៊ូគ្នាពេញ៥ទឹកមកនោះ។,positive,agreed,Seth,Krisna,positive,positive
531,pair3,ថ្លែងបន្ទាប់ពីកិច្ចប្រជុំកំពូលនៃអង្គការសហប្រតិបត្តិការសៀងហៃ លោក ពូទីន បានចាត់ទុកការឈ្លានពានរបស់រុស្ស៊ីថាជាជំហានចាំបាច់មួយដើម្បីការពារអ្វីដែលលោកបាននិយាយថាជាផែនការរបស់លោកខាងលិចដើម្បីបំបែកប្រទេសរុស្ស៊ី។,neutral,agreed,Seth,Krisna,neutral,neutral
532,pair3,កាលពីយប់ថ្ងៃទី១០ ខែកញ្ញា ឆ្នាំ២០២២ មានករណីបុរសម្នាក់បានយកសំរាមទៅបោះចោលនៅទីសាធារណៈ ដែលមានទីតាំង ខាងក្រោងការាស់សាំងកាល់តិច ស្ថិតនៅភូមិ១ សង្កាត់លេខ២ ក្រុងព្រះសីហនុ។,negative,agreed,Seth,Krisna,negative,negative
533,pair3,កាលមកដល់ថ្មីៗគ្មានអ្នកណានិយាយរកខ្ញុំទេខ្ញុំនៅត្រឹកៗម្នាក់ឯងធុញអើយសែនធុញបើកុំតែបងប្រុសស្នាក់ការធំខ្ញុំកាចម្ល៉េះខ្ញុំវិលទៅក្រចេះវិញបាត់ទៅហើយ,negative,agreed,Seth,Krisna,negative,negative
534,pair3,ចៅពញាភក្តីសង្គរាមហុកទទួលព្រះរាជបញ្ជាហើយក៏សន្យានឹងព្រះជ័យជេដ្ឋាថាតែ៧ថ្ងៃនឹងធ្វើការនេះឲ្យបានសម្រេចហើយសូមព្រះអង្គឲ្យទ័ពទៅចាំទទួល។,,needs_adjudication,Seth,Krisna,neutral,negative
535,pair3,បើដល់ពេលឃ្លានក៏ទៅរកអីញ៉ាំទៅ។,neutral,agreed,Seth,Krisna,neutral,neutral
536,pair3,ការសិក្សានៅក្នុង ទស្សនាវត្តីវេជ្ជសាស្រតផ្នែកអាហារូបត្ថម្ភរបស់អាមេរិកាំង បានបង្ហាញថា មនុស្សត្រូវបរិភោគអាហារជាមធ្យមប្រហែល ៣០០ កាឡូរីក្នុងមួយថ្ងៃ ទន្ទឹមនឹងពេលដែលពួកគេទទួលទានដំណេកយ៉ាងលក់ស្រួល ។,neutral,agreed,Seth,Krisna,neutral,neutral
537,pair3,និយ័តករទូរគមនាគមន៍កម្ពុជា ប្រកាសបិទខ្ទប់គេហទំព័រនិងយូអអិល ចំនួន ៩ ដែលបង្ហោះរូបភាព និងវីដែអូអាសអាភាសកុមារ។,positive,agreed,Seth,Krisna,positive,positive
538,pair3,បន្ទាប់ពីនោះក្រុមអ្នកកាសែតចែកជើងគ្នារត់ទៅសួរលោកនេះម្តងលោកនោះម្តង ថាភាគីទាំងពីរព្រមព្រៀងគ្នាយ៉ាងម៉េចខ្លះលើចំណុចខ្វែងគំនិតគ្នាទាំងជាង១០ចំណុចនោះតែមិនបានចម្លើយតបនោះទេ។,neutral,agreed,Seth,Krisna,neutral,neutral
539,pair3,សម្តេចក៏បានចំអកទៅកាន់ក្រុមប្រឆាំងថា រាល់អ្វីដែលធ្វើ គឺគោរពតាមច្បាប់ ហើយអ្នកចាញ់កុំបន្ទោសគេ ចាញ់ដោយខ្លូនឯង ភ្លើដោយខ្លួនឯង ឬហៅថាចាញ់អមត ៕,neutral,agreed,Seth,Krisna,neutral,neutral
540,pair3,កន្លងមក ជៀសមិនផុតពីមានការិយាល័យខ្លះមានភាពមិនប្រក្រតីឡើយ។,negative,agreed,Seth,Krisna,negative,negative
541,pair3,នេះគ្រាន់តែជាជ្រុងមួយនៃគំនិតសម្រាប់ចែកពិចារណ៍ជាសាធារណ៍។,neutral,agreed,Seth,Krisna,neutral,neutral
542,pair3,គោលដៅនេះគួរតែមានលក្ខណៈគ្រប់ជ្រុងជ្រោយ៖ ក្រៅពីចំណាត់ថ្នាក់សិក្សា គួរតែមានចំណុចសំខាន់ៗសម្រាប់ការរីកចម្រើនផ្ទាល់ខ្លួន និងការអភិវឌ្ឍអត្តចរិត។,positive,agreed,Seth,Krisna,positive,positive
543,pair3,បទមួយណាក៏ពិរោះដែល នឹកស្រុកខ្លាំងណាស់,positive,agreed,Seth,Krisna,positive,positive
544,pair3,លោកឧកញ៉ាបន្ថែមថា រឹតតែអស្ចារ្យជាងនេះទៅទៀត សម្រាប់អតិថិជនទាំងអស់ ដែលមកចូលរួមពិធីបើកលក់ជាផ្លូវការ គម្រោង ហ្គ្រេនភ្នំពេញស៊ីធី ទីII រយៈពេលបីថ្ងៃនេះ នឹងទទួលបានការផ្តល់ជូនពិសេសមិនធ្លាប់មាន,neutral,agreed,Seth,Krisna,neutral,neutral
545,pair3,តុលាការចាប់ផ្តើមកោះហៅសាក្សីចូលបំភ្លឺក្នុងដំណាក់កាលនៃសវនាការជំនុំជម្រះចាប់ពីសវនាការសប្តាហ៍លើកទី៥៩ មក។,neutral,agreed,Seth,Krisna,neutral,neutral
546,pair3,បើតាមលោករដ្ឋមន្ត្រីសុខាភិបាលដដែល នៅក្នុងចំណោមអ្នកដែលគេជួយសង្គ្រោះបាននោះ មាន ១១ នាក់កំពុងទទួលការព្យាបាលនៅមន្ទីរពេទ្យ។,neutral,agreed,Seth,Krisna,neutral,neutral
547,pair3,អារម្មណ៍នៃភាពអស់កម្លាំងខ្លាំង អាចជារោគសញ្ញាមួយក្នុងចំណោមរោគសញ្ញានៃជំងឺធ្លាក់ទឹកចិត្ត។,negative,agreed,Seth,Krisna,negative,negative
548,pair3,ដូច្នេះបើយើងមានឱកាសទទួលនូវអារម្មណ៍ល្អពីរឿងអ្វីមួយ យើងគួរតែចំណាយពេលផ្តោតអារម្មណ៍ដោយក្តីអំណរ និងយកចិត្តទុកដាក់ជាមួយអារម្មណ៍រីករាយមួយនោះឲ្យបានយូរ និងច្រើនបំផុត ព្រោះវាមានតែម្តងប៉ុណ្ណោះក្នុងមួយជីវិត។,positive,agreed,Seth,Krisna,positive,positive
549,pair3,មែនទែនទៅ ក្លឹប Inter Miami មានបំណងចង់បាន Cristiano Ronaldo ដើម្បីជំនួសតួនាទីតំបន់ប្រយុទ្ធ Gonzalo Higuain ដែលបានប្រកាសចូលនិវត្តន៍ពីអាជីពបាល់ទាត់នាចុងបញ្ចប់រដូវកាលនេះ។,neutral,agreed,Seth,Krisna,neutral,neutral
550,pair3,មុខងាររបស់តម្រងនោម ជាទូទៅអាចបញ្រ្ចាស់ទៅវិញទៅមក ។,neutral,agreed,Seth,Krisna,neutral,neutral
551,pair3,លើសពីនេះទៀតមាត្រា ៣៩ នៃច្បាប់ស្តីពីការអប់រំបានផ្តោតជាពិសេសលើសិទ្ធិរបស់សិស្សពិការ។,neutral,agreed,Seth,Krisna,neutral,neutral
552,pair3,ខណៈពេលដែលច្បាប់ការងារធានាបរិស្ថានការងារសុវត្ថិភាព ស្តង់ដាសុវត្ថិភាពនៅតែទាប ហើយការពង្រឹងការអនុវត្តក៏មិនអានទៅរួច ដោយសារកម្ពុជាពុំទាន់មានអនុក្រឹត្យស្តីពីសុខភាព និងសុវត្ថិភាពសម្រាប់វិស័យឧស្សាហកម្ម ដូចជាក្នុងវិស័យសំណង់ជាដើម។,negative,agreed,Seth,Krisna,negative,negative
553,pair3,ជួនកាលយើងគ្រាន់តែត្រូវការមនុស្សម្នាក់ដែលទទួលយក ជឿជាក់ ឬគាំទ្រយើងតែប៉ុណ្ណោះ ហើយនៅពេលដែលយើងមានភាពជឿជាក់គ្រប់គ្រាន់ក្នុងការទទួលយកភាពខុសគេរបស់ខ្លួនឯងហើយ នោះរឿងអស្ចារ្យនឹងកើតមានឡើង។,positive,agreed,Seth,Krisna,positive,positive
554,pair3,ក្បាលរបស់ខ្ញុំមានអារម្មណ៍ថាមិនស្រលះសោះ,negative,agreed,Seth,Krisna,negative,negative
555,pair3,ការថយចុះនូវជីជាតិដីដោយសារការធ្វើប្រពលវប្បកម្មដំណាំបន្តបន្ទាប់ក្នុងរយៈពេលយូរអង្វែងគួរត្រូវពិចារណា និងរកមធ្យោបាយកែលម្អ,neutral,agreed,Seth,Krisna,neutral,neutral
556,pair3,ពួកគេមិនអាចញុំាអាហារមានចំនួនស្មើគ្នានឹងមនុស្សពេញវ័យឡើយ។,neutral,agreed,Seth,Krisna,neutral,neutral
557,pair3,ប្រភពដដែលរំឭកថា នៅប្រទេសកម្ពុជា មានបឹងទន្លេសាបដ៏ធំល្វឹងល្វើយ ទន្លេមេគង្គ ស្ទឹង បឹងបួដែលកន្លងមក ប្រភពទាំងអស់នេះ បានផ្គត់ផ្គង់ត្រីរាប់សែនតោន សម្រាប់ការប្រើប្រាស់ក្នុងស្រុក និងនាំចេញ រហូតដល់ប្រជាជនមួយចំនួនមិនដែលនឹងគិតចង់បរិភោគត្រីចិញ្ចឹមឡើយ។,positive,agreed,Seth,Krisna,positive,positive
558,pair3,ប្រៀបដូចព្រះរាជហរទ័យព្រះអង្គលះបង់មច្ឆរិយធម៌បានតែងទ្រង់ប្រោសប្រាណអស់សត្វលំបាកតោកយ៉ាកផងបើចេញពាក្យសុំអ្វីក៏មានដូចចិត្តទាំងនេះខ្ញុំតាជីពោលពាក្យពិតពុំមុសា។,neutral,agreed,Seth,Krisna,neutral,neutral
559,pair3,ទន្ទឹមនឹងពេលដែលភ្ញៀវទេសចរហូរចូលកម្ពុជារាប់លាននាក់ជារៀងរាល់ឆ្នាំ ប្រជាជនកម្ពុជាខ្លួនឯងផ្ទាល់ហាក់មិនសូវបានចាប់អារម្មណ៍ពីសម្បត្តិធម្មជាតិរបស់ខ្លួនឱយបានក្បោះក្បាយ។,negative,agreed,Seth,Krisna,negative,negative
560,pair3,មនុស្សខ្លះ តែងតែមានអារម្មណ៍ច្រណែននឹងអ្នកដទៃគ្រប់រឿង ប៉ុន្តែត្រង់ហ្នឹងវាក៏ធ្វើឱ្យយើងយល់ថា «ជាការពិត គឺដោយសារតែគេមានអារម្មណ៍ថា មនុស្សដែលគេច្រណែននោះមានអ្វីដែលល្អជាងអ្វីៗដែលគេមាន»។,neutral,agreed,Seth,Krisna,neutral,neutral
561,pair3,លើសពីនេះវិស័យកម្មន្តសាលមិនមែនកាត់ដេរ បានបន្តកំណើនដ៏រឹងមាំថែមទៀត។,neutral,agreed,Seth,Krisna,neutral,neutral
562,pair3,ការណែនាំក្នុងការប្រើប្រាស់មានសរសេរនៅលើប្រអប់,neutral,agreed,Seth,Krisna,neutral,neutral
563,pair3,ខ្ញុំគំរោងនឹងស្នាក់នៅប្រាំថ្ងៃ,neutral,agreed,Seth,Krisna,neutral,neutral
564,pair3,ខ្ញុំគួរតែផ្លាស់កន្លែងអង្គុយ,neutral,agreed,Seth,Krisna,neutral,neutral
565,pair3,នេះបើតាមវេទិការផ្សព្វផ្សាយគោលការណ៍ណែនាំក្នុងការអនុវត្តគម្រោងអភិវឌ្ឍន៍ទេសចរណ៍ផ្សារភ្ជាប់នឹងធម្មជាតិខ្នាតតូច កាលពីថ្ងៃទី០៣ ខែតុលា ឆ្នាំ២០២២។,neutral,agreed,Seth,Krisna,neutral,neutral
566,pair3,អ្នកខ្លះគ្នាភ័យពេកក៏សម្រេចអត់មកម៉ងទៅ,negative,agreed,Seth,Krisna,negative,negative
567,pair3,"ចំណុចដៅ ៤,៣ (តុល្យភាពយេនឌ័រនៃការចុះឈ្មោះចូលរៀនថ្នាក់ឧត្តមសិក្សា) នឹងត្រូវត្រួតពិនិត្យដោយក្រសួងអប់រំ យុវជន និងកីឡា និង ក្រសួងវប្បធម៌និងវិចិត្រសិល្បៈ (MCFA)។",neutral,agreed,Seth,Krisna,neutral,neutral
568,pair3,"ការទទួលស្គាល់ភាពខុសគ្នាមានន័យថាការយល់ដឹងថាយើងដូចគ្នា, យើងខុសគ្នាយ៉ាងដូចម្តេចដែរហើយនិងប្រព្រឹត្តលើអ្នកទាំងអស់គ្នាដោយគោរពនិងយល់ដឹងដោយឥតគិតអំពីភាពខុសពីគ្នាឡើយ។",negative,agreed,Seth,Krisna,negative,negative
569,pair3,ប្រព័ន្ធអប់រំនៅកម្ពុជាបានឆ្លងកាត់កំណែទម្រង់ជាច្រើនក្នុងរយៈពេលមួយទសវត្សរ៍ចុងក្រោយ នេះជាពិសេសជុំវិញកំណែទម្រង់វិមជ្ឈការ និងវិសហមជ្ឈការ។,neutral,agreed,Seth,Krisna,neutral,neutral
570,pair3,ខាងក្រោមនេះគឺជាទម្លាប់នៃការញ៉ាំម្ហូបអាហាររបស់អាស៊ីប្រកបដោយសុខភាពដែលអ្នកអាចអនុវត្តនៅថ្ងៃនេះ,positive,agreed,Seth,Krisna,positive,positive
571,pair3,ការចុះបង្ករាបទីតាំងល្បែងខាងលើធ្វើឡើងក្រោយទទួលបានបញ្ជាពីឯកឧត្តមឧត្តមសេនីយ៍ឯក ស ថេត អគ្គស្នងការរងនគរបាលជាតិនិងជាស្នងការនគរបាលរាជធានីភ្នំពេញ។,neutral,agreed,Seth,Krisna,neutral,neutral
572,pair3,ប្រសិនបើអ្នកកុម្ម៉ង់បន្លែ(សាលាដ) សូមដាក់ទឹកជ្រលក់ឲ្យតិចបំផុត។,neutral,agreed,Seth,Krisna,neutral,neutral
573,pair3,ពេលខ្លះការចាប់ផ្តើមហាត់ប្រាណដែលចាត់ទុកថាជារឿងពិបាក អាចក្លាយទៅជារឿងសប្បាយសម្រាប់មនុស្សពីរនាក់ទៅវិញ ពិសេសប្រសិនបើអ្នកមានគម្រោងចង់អបអរជាមួយគ្នាបន្ទាប់ពីហាត់ប្រាណរួច។,positive,agreed,Seth,Krisna,positive,positive
574,pair3,បងអើយ អ្នកគ្រប់គ្នាដែលបានដឹងដំណឹងនេះច្បាស់ជាមានសេចក្តីស្រណោះស្រណោក អាឡោះអាល័យជាពន់ពេកណាស់។,neutral,agreed,Seth,Krisna,neutral,neutral
575,pair3,សុវណ្ណាភូមិ ឡាយហ្វ៍ គឺជាផ្នែកមួយនៃក្រុមហ៊ុន Canadia Investment Holdings និង Muang Thai Life របស់ប្រទេសថៃ ដែលកំពុងពង្រឹងផែនការទីផ្សាររបស់ខ្លួនសម្រាប់រយៈពេលច្រើនឆ្នាំទៅមុខ ខណៈឧស្សាហកម្មនេះ កំពុងប្រកួតប្រជែងជាមួយក្រុមហ៊ុនចំណូលថ្មីនៅក្នុងទីផ្សារធានារ៉ាប់រងអាយុជីវិត។,positive,agreed,Seth,Krisna,positive,positive
576,pair3,ការងងុយគេង ហាក់ដូចជាស្ថានភាពដែលអសកម្មភាពទាំងស្រុង ប៉ុន្តែអ្វីដែលយើងមិនបានដឹងនោះគឺថា ក្នុងអំឡុងពេលយើងគេង តើរាង្គកាយរបស់យើងកំពុងធ្វើការដែរឬយ៉ាងណា។,neutral,agreed,Seth,Krisna,neutral,neutral
577,pair3,ចំណែកជំពូក២កំណត់ពីការបង្កើតគណៈកម្មាធិការជាតិគ្រប់គ្រងគ្រោះមហន្តរាយអគ្គលេខាធិការដ្ឋានយន្តការគ្រប់គ្រងគ្រោះមហន្តរាយនៅក្នុងក្រសួងស្ថាប័ននិងគណៈកម្មាធិការថ្នាក់ក្រោមជាតិ។,neutral,agreed,Seth,Krisna,neutral,neutral
578,pair3,គេចាប់ផ្តើមសែនគេនាំគ្នាអុជធូប ទៀន ហើយពេលអស់ធូបដោយយកនំនែក ឬផ្លែឈើមកទទួលទានរួមគ្នា ដើម្បីធ្វើឱ្យបរិយាកាសប្រកបដោយភាពអធិកអធម រួមទាំងក្តីស្រឡាញ់ក្នុងក្រុមគ្រួសារ ។,positive,agreed,Seth,Krisna,positive,positive
579,pair3,លោកបញ្ជាក់ថា៖ ប្រទេសយើងបានចូលជាសមាជិកនៃអង្គការពាណិជ្ជកម្មពិភពលោកតាំងពីឆ្នាំ ២០០៤ គឺយើងចូលមុនប្រទេសវៀតណាម មុនប្រទេសរុស្ស៊ីទៅទៀត ប៉ុន្តែយើងក៏នៅខ្វះលិខិតបទដ្ឋានមួយចំនួន ហើយយើងក៏នៅមានគិតពីចំណុចមួយចំនួនដែលត្រូវធ្វើការកែលម្អនៅក្នុងការគ្រប់គ្រងសេដ្ឋកិច្ចរបស់យើង។,neutral,agreed,Seth,Krisna,neutral,neutral
580,pair3,ហើយនៅក្នុងសេដ្ឋកិច្ចទីផ្សារសេរី និងមូលធននិយម វាជាកត្តាសត្យានុម័ត ដែលឱកាសសេដ្ឋកិច្ចមានមិនស្មើគ្នានោះទេ ដូច្នេះហើយទើបរដ្ឋាភិបាលគ្រប់ប្រទេសតែងតែខិតខំប្រមូលពន្ធ និងទាញវិនិយោគ រោងចក្រ ឬគម្រោងអភិវឌ្ឍន៍នានា ទៅតាមទីជនបទ ដើម្បីខិតខំបែងចែកផលប្រយោជន៍ដែលកើតឡើងពីកំណើនសេដ្ឋកិច្ច។,positive,agreed,Seth,Krisna,positive,positive
581,pair3,លោក ហែមថុន ពន្លឺ បានបន្ថែមថាក្រោយបញ្ចប់កម្មវិធីកីឡាជាតិ ការហ្វឹកហាត់នេះ នឹងត្រូវកាត់ចោលការហែលទឹក៣ថ្ងៃនោះ ដោយបង្កើនម៉ោងហ្វឹកហាត់ សម្រាប់វិញ្ញាសាហែលជើងទាសុទ្ធ។,neutral,agreed,Seth,Krisna,neutral,neutral
582,pair3,នៅពេលសួរនៅក្នុងបទសម្ភាសជាមួយទូរទស្សន៍រុស្ស៊ី Rossiya-1 ថាតើរុស្ស៊ីនឹងជំនួសបំពង់បង្ហូរឧស្ម័នរុស្ស៊ីទៅកាន់ទ្វីបអឺរ៉ុប Nord Stream 2 ជាមួយនឹងបំពង់ទៅកាន់ប្រទេសចិន Asian Force Siberia 2 ទេ។,neutral,agreed,Seth,Krisna,neutral,neutral
583,pair3,ខ្ញុំចង់កាត់ម៉ូដរបស់ម៉ាដូណា,neutral,agreed,Seth,Krisna,neutral,neutral
584,pair3,ក៏ដូចគ្នាដែរចំពោះមនុស្សដែលនៅក្មេងមិនទាន់នឹងមានទំនួលខុសត្រូវខ្ពស់នៅឡើយទេចំពោះការសម្រេចចិត្ត ទៀតសោតការគិតគូរមិនសូវបានវែងឆ្ងាយ(ដោយបុគ្គល) ដូចគ្នានោះដែរ។,negative,agreed,Seth,Krisna,negative,negative
585,pair3,ក្នុងឱកាសខួប៨ឆ្នាំ នៃការចេញសាលក្រមឆ្នាំ២០១៣នេះ ធ្វើឲ្យខ្ញុំនឹកភ្នកដល់មនុស្សម្នាក់ ដែលសាធារណៈជន ឬអ្នកសិក្សាស្រាវជ្រាវខ្លះមិនធ្លាប់ស្គាល់ឬមិនបានចាប់អារម្មណ៍នឹងឈ្មោះគាត់ផង។,negative,agreed,Seth,Krisna,negative,negative
586,pair3,បងពេញចិត្តប្អូនប្រុសនាង ដាវីនច្រៀងបានពិរោះនឹងកាយវិការស់រវើកល្អៗបងសូមសរសើរដោយស្មោះ,positive,agreed,Seth,Krisna,positive,positive
587,pair3,ចាត់ទុកថាជាការសុំទោសដែលថ្ងៃមុននាងរត់មិនមើលមកបុកខ្ញុំទៅចុះ,positive,agreed,Seth,Krisna,positive,positive
588,pair3,កាលពីថ្ងៃទី ៧ ខែតុលានេះ តុលាការក៏បានកាត់ក្តីឱ្យអ្នកនយោបាយជំទាស់រូបនោះចាញ់ភាគីដើមបណ្តឹងគឺគណបក្សប្រជាជនកម្ពុជា និងគណៈកម្មាធិការជាតិរៀបចំការបោះឆ្នោត (គ.ជ.ប)។,negative,agreed,Seth,Krisna,negative,negative
589,pair3,អង្គការ Disability Rights California តស៊ូដើម្បីបញ្ចប់ការពាក់ព័ន្ធរបស់នគរបាលជាមួយនឹងជនមានពិការភាពជាប់ខ្លួន និងពង្រីកសេវារបស់ខ្លួននៅក្នុងសហគមន៍ ដើម្បីធ្វើឲ្យអ្នកទាំងនោះមានសុវត្ថិភាព ។,positive,agreed,Seth,Krisna,positive,positive
590,pair3,តែការបូជា ការធ្វើចេតិយនៅផ្ទះ ដោយសារជំនឿ ដូចនៅកៀនស្វាយអី គេបូជានៅតាមផ្ទះអីចឹងទៅ។,neutral,agreed,Seth,Krisna,neutral,neutral
591,pair3,លោកសង្ស័យថា ការផលិតនាឡិកាចំនួន២៥គ្រឿងនេះ ត្រូវចំណាយអស់ថវិកាជាតិច្រើន ប៉ុន្តែយ៉ាងណា លោក គឹម សុខ មើលឃើញថា នេះជារឿងឥតប្រយោជន៍ ព្រោះមេដឹកនាំប្រទេសផ្សេងៗទៀត ដឹងច្បាស់ថាអំណោយរបស់លោក ហ៊ុន សែន នេះគ្រាន់តែជាអំនួតដែលកើតចេញពីភាពក្អេងក្អាងរបស់លោកតែប៉ុណ្ណោះ។,negative,agreed,Seth,Krisna,negative,negative
592,pair3,ការស្រាវជ្រាវនៅសាកលវិទ្យាល័យបានរកឃើញថាការគេងមិនដកដង្ហើមត្រូវបានផ្សារភ្ជាប់ជាមួយនឹងអត្រាខ្ពស់នៃជំងឺដែលជាមូលហេតុនៃការស្លាប់ដែលទាក់ទងទៅនឹងការមានផ្ទៃពោះនិងការសម្រាលដែលរួមមានបេះដូងរីកកំនកឈាមនៅក្នុងសួតនិងជំងឺព្រាយក្រឡាភ្លើង។,negative,agreed,Seth,Krisna,negative,negative
593,pair3,មន្រតីការពារសិទ្ធិមនុស្សនៃសមាគមអាដហុក លោក យី សុខសាន្ត ដែលឃ្លាំមើលពីដំណើរការសវនាការនេះ យល់ថា ការអំពាវនាវរបស់ថ្នាក់ដឹកនាំ និងសកម្មជនទាំងអស់ ជាសិទ្ធិបញ្ចេញមតិតែប៉ុណ្ណោះ។,neutral,agreed,Seth,Krisna,neutral,neutral
594,pair3,យើងត្រូវជឿជាក់ប៉ុន្តែមិនមែនជឿងប់។,positive,agreed,Seth,Krisna,positive,positive
595,pair3,ដើម្បីបង្កើតប្រព័ន្ធអប់រំអេឡិចត្រូនិករយៈពេលមធ្យម និងវែងក្រសួងកំពុងរកហិរញ្ញប្បទានបន្ថែម,positive,agreed,Seth,Krisna,positive,positive
596,pair3,ការធានាឲ្យបានថា កូនៗទទួលបានការអប់រំគឺជាមធ្យោបាយដ៏មាននិរន្តភាពមួយដើម្បីកសាងអនាគតរបស់ពួកគេ ហើយជាអ្វីដែលឳពុកម្តាយគ្រប់រូបបានលះបង់ ដើម្បីសម្រេចឲ្យខានតែបាន។,positive,agreed,Seth,Krisna,positive,positive
597,pair3,មួយវិញទៀត លោកថា ការលើកឡើងរបស់រដ្ឋមន្រតីក្រសួងមហាផ្ទៃ ជាតម្រុយសំខាន់សម្រាប់ឱ្យក្រសួងនិងស្ថាប័នពាក់ព័ន្ធត្រួតពិនិត្យឡើងវិញទៅលើនីតិវិធីផ្សេងៗ ដើម្បីបង្កើតជាវិធានការទប់ស្កាត់ កុំឱ្យថវិកាជាតិធ្លាក់ទៅក្នុងដៃមន្ត្រីខិលខូច ធ្វើឱ្យខាតប្រយោជន៍ជាតិតាមរយៈការបំប៉ោងទិន្នន័យ។,positive,agreed,Seth,Krisna,positive,positive
598,pair3,កាលណាយើងធ្វើខុសអ្វីមួយនោះហើយយើងមិនដឹង ទោសនោះពីមួយថ្ងៃទៅមួយថ្ងៃរឹតតែសង្កត់សង្កិនយើងកាន់តែធ្ងន់ទៅៗ។,negative,agreed,Seth,Krisna,negative,negative
599,pair3,ថ្ងៃមួយអាសំគមបាញ់លលកលីស្នា ដើរទៅស្វែងរកបាញ់លលកបានប្រទះឃើញភូមិសេដ្ឋី១មានដើមឈើដុះត្រសាយត្រសុំដង្គុំដង្គោលជាទីលំនៅនៃបក្សីមានលលកជាដើម,neutral,agreed,Seth,Krisna,neutral,neutral
600,pair3,ជានិស្សិតឆ្នាំទី ១ សិក្សាផ្នែកគំនូររចនានៅសាលាភូមិន្ទវិចិត្រសិល្បៈ យុវតីសម្បុរស្រអែមស្រស់ ជិន អយុធ្យា ធ្លាប់ស្ម័គ្រចិត្តគូរគំនូរដំណើររឿង ព្រះសម្មាសម្ពុទ្ធចំនួន ៣ ផ្ទាំងលើជញ្ជាំងសាលាឆាន់មួយនៅខេត្តកំពង់ស្ពឺ ដោយប្រើរយៈពេល ៣ ខែ។,positive,agreed,Seth,Krisna,positive,positive
