id,pair,label,sentence,cleaned_text,tokens,n_tokens_raw,n_tokens_clean
2,pair1,negative,"មាន ២,០៧៣ ករណីដែលបានរាយការណ៍ទាក់ទងនឹងការដួលសន្លប់របស់កម្មករ។",មាន ០៧៣ ករណី រាយការណ៍ ទាក់ទង ការដួល សន្លប់ កម្មករ,"['មាន', '០៧៣', 'ករណី', 'រាយការណ៍', 'ទាក់ទង', 'ការដួល', 'សន្លប់', 'កម្មករ']",13,8
3,pair1,neutral,ច្បាប់ស្តីពីការគ្រប់គ្រងនិងការធ្វើអាជីវកម្មធនធានរ៉ែពីពេលនេះតទៅហៅកាត់ថាច្បាប់រុករករ៉ែអះអាងថារាល់ធនធានរ៉ែទាំងអស់គឺជាទ្រព្យសម្បត្តិរដ្ឋ៤។,ច្បាប់ ស្តីពី ការគ្រប់គ្រង ការធ្វើ អាជីវកម្ម ធនធាន រ៉ែ ពេលនេះ តទៅ ហៅ កាត់ ច្បាប់ រុករក រ៉ែ អះអាង រាល់ ធនធាន រ៉ែ ទាំងអស់ គឺជា ទ្រព្យសម្បត្តិ រដ្ឋ ៤។,"['ច្បាប់', 'ស្តីពី', 'ការគ្រប់គ្រង', 'ការធ្វើ', 'អាជីវកម្ម', 'ធនធាន', 'រ៉ែ', 'ពេលនេះ', 'តទៅ', 'ហៅ', 'កាត់', 'ច្បាប់', 'រុករក', 'រ៉ែ', 'អះអាង', 'រាល់', 'ធនធាន', 'រ៉ែ', 'ទាំងអស់', 'គឺជា', 'ទ្រព្យសម្បត្តិ', 'រដ្ឋ', '៤។']",27,23
4,pair1,neutral,លើកលែងតែប៉ែក ខាងក្រោមទទួលរងឥទ្ធិពលខ្សោយពីប្រព័ន្ធសម្ពាធទាប ដែលអូសបន្លាយកាត់លើចុងខាងត្បូងនៃដីសណ្តមេគង្គ។,លើកលែងតែ ប៉ែក ខាងក្រោម ទទួល រង ឥទ្ធិពល ខ្សោយ ប្រព័ន្ធ សម្ពាធ ទាប អូសបន្លាយ កាត់ ចុង ខាងត្បូង នៃ ដី សណ្ត មេគង្គ,"['លើកលែងតែ', 'ប៉ែក', 'ខាងក្រោម', 'ទទួល', 'រង', 'ឥទ្ធិពល', 'ខ្សោយ', 'ប្រព័ន្ធ', 'សម្ពាធ', 'ទាប', 'អូសបន្លាយ', 'កាត់', 'ចុង', 'ខាងត្បូង', 'នៃ', 'ដី', 'សណ្ត', 'មេគង្គ']",22,18
7,pair1,positive,ការរួមចំណែក និងការខិតខំប្រឹងប្រែងរួមគ្នារបស់យើងជាមួយរាជរដ្ឋាភិបាលកម្ពុជាក្នុងអំឡុងវិបត្តិដ៏មហន្តរាយនេះបានបង្ហាញឱ្យអ្នករាល់គ្នាដឹងថា ក្រុមហ៊ុន Smart Axiata ពិតជានៅទីនេះ ដើម្បីបម្រើប្រទេសកម្ពុជា និងប្រជាជនកម្ពុជាទាំងអស់។,ការរួមចំណែក ការខិតខំ ប្រឹងប្រែង រួមគ្នា រាជ រដ្ឋាភិបាល កម្ពុជា អំឡុង វិបត្តិ ដ៏ មហន្តរាយ បង្ហាញ ឱ្យ រាល់គ្នា ដឹង ក្រុមហ៊ុន Smart Axiata ពិតជា ទីនេះ បម្រើ ប្រទេស កម្ពុជា ប្រជាជន កម្ពុជា ទាំងអស់,"['ការរួមចំណែក', 'ការខិតខំ', 'ប្រឹងប្រែង', 'រួមគ្នា', 'រាជ', 'រដ្ឋាភិបាល', 'កម្ពុជា', 'អំឡុង', 'វិបត្តិ', 'ដ៏', 'មហន្តរាយ', 'បង្ហាញ', 'ឱ្យ', 'រាល់គ្នា', 'ដឹង', 'ក្រុមហ៊ុន', 'Smart', 'Axiata', 'ពិតជា', 'ទីនេះ', 'បម្រើ', 'ប្រទេស', 'កម្ពុជា', 'ប្រជាជន', 'កម្ពុជា', 'ទាំងអស់']",39,26
11,pair1,positive,ប្រដាប់ប្រដាក្មេងលេងដែលត្រឹមត្រូវនឹងធ្វើឱ្យគេចាប់អារម្មណ៍ និងជាឧបករណ៍អប់រំដ៏ល្អឥតខ្ចោះ ។,ប្រដាប់ប្រដា ក្មេង លេង ត្រឹមត្រូវ ធ្វើឱ្យ ចាប់អារម្មណ៍ ឧបករណ៍ អប់រំ ដ៏ ល្អ ឥត ខ្ចោះ,"['ប្រដាប់ប្រដា', 'ក្មេង', 'លេង', 'ត្រឹមត្រូវ', 'ធ្វើឱ្យ', 'ចាប់អារម្មណ៍', 'ឧបករណ៍', 'អប់រំ', 'ដ៏', 'ល្អ', 'ឥត', 'ខ្ចោះ']",18,12
13,pair1,positive,គួរបញ្ជាក់ផងដែរថា កម្ពុជានៅតែមានការលើកទឹកចិត្តវិនិយោគមានភាពទាក់ទាញ គម្រោងវិនិយោគដែលមានលក្ខណៈសម្បត្តិគ្រប់់គ្រាន់ (QIP) មានសិទ្ធិទទួលបានការលើកទឹកចិត្តជាច្រើនដូចជា៖,គួរ បញ្ជាក់ ផងដែរ កម្ពុជា នៅតែ មាន ការលើកទឹកចិត្ត វិនិយោគ មាន ភាពទាក់ទាញ គម្រោង វិនិយោគ មាន លក្ខណៈ សម្បត្តិ គ្រប់់ គ្រាន់ QIP មាន សិទ្ធិ ទទួលបាន ការលើកទឹកចិត្ត ជាច្រើន ជា៖,"['គួរ', 'បញ្ជាក់', 'ផងដែរ', 'កម្ពុជា', 'នៅតែ', 'មាន', 'ការលើកទឹកចិត្ត', 'វិនិយោគ', 'មាន', 'ភាពទាក់ទាញ', 'គម្រោង', 'វិនិយោគ', 'មាន', 'លក្ខណៈ', 'សម្បត្តិ', 'គ្រប់់', 'គ្រាន់', 'QIP', 'មាន', 'សិទ្ធិ', 'ទទួលបាន', 'ការលើកទឹកចិត្ត', 'ជាច្រើន', 'ជា៖']",27,24
14,pair1,neutral,អាហ្នឹងយើងឃើញមានការដេញដោលប៉ុណ្ណឹងម្សិលមិញនេះ។,អា ហ្នឹង ឃើញ មាន ការដេញដោល ប៉ុណ្ណឹង ម្សិលមិញ,"['អា', 'ហ្នឹង', 'ឃើញ', 'មាន', 'ការដេញដោល', 'ប៉ុណ្ណឹង', 'ម្សិលមិញ']",10,7
17,pair1,positive,រដ្ឋាភិបាលបានចំណាយថវិកាច្រើនបំផុតនៃកញ្ចប់ថវិការរបស់ខ្លួនទៅលើការធ្វើឲ្យប្រសើរឡើងនៃការអប់រំ បង្កើនប្រាក់ខែរបស់គ្រូបង្រៀន និងការធ្វើកំណែទម្រង់គោលនយោបាយ។,រដ្ឋាភិបាល ចំណាយ ថវិកា ច្រើន បំផុត នៃ កញ្ចប់ ថវិការ ខ្លួន ការធ្វើឲ្យ ប្រសើរឡើង នៃ ការអប់រំ បង្កើន ប្រាក់ខែ គ្រូបង្រៀន ការធ្វើ កំណែទម្រង់ គោល នយោបាយ,"['រដ្ឋាភិបាល', 'ចំណាយ', 'ថវិកា', 'ច្រើន', 'បំផុត', 'នៃ', 'កញ្ចប់', 'ថវិការ', 'ខ្លួន', 'ការធ្វើឲ្យ', 'ប្រសើរឡើង', 'នៃ', 'ការអប់រំ', 'បង្កើន', 'ប្រាក់ខែ', 'គ្រូបង្រៀន', 'ការធ្វើ', 'កំណែទម្រង់', 'គោល', 'នយោបាយ']",27,20
20,pair1,positive,ចំណែកអ្នកនាំពាក្យគណបក្សប្រជាជនកម្ពុជា លោក សុខ ឥសាន យល់ថា ការសម្រេចរបស់តុលាការពេលនេះគឺផ្អែកតាមអង្គហេតុ និងអង្គច្បាប់ត្រឹមត្រូវ។,ចំណែក អ្នកនាំពាក្យ គណបក្ស ប្រជាជន កម្ពុជា សុខ ឥសាន យល់ ការសម្រេច តុលាការ ពេលនេះ ផ្អែក តាម អង្គហេតុ អង្គ ច្បាប់ ត្រឹមត្រូវ,"['ចំណែក', 'អ្នកនាំពាក្យ', 'គណបក្ស', 'ប្រជាជន', 'កម្ពុជា', 'សុខ', 'ឥសាន', 'យល់', 'ការសម្រេច', 'តុលាការ', 'ពេលនេះ', 'ផ្អែក', 'តាម', 'អង្គហេតុ', 'អង្គ', 'ច្បាប់', 'ត្រឹមត្រូវ']",23,17
22,pair1,neutral,ខ្ញុំចង់ចេញនៅថ្ងៃសុក្រនេះ,ចង់ ចេញ ថ្ងៃសុក្រ,"['ចង់', 'ចេញ', 'ថ្ងៃសុក្រ']",6,3
24,pair1,neutral,លោកអ្នកនាងជាទីមេត្រីថ្ងៃនេះ SBM News សូមលើកយក ជោគជតារាសី សម្រាប់ថ្ងៃសៅរ៍ ០៧រោច ខែភទ្របទ ឆ្នាំខាល ចត្វាស័ក ពុទ្ធសករាជ ២៥៦៦ ត្រូវនឹងថ្ងៃទី១៧ ខែកញ្ញា ឆ្នាំ២០២២ ដែលមានដូចតទៅ៖,អ្នកនាង ទី មេត្រី ថ្ងៃ SBM News សូម លើក យក ជោគជ តារាសី ថ្ងៃសៅរ៍ ០៧ រោច ខែ ភទ្រប ឆ្នាំ ខាល ចត្វា ស័ក ពុទ្ធ សករាជ ២៥៦៦ ត្រូវនឹង ថ្ងៃទី ១៧ ខែកញ្ញា ឆ្នាំ ២០២២ មាន ដូចត ទៅ៖,"['អ្នកនាង', 'ទី', 'មេត្រី', 'ថ្ងៃ', 'SBM', 'News', 'សូម', 'លើក', 'យក', 'ជោគជ', 'តារាសី', 'ថ្ងៃសៅរ៍', '០៧', 'រោច', 'ខែ', 'ភទ្រប', 'ឆ្នាំ', 'ខាល', 'ចត្វា', 'ស័ក', 'ពុទ្ធ', 'សករាជ', '២៥៦៦', 'ត្រូវនឹង', 'ថ្ងៃទី', '១៧', 'ខែកញ្ញា', 'ឆ្នាំ', '២០២២', 'មាន', 'ដូចត', 'ទៅ៖']",38,32
27,pair1,negative,គូសបញ្ជាក់ផងដែរថា ល្បែងស៊ីសងទាំងអស់នេះ អាចបណ្តាលឱ្យមានអំពើហិង្សា ការលួចឆក់ប្លន់ និងជាកន្លែងប្រើប្រាស់ជួញដូរចែកចាយគ្រឿងញៀនផងដែរ។,គូសបញ្ជាក់ ផងដែរ ល្បែងស៊ីសង ទាំងអស់ បណ្តាលឱ្យ មាន អំពើហិង្សា ការលួច ឆក់ ប្លន់ កន្លែង ប្រើប្រាស់ ជួញដូរ ចែកចាយ គ្រឿងញៀន ផងដែរ,"['គូសបញ្ជាក់', 'ផងដែរ', 'ល្បែងស៊ីសង', 'ទាំងអស់', 'បណ្តាលឱ្យ', 'មាន', 'អំពើហិង្សា', 'ការលួច', 'ឆក់', 'ប្លន់', 'កន្លែង', 'ប្រើប្រាស់', 'ជួញដូរ', 'ចែកចាយ', 'គ្រឿងញៀន', 'ផងដែរ']",22,16
28,pair1,positive,អ្នកស្រីបានលើកឡើងថា៖ ខ្ញុំចូលចិត្តអគារនៅសាលាវិទ្យាស្ថានភាសាបរទេសជាងគេ ព្រោះវានៅសល់គូទឹក នៅសល់សួនច្បារ ហើយនៅពេលយើងនៅក្នុងអគារហ្នឹងមានអារម្មណ៍ថា វាត្រជាក់ស្រួលខ្លួន។,អ្នកស្រី លើកឡើង ថា៖ ចូលចិត្ត អគារ សាលា វិទ្យាស្ថាន ភាសា បរទេស ជាង នៅសល់ គូ ទឹក នៅសល់ សួនច្បារ នៅពេល នៅក្នុង អគារ ហ្នឹង មាន អារម្មណ៍ ត្រជាក់ ស្រួលខ្លួន,"['អ្នកស្រី', 'លើកឡើង', 'ថា៖', 'ចូលចិត្ត', 'អគារ', 'សាលា', 'វិទ្យាស្ថាន', 'ភាសា', 'បរទេស', 'ជាង', 'នៅសល់', 'គូ', 'ទឹក', 'នៅសល់', 'សួនច្បារ', 'នៅពេល', 'នៅក្នុង', 'អគារ', 'ហ្នឹង', 'មាន', 'អារម្មណ៍', 'ត្រជាក់', 'ស្រួលខ្លួន']",34,23
29,pair1,neutral,កាលបើអង្គុយស្រួលបួលហើយបានដឹងកិច្ចការនោះសព្វគ្រប់បុរសទំពែកទាំង៤នាក់ក៏អង្គុយនៅស្ងៀមសញ្ជឹងគិតមួយសន្ទុះរួចឃុតក៏ចាប់និយាយមុនគេឡើងថា៖ទំពក់វាទៅទើបព្នៅវាមក។,កាលបើ អង្គុយ ស្រួលបួល ដឹង កិច្ចការ សព្វគ្រប់ បុរស ទំពែក ៤នាក់ អង្គុយ ស្ងៀម សញ្ជឹង គិត សន្ទុះ ឃុត ចាប់ និយាយ មុន ឡើង ថា៖ ទំពក់ ទើប ព្នៅ,"['កាលបើ', 'អង្គុយ', 'ស្រួលបួល', 'ដឹង', 'កិច្ចការ', 'សព្វគ្រប់', 'បុរស', 'ទំពែក', '៤នាក់', 'អង្គុយ', 'ស្ងៀម', 'សញ្ជឹង', 'គិត', 'សន្ទុះ', 'ឃុត', 'ចាប់', 'និយាយ', 'មុន', 'ឡើង', 'ថា៖', 'ទំពក់', 'ទើប', 'ព្នៅ']",38,23
32,pair1,positive,ក្រៅពីទម្លាប់ទទួលទានល្អ អ្នកក៏អាចធ្វើឲ្យសុខភាពកាន់តែប្រសើរឡើងមួយកម្រិតទៀត តាមរយៈការហាត់ប្រាណទៀងទាត់ និងកាត់បន្ថយការទទួលទានគ្រឿងស្រវឹង។,ក្រៅពី ទម្លាប់ ទទួលទាន ល្អ ធ្វើឲ្យ សុខភាព កាន់តែ ប្រសើរឡើង កម្រិត ទៀត តាមរយៈ ការហាត់ប្រាណ ទៀងទាត់ កាត់បន្ថយ ការទទួលទាន គ្រឿងស្រវឹង,"['ក្រៅពី', 'ទម្លាប់', 'ទទួលទាន', 'ល្អ', 'ធ្វើឲ្យ', 'សុខភាព', 'កាន់តែ', 'ប្រសើរឡើង', 'កម្រិត', 'ទៀត', 'តាមរយៈ', 'ការហាត់ប្រាណ', 'ទៀងទាត់', 'កាត់បន្ថយ', 'ការទទួលទាន', 'គ្រឿងស្រវឹង']",22,16
33,pair1,positive,ក្នុងសម័យឌីជីថលនេះ តួនាទីរបស់ទូរសព្ទស្មាតហ្វូនមានសារៈសំខាន់ខ្លាំងណាស់ ក្នុងការគាំទ្រសកម្មភាពមនុស្ស។,សម័យ ឌីជីថល តួនាទី ទូរសព្ទ ស្មាតហ្វូន មាន សារៈសំខាន់ ខ្លាំង ណាស់ ការគាំទ្រ សកម្មភាព មនុស្ស,"['សម័យ', 'ឌីជីថល', 'តួនាទី', 'ទូរសព្ទ', 'ស្មាតហ្វូន', 'មាន', 'សារៈសំខាន់', 'ខ្លាំង', 'ណាស់', 'ការគាំទ្រ', 'សកម្មភាព', 'មនុស្ស']",17,12
35,pair1,positive,នៅក្នុងសៀវភៅទក្ខិណានុប្បទានបានពន្យល់ថា ហេតុដែលនាំឱ្យកើតបុណ្យមានតែបីចំណុចប៉ុណ្ណោះគឺចេតនាទាំងបីហ្នឹងឯងជាប្រភពនាំឱ្យកើតបុណ្យ ដែលពាក្យថាចេតនានេះប្រែថា ការជ្រះថ្លា សប្បាយរីករាយ ពេញចិត្តក្នុងទង្វើល្អផ្សេងៗ មានចំណាយទ្រព្យធ្វើបុណ្យជាដើម ។,នៅក្នុង សៀវភៅ ទក្ខិណា នុប្បទាន ពន្យល់ ហេតុ នាំឱ្យ កើត បុណ្យ មាន បី ចំណុច ប៉ុណ្ណោះ ចេតនា បី ហ្នឹងឯង ប្រភព នាំឱ្យ កើត បុណ្យ ពាក្យ ចេតនា ប្រែ ការជ្រះថ្លា សប្បាយរីករាយ ពេញចិត្ត ទង្វើ ល្អ ផ្សេង មាន ចំណាយ ទ្រព្យ ធ្វើ បុណ្យ ជាដើម,"['នៅក្នុង', 'សៀវភៅ', 'ទក្ខិណា', 'នុប្បទាន', 'ពន្យល់', 'ហេតុ', 'នាំឱ្យ', 'កើត', 'បុណ្យ', 'មាន', 'បី', 'ចំណុច', 'ប៉ុណ្ណោះ', 'ចេតនា', 'បី', 'ហ្នឹងឯង', 'ប្រភព', 'នាំឱ្យ', 'កើត', 'បុណ្យ', 'ពាក្យ', 'ចេតនា', 'ប្រែ', 'ការជ្រះថ្លា', 'សប្បាយរីករាយ', 'ពេញចិត្ត', 'ទង្វើ', 'ល្អ', 'ផ្សេង', 'មាន', 'ចំណាយ', 'ទ្រព្យ', 'ធ្វើ', 'បុណ្យ', 'ជាដើម']",49,35
37,pair1,negative,លោកបានបន្ថែមថា ការបំភាយឧស្ម័នផ្ទះកញ្ចក់ចំនួន ៧០ លានតោនផ្សេងទៀតអាចត្រូវបានផលិតសម្រាប់ការកសាងឡើងវិញនូវហេដ្ឋារចនាសម្ព័ន្ធ និងអគារដែលត្រូវបានបំផ្លាញក្នុងអំឡុងសង្គរាម៕,បន្ថែម ការបំភាយ ឧស្ម័ន ផ្ទះ កញ្ចក់ ចំនួន ៧០ លាន តោន ផ្សេង ទៀត ត្រូវបាន ផលិត ការកសាងឡើងវិញ នូវ ហេដ្ឋារចនាសម្ព័ន្ធ អគារ ត្រូវបាន បំផ្លាញ អំឡុង សង្គរាម,"['បន្ថែម', 'ការបំភាយ', 'ឧស្ម័ន', 'ផ្ទះ', 'កញ្ចក់', 'ចំនួន', '៧០', 'លាន', 'តោន', 'ផ្សេង', 'ទៀត', 'ត្រូវបាន', 'ផលិត', 'ការកសាងឡើងវិញ', 'នូវ', 'ហេដ្ឋារចនាសម្ព័ន្ធ', 'អគារ', 'ត្រូវបាន', 'បំផ្លាញ', 'អំឡុង', 'សង្គរាម']",30,21
38,pair1,neutral,ឧស្សាហកម្មកំពុងផ្លាស់ប្តូរ ដំណើរការរបស់ពួកគេកំពុងឆ្ពោះទៅរកខ្សែចង្វាក់តម្លៃ។,ឧស្សាហកម្ម កំពុង ផ្លាស់ប្តូរ ដំណើរការ ពួកគេ កំពុង ឆ្ពោះទៅរក ខ្សែ ចង្វាក់ តម្លៃ,"['ឧស្សាហកម្ម', 'កំពុង', 'ផ្លាស់ប្តូរ', 'ដំណើរការ', 'ពួកគេ', 'កំពុង', 'ឆ្ពោះទៅរក', 'ខ្សែ', 'ចង្វាក់', 'តម្លៃ']",12,10
42,pair1,positive,ខ្សែបម្រើការពារស្លាបរបស់ក្រុមភ្នំពេញក្រោន កីឡាករ យ៉ើ ម៉ូស្លីម បានឱ្យដឹងថា បាទ បងពួកខ្ញុំបានត្រៀមខ្លួន១០០% ដើម្បីឡើងទៅវគ្គបន្ត ហើយពួកខ្ញុំបាន និងខិតខំ ប្រឹងប្រែងឱ្យអស់ពី សមត្ថភាពដែលពួកយើងមាន។,ខ្សែ បម្រើការពារ ស្លាប ក្រុម ភ្នំពេញ ក្រោន កីឡាករ យ៉ើ ម៉ូស្លីម ឱ្យដឹង បាទ បង ពួក ត្រៀម ខ្លួន ១០០ ឡើង វគ្គ បន្ត ពួក ខិតខំ ប្រឹងប្រែង ឱ្យ អស់ សមត្ថភាព ពួកយើង មាន,"['ខ្សែ', 'បម្រើការពារ', 'ស្លាប', 'ក្រុម', 'ភ្នំពេញ', 'ក្រោន', 'កីឡាករ', 'យ៉ើ', 'ម៉ូស្លីម', 'ឱ្យដឹង', 'បាទ', 'បង', 'ពួក', 'ត្រៀម', 'ខ្លួន', '១០០', 'ឡើង', 'វគ្គ', 'បន្ត', 'ពួក', 'ខិតខំ', 'ប្រឹងប្រែង', 'ឱ្យ', 'អស់', 'សមត្ថភាព', 'ពួកយើង', 'មាន']",42,27
43,pair1,positive,គោលបំណងនៃគោលដៅនេះ គឺពឹងផ្អែកលើការចាប់យកជំនាញ និងការកសាងសមត្ថភាពដើម្បីទទួលបាននូវចំណេះដឹងដែលកម្ពុជា និងប្រជាជនកម្ពុជាត្រូវការ។,គោលបំណង នៃ គោលដៅ ពឹងផ្អែក ការចាប់ យក ជំនាញ ការកសាង សមត្ថភាព ទទួលបាន នូវ ចំណេះដឹង កម្ពុជា ប្រជាជន កម្ពុជា ត្រូវការ,"['គោលបំណង', 'នៃ', 'គោលដៅ', 'ពឹងផ្អែក', 'ការចាប់', 'យក', 'ជំនាញ', 'ការកសាង', 'សមត្ថភាព', 'ទទួលបាន', 'នូវ', 'ចំណេះដឹង', 'កម្ពុជា', 'ប្រជាជន', 'កម្ពុជា', 'ត្រូវការ']",24,16
44,pair1,neutral,ទន្ទឹមនឹងនេះ អនុស្សរណៈរបស់សេតវិមានក៏បានលើកឡើងផងដែរថា ប្រាក់នឹងត្រូវប្រើប្រាស់សម្រាប់ការអប់រំ និងការបណ្តុះបណ្តាលយោធាអ៊ុយក្រែន។,ទន្ទឹមនឹង អនុស្សរណៈ សេតវិមាន លើកឡើង ផងដែរ ប្រាក់ ប្រើប្រាស់ ការអប់រំ ការបណ្តុះបណ្តាល យោធា អ៊ុយក្រែន,"['ទន្ទឹមនឹង', 'អនុស្សរណៈ', 'សេតវិមាន', 'លើកឡើង', 'ផងដែរ', 'ប្រាក់', 'ប្រើប្រាស់', 'ការអប់រំ', 'ការបណ្តុះបណ្តាល', 'យោធា', 'អ៊ុយក្រែន']",21,11
45,pair1,neutral,យើងក៏កំពុងធ្វើការដើម្បីសម្របយុទ្ធសាស្ត្រការពាររបស់យើងទៅនឹងការគំរាមកំហែងផ្លាស់ប្តូរដែលយើងប្រឈមមុខ»។,កំពុង ធ្វើការ សម្រប យុទ្ធសាស្ត្រ ការពារ ទៅនឹង ការគំរាមកំហែង ផ្លាស់ប្តូរ ប្រឈមមុខ,"['កំពុង', 'ធ្វើការ', 'សម្រប', 'យុទ្ធសាស្ត្រ', 'ការពារ', 'ទៅនឹង', 'ការគំរាមកំហែង', 'ផ្លាស់ប្តូរ', 'ប្រឈមមុខ']",18,9
46,pair1,positive,ជាងនេះទៅទៀត ប្រសិនបើមុខវិជ្ជាណាមួយត្រូវបានបង្រៀន ហើយបន្ទាប់មកត្រូវបានពង្រឹងតាមរយៈហ្គេមដែលមានកម្មវិធី វាពិតជាជួយក្នុងការបង្កើនការចងចាំរបស់ពួកគេ និងពង្រឹងការរៀនសូត្ររបស់ពួកគេអំពីគោលគំនិត ។,ជាង ទៀត ប្រសិនបើ មុខវិជ្ជា ណាមួយ ត្រូវបាន បង្រៀន បន្ទាប់មក ត្រូវបាន ពង្រឹង តាមរយៈ ហ្គេម មាន កម្មវិធី ពិតជា ជួយ ការបង្កើន ការចងចាំ ពួកគេ ពង្រឹង ការរៀនសូត្រ ពួកគេ អំពី គោល គំនិត,"['ជាង', 'ទៀត', 'ប្រសិនបើ', 'មុខវិជ្ជា', 'ណាមួយ', 'ត្រូវបាន', 'បង្រៀន', 'បន្ទាប់មក', 'ត្រូវបាន', 'ពង្រឹង', 'តាមរយៈ', 'ហ្គេម', 'មាន', 'កម្មវិធី', 'ពិតជា', 'ជួយ', 'ការបង្កើន', 'ការចងចាំ', 'ពួកគេ', 'ពង្រឹង', 'ការរៀនសូត្រ', 'ពួកគេ', 'អំពី', 'គោល', 'គំនិត']",35,25
47,pair1,positive,(សៀមរាប)៖ អភិរក្សដ្ឋានអង្គរសៀមរាបនឹងបើកទ្វារឲ្យសាធារណជនចូលទស្សនាវត្ថុសិល្បៈក្នុងអភិរក្សដ្ឋានអង្គរដោយសេរីនៅថ្ងៃទី១៧ ខែកញ្ញា ឆ្នាំ២០២២។,សៀមរាប អភិរក្ស ដ្ឋាន អង្គរ សៀមរាប បើក ទ្វារ ឲ្យ សាធារណជន ចូល ទស្សនា វត្ថុ សិល្បៈ អភិរក្ស ដ្ឋាន អង្គរ សេរី ថ្ងៃទី ១៧ ខែកញ្ញា ឆ្នាំ ២០២២,"['សៀមរាប', 'អភិរក្ស', 'ដ្ឋាន', 'អង្គរ', 'សៀមរាប', 'បើក', 'ទ្វារ', 'ឲ្យ', 'សាធារណជន', 'ចូល', 'ទស្សនា', 'វត្ថុ', 'សិល្បៈ', 'អភិរក្ស', 'ដ្ឋាន', 'អង្គរ', 'សេរី', 'ថ្ងៃទី', '១៧', 'ខែកញ្ញា', 'ឆ្នាំ', '២០២២']",30,22
49,pair1,positive,ក្នុងស្ថានភាពនេះ លោកបានមើលឃើញទៀតថា ទីផ្សារតម្រូវការសេវាថែទាំសុខភាពរបស់ប្រជាជនកម្ពុជាមានទំហំធំ។,ស្ថានភាព មើលឃើញ ទៀត ទីផ្សារ តម្រូវការ សេវា ថែទាំ សុខភាព ប្រជាជន កម្ពុជា មាន ទំហំ ធំ,"['ស្ថានភាព', 'មើលឃើញ', 'ទៀត', 'ទីផ្សារ', 'តម្រូវការ', 'សេវា', 'ថែទាំ', 'សុខភាព', 'ប្រជាជន', 'កម្ពុជា', 'មាន', 'ទំហំ', 'ធំ']",20,13
50,pair1,neutral,ដល់កន្លែងបុរសនោះសុំអំបិលដាក់កាហ្វេ,កន្លែង បុរស សុំ អំបិល ដាក់ កាហ្វេ,"['កន្លែង', 'បុរស', 'សុំ', 'អំបិល', 'ដាក់', 'កាហ្វេ']",8,6
51,pair1,negative,មិត្តភក្តិខ្លះស្គាល់យើងពេលយើងមានលុយ ពេលយើងអាចជួយគេបាន ពេលគេអាចពឹងយើងបាន ប៉ុន្តែពេលយើងលំបាកខ្លាំងពួកគេក៏បាត់ទៅណាអស់។,មិត្តភក្តិ ខ្លះ ស្គាល់ មាន លុយ ជួយ ពឹង ប៉ុន្តែ លំបាក ខ្លាំង ពួកគេ បាត់ អស់,"['មិត្តភក្តិ', 'ខ្លះ', 'ស្គាល់', 'មាន', 'លុយ', 'ជួយ', 'ពឹង', 'ប៉ុន្តែ', 'លំបាក', 'ខ្លាំង', 'ពួកគេ', 'បាត់', 'អស់']",32,13
53,pair1,positive,ការងារមានស្ថិរភាព ហើយអ្នកអាចទទួលបានសមិទ្ធផលជាក់លាក់ក្នុងអាជីពរបស់អ្នក ធានាជីវិតរបស់អ្នក។,ការងារ មាន ស្ថិរភាព ទទួលបាន សមិទ្ធផល ជាក់លាក់ អាជីព ធានា ជីវិត,"['ការងារ', 'មាន', 'ស្ថិរភាព', 'ទទួលបាន', 'សមិទ្ធផល', 'ជាក់លាក់', 'អាជីព', 'ធានា', 'ជីវិត']",18,9
54,pair1,neutral,សវនាការលើកទី៦១ នេះ ជាសវនាការលើកទី២ ដែលតុលាការប្រើពេលពេញមួយថ្ងៃដេញដោលសាក្សី។,សវនាការ លើក ទី ៦១ សវនាការ លើក ទី២ តុលាការ ប្រើ ពេញ ថ្ងៃ ដេញដោល សាក្សី,"['សវនាការ', 'លើក', 'ទី', '៦១', 'សវនាការ', 'លើក', 'ទី២', 'តុលាការ', 'ប្រើ', 'ពេញ', 'ថ្ងៃ', 'ដេញដោល', 'សាក្សី']",19,13
55,pair1,neutral,អង្គការសុខភាពពិភពលោកបានព្យាករណ៍ថាតួលេខនេះនឹងកើនឡើងគួរឱ្យកត់សម្គាល់ក្នុងរយៈពេលប៉ុន្មានឆ្នាំខាងមុខនេះ។,អង្គការ សុខភាព ពិភពលោក ព្យាករណ៍ តួលេខ កើនឡើង គួរឱ្យ កត់សម្គាល់ រយៈពេល ប៉ុន្មាន ឆ្នាំ ខាងមុខ,"['អង្គការ', 'សុខភាព', 'ពិភពលោក', 'ព្យាករណ៍', 'តួលេខ', 'កើនឡើង', 'គួរឱ្យ', 'កត់សម្គាល់', 'រយៈពេល', 'ប៉ុន្មាន', 'ឆ្នាំ', 'ខាងមុខ']",19,12
56,pair1,negative,ពួកគេបាននិយាយថា ពួកគេត្រូវបានបង្ខំឱ្យធ្វើការ ហើយមិនបានបើកប្រាក់ខែ ទើបពួកគេសម្រេចចិត្តរត់ចេញទៅប្រទេសវៀតណាម។,ពួកគេ និយាយ ពួកគេ ត្រូវបាន បង្ខំឱ្យ ធ្វើ ការ មិន បើក ប្រាក់ខែ ទើប ពួកគេ សម្រេចចិត្ត រត់ ចេញ ប្រទេស វៀតណាម,"['ពួកគេ', 'និយាយ', 'ពួកគេ', 'ត្រូវបាន', 'បង្ខំឱ្យ', 'ធ្វើ', 'ការ', 'មិន', 'បើក', 'ប្រាក់ខែ', 'ទើប', 'ពួកគេ', 'សម្រេចចិត្ត', 'រត់', 'ចេញ', 'ប្រទេស', 'វៀតណាម']",23,17
57,pair1,neutral,ជុំវិញបញ្ហានេះ Lionel Messi ត្រូវបានកាសែតអាម៉េរិក ESPN ដកស្រង់សម្តីថា «ការប្រកួត World Cup នាប្រទេសកាតា នឹងក្លាយជាការប្រកួតចុងក្រោយរបស់ខ្ញុំ ក្នុងក្រុមជម្រើសជាតិអាហ្សង់ទីន»។,ជុំវិញ បញ្ហា Lionel Messi ត្រូវបាន កាសែត អាម៉េរិក ESPN ដកស្រង់ សម្តី ការប្រកួត World Cup នា ប្រទេស កាតា ក្លាយជា ការប្រកួត ចុងក្រោយ ក្រុម ជម្រើសជាតិ អាហ្សង់ទីន,"['ជុំវិញ', 'បញ្ហា', 'Lionel', 'Messi', 'ត្រូវបាន', 'កាសែត', 'អាម៉េរិក', 'ESPN', 'ដកស្រង់', 'សម្តី', 'ការប្រកួត', 'World', 'Cup', 'នា', 'ប្រទេស', 'កាតា', 'ក្លាយជា', 'ការប្រកួត', 'ចុងក្រោយ', 'ក្រុម', 'ជម្រើសជាតិ', 'អាហ្សង់ទីន']",31,22
59,pair1,neutral,ដោយសារការយល់ឃើញរបស់សាធារណជនបានផ្លាស់ប្តូរ ក្រុមហ៊ុនធានារ៉ាប់រង ក៏កំពុងរក្សាល្បឿន ជាមួយនឹងនិន្នាការផ្លាស់ប្តូរនេះដែរ។,ដោយសារ ការយល់ឃើញ សាធារណជន ផ្លាស់ប្តូរ ក្រុមហ៊ុន ធានារ៉ាប់រង កំពុង រក្សា ល្បឿន ជាមួយនឹង និន្នាការ ផ្លាស់ប្តូរ,"['ដោយសារ', 'ការយល់ឃើញ', 'សាធារណជន', 'ផ្លាស់ប្តូរ', 'ក្រុមហ៊ុន', 'ធានារ៉ាប់រង', 'កំពុង', 'រក្សា', 'ល្បឿន', 'ជាមួយនឹង', 'និន្នាការ', 'ផ្លាស់ប្តូរ']",18,12
60,pair1,positive,សាលាអន្តរជាតិសិង្ហបុរី (SCIA) ព្យាយាមនាំមកនូវការអប់រំស្តង់ដាសិង្ហបុរីដែលមានគុណភាពខ្ពស់មកកាន់រាជធានីភ្នំពេញ។,សាលា អន្តរជាតិ សិង្ហបុរី SCIA ព្យាយាម នាំមក នូវ ការអប់រំ ស្តង់ដា សិង្ហបុរី មាន គុណភាព ខ្ពស់ មកកាន់ រាជធានី ភ្នំពេញ,"['សាលា', 'អន្តរជាតិ', 'សិង្ហបុរី', 'SCIA', 'ព្យាយាម', 'នាំមក', 'នូវ', 'ការអប់រំ', 'ស្តង់ដា', 'សិង្ហបុរី', 'មាន', 'គុណភាព', 'ខ្ពស់', 'មកកាន់', 'រាជធានី', 'ភ្នំពេញ']",18,16
63,pair1,negative,កាលពីចុងខែមិថុនា ឆ្នាំ២០២២ លោក ស ខេង ក៏ធ្លាប់បានបង្ហាញការព្រួយបារម្ភ ខ្លាចអន្តរជាតិដាក់ធនាគារជាតិនៃកម្ពុជាក្នុងបញ្ជីខ្មៅ ដែលជាហេតុធ្វើឱ្យប្រឈមហានិភ័យធំធេងផ្នែកសេដ្ឋកិច្ចនិងនយោបាយផងដែរ។,កាលពី ចុង ខែមិថុនា ឆ្នាំ ២០២២ ខេង ធ្លាប់ បង្ហាញ ការព្រួយបារម្ភ ខ្លាច អន្តរជាតិ ដាក់ ធនាគារ ជាតិ នៃ កម្ពុជា បញ្ជីខ្មៅ ហេតុ ធ្វើឱ្យ ប្រឈម ហានិភ័យ ធំ ធេង ផ្នែក សេដ្ឋកិច្ច នយោបាយ ផងដែរ,"['កាលពី', 'ចុង', 'ខែមិថុនា', 'ឆ្នាំ', '២០២២', 'ខេង', 'ធ្លាប់', 'បង្ហាញ', 'ការព្រួយបារម្ភ', 'ខ្លាច', 'អន្តរជាតិ', 'ដាក់', 'ធនាគារ', 'ជាតិ', 'នៃ', 'កម្ពុជា', 'បញ្ជីខ្មៅ', 'ហេតុ', 'ធ្វើឱ្យ', 'ប្រឈម', 'ហានិភ័យ', 'ធំ', 'ធេង', 'ផ្នែក', 'សេដ្ឋកិច្ច', 'នយោបាយ', 'ផងដែរ']",36,27
64,pair1,neutral,នេះបើយោងតាមអនុស្សរណៈរបស់សេតវិមាន ដែលផ្ញើទៅកាន់ក្រសួងការបរទេសកាលពីថ្ងៃទី១៥ ខែកញ្ញា។,យោង តាម អនុស្សរណៈ សេតវិមាន ផ្ញើ ទៅកាន់ ក្រសួង ការបរទេស កាលពី ថ្ងៃទី ១៥ ខែកញ្ញា,"['យោង', 'តាម', 'អនុស្សរណៈ', 'សេតវិមាន', 'ផ្ញើ', 'ទៅកាន់', 'ក្រសួង', 'ការបរទេស', 'កាលពី', 'ថ្ងៃទី', '១៥', 'ខែកញ្ញា']",17,12
65,pair1,neutral,នេះរួមបញ្ចូលទាំងការប្រើវាសម្រាប់មើលអ៊ីម៉ែល ឬជជែកជាមួយមិត្តភក្តិមុនចូលគេង សូម្បីតែនៅពេលដែលបិទភ្លើងហើយក៏ដោយ។,រួមបញ្ចូល ការប្រើ មើល អ៊ីម៉ែល ជជែក មិត្តភក្តិ មុន ចូល គេង សូម្បីតែ បិទ ភ្លើង ហើយក៏,"['រួមបញ្ចូល', 'ការប្រើ', 'មើល', 'អ៊ីម៉ែល', 'ជជែក', 'មិត្តភក្តិ', 'មុន', 'ចូល', 'គេង', 'សូម្បីតែ', 'បិទ', 'ភ្លើង', 'ហើយក៏']",24,13
66,pair1,neutral,គាត់ក៏បានសម្រេចចិត្តជួយប្រជាជនទាំងអស់ដោយវិធីបាញ់ព្រួយទំលាក់ព្រះអាទិត្យទាំងនោះ។,សម្រេចចិត្ត ជួយ ប្រជាជន ទាំងអស់ វិធី បាញ់ ព្រួយ ទំលាក់ ព្រះអាទិត្យ ទាំងនោះ,"['សម្រេចចិត្ត', 'ជួយ', 'ប្រជាជន', 'ទាំងអស់', 'វិធី', 'បាញ់', 'ព្រួយ', 'ទំលាក់', 'ព្រះអាទិត្យ', 'ទាំងនោះ']",15,10
68,pair1,neutral,តាមរយៈភរិយារបស់ខ្ញុំ ខ្ញុំបានដឹងហើយចំពោះការមកដល់របស់លោកនៅទីនេះ,តាមរយៈ ភរិយា ដឹង ការមកដល់ ទីនេះ,"['តាមរយៈ', 'ភរិយា', 'ដឹង', 'ការមកដល់', 'ទីនេះ']",14,5
73,pair1,positive,ការប្រារព្ធទិវាផងដែរ គឺក្នុងគោលបំណងបំផុសឡើងវិញនូវវប្បធម៌ និងប្រពៃណីនៃការរម្លឹកគុណូបការៈរបស់សិស្សចំពោះគ្រូបង្រៀននៅទូទាំងប្រទេស៕,ការប្រារព្ធ ទិវា ផងដែរ គោលបំណង បំផុស ឡើងវិញ នូវ វប្បធម៌ ប្រពៃណី នៃ ការរម្លឹក គុណូបការៈ សិស្ស គ្រូបង្រៀន ទូទាំង ប្រទេស,"['ការប្រារព្ធ', 'ទិវា', 'ផងដែរ', 'គោលបំណង', 'បំផុស', 'ឡើងវិញ', 'នូវ', 'វប្បធម៌', 'ប្រពៃណី', 'នៃ', 'ការរម្លឹក', 'គុណូបការៈ', 'សិស្ស', 'គ្រូបង្រៀន', 'ទូទាំង', 'ប្រទេស']",23,16
76,pair1,neutral,ចំពោះប្រភេទទូទៅបំផុតនៃការគេងមិនដកដង្ហើមផ្លូវខ្យល់ក្លាយជាស្ទះឬត្បៀតអំឡុងពេលគេង។,ប្រភេទ ទូទៅ បំផុត នៃ ការគេង មិន ដកដង្ហើម ផ្លូវ ខ្យល់ ក្លាយជា ស្ទះ ត្បៀត អំឡុង គេង,"['ប្រភេទ', 'ទូទៅ', 'បំផុត', 'នៃ', 'ការគេង', 'មិន', 'ដកដង្ហើម', 'ផ្លូវ', 'ខ្យល់', 'ក្លាយជា', 'ស្ទះ', 'ត្បៀត', 'អំឡុង', 'គេង']",18,14
78,pair1,negative,កាំជ្រួចមីស៊ីលផ្លោងរយៈចម្ងាយខ្លី (SRBMs) ថ្មីៗបំផុតរបស់កូរ៉េខាងជើង ត្រូវបានរចនាឡើងដើម្បីហោះហើរលើគន្លងទាប ហើយមានសក្តានុពលសមយុទ្ធ ដែលបង្កភាពស្មុគស្មាញក្នុងការស្វែងរក និងស្ទាក់ចាប់ពួកវា។,កាំ ជ្រួច មីស៊ីល ផ្លោង រយៈ ចម្ងាយ ខ្លី SRBMs ថ្មី បំផុត កូរ៉េ ខាងជើង ត្រូវបាន រចនា ឡើង ហោះហើរ គន្លង ទាប មាន សក្តានុពល សមយុទ្ធ បង្ក ភាពស្មុគស្មាញ ការស្វែងរក ស្ទាក់ ចាប់ ពួក,"['កាំ', 'ជ្រួច', 'មីស៊ីល', 'ផ្លោង', 'រយៈ', 'ចម្ងាយ', 'ខ្លី', 'SRBMs', 'ថ្មី', 'បំផុត', 'កូរ៉េ', 'ខាងជើង', 'ត្រូវបាន', 'រចនា', 'ឡើង', 'ហោះហើរ', 'គន្លង', 'ទាប', 'មាន', 'សក្តានុពល', 'សមយុទ្ធ', 'បង្ក', 'ភាពស្មុគស្មាញ', 'ការស្វែងរក', 'ស្ទាក់', 'ចាប់', 'ពួក']",37,27
79,pair1,negative,ស្ថាប័នទាំងនេះមានអ្នកជំនាញឃ្លាំមើលសវនាការរបស់ពួកគេ ដែលជាអ្នកឃ្លាំមើលដោយឯករាជ្យ ចាំតាមដានឃ្លាំមើលសវនការរបស់កញ្ញា សេង ធារី។,ស្ថាប័ន មាន អ្នកជំនាញ ឃ្លាំមើល សវនាការ ពួកគេ អ្នកឃ្លាំមើល ឯករាជ្យ ចាំ តាមដាន ឃ្លាំមើល សវនការ កញ្ញា សេង ធារី,"['ស្ថាប័ន', 'មាន', 'អ្នកជំនាញ', 'ឃ្លាំមើល', 'សវនាការ', 'ពួកគេ', 'អ្នកឃ្លាំមើល', 'ឯករាជ្យ', 'ចាំ', 'តាមដាន', 'ឃ្លាំមើល', 'សវនការ', 'កញ្ញា', 'សេង', 'ធារី']",23,15
80,pair1,neutral,បើទោះបីជាពួកគេអះអាងថា មានការបោះឆ្នោតគាំទ្រគំនិតនោះក៏ដោយ។,ទោះបីជា ពួកគេ អះអាង មាន ការបោះឆ្នោត គាំទ្រ គំនិត ក៏ដោយ,"['ទោះបីជា', 'ពួកគេ', 'អះអាង', 'មាន', 'ការបោះឆ្នោត', 'គាំទ្រ', 'គំនិត', 'ក៏ដោយ']",12,8
83,pair1,neutral,បំណកប្រែតាមន័យសុទ្ធបែបនេះ ច្រើនត្រូវបានអនុវត្តចំពោះ កិច្ចសន្យា លិខិតពាណិជ្ជកម្ម លិខិតច្បាប់ផ្សេងៗ ដូចជាសន្ធិសញ្ញា រវាងពីរប្រទេសជាដើម។,បំណក ប្រែ តាម ន័យ សុទ្ធ បែប ច្រើន ត្រូវបាន អនុវត្ត កិច្ចសន្យា លិខិត ពាណិជ្ជកម្ម លិខិត ច្បាប់ ផ្សេង ដូចជា សន្ធិសញ្ញា រវាង ប្រទេស ជាដើម,"['បំណក', 'ប្រែ', 'តាម', 'ន័យ', 'សុទ្ធ', 'បែប', 'ច្រើន', 'ត្រូវបាន', 'អនុវត្ត', 'កិច្ចសន្យា', 'លិខិត', 'ពាណិជ្ជកម្ម', 'លិខិត', 'ច្បាប់', 'ផ្សេង', 'ដូចជា', 'សន្ធិសញ្ញា', 'រវាង', 'ប្រទេស', 'ជាដើម']",25,20
84,pair1,neutral,ណាវីគ្រវីក្បាលដោយទឹកមុខស្ងួត,វីគ្រវី ក្បាល ទឹកមុខ ស្ងួត,"['វីគ្រវី', 'ក្បាល', 'ទឹកមុខ', 'ស្ងួត']",6,4
86,pair1,positive,ក្រោយមកអ្នកគ្រប់គ្រងកម្មវិធី និងជាចាងហ្វាងផលិតកម្មមហាហង្ស លោក អ៊ិន សុភិន បានចេញលិខិតបំភ្លឺសុំទោស នៅថ្ងៃទី២៥ ខែសីហា ឆ្នាំ២០២២ ប៉ុន្តែបានបង្កកំហុសឆ្គងម្តងទៀត...។,ក្រោយមក អ្នកគ្រប់គ្រង កម្មវិធី ចាងហ្វាង ផលិតកម្ម មហាហង្ស អ៊ិន សុភិន ចេញ លិខិត បំភ្លឺ សុំទោស ថ្ងៃទី ២៥ ខែសីហា ឆ្នាំ ២០២២ ប៉ុន្តែ បង្ក កំហុសឆ្គង ម្តង ទៀត,"['ក្រោយមក', 'អ្នកគ្រប់គ្រង', 'កម្មវិធី', 'ចាងហ្វាង', 'ផលិតកម្ម', 'មហាហង្ស', 'អ៊ិន', 'សុភិន', 'ចេញ', 'លិខិត', 'បំភ្លឺ', 'សុំទោស', 'ថ្ងៃទី', '២៥', 'ខែសីហា', 'ឆ្នាំ', '២០២២', 'ប៉ុន្តែ', 'បង្ក', 'កំហុសឆ្គង', 'ម្តង', 'ទៀត']",30,22
90,pair1,negative,ដោយឡែកមូលដែលធ្វើឱ្យស្ពានយោលត្រូវទឹកគួចដាច់ទាំងស្រុងនេះ គឺបណ្តាលមកពីភ្លៀងខាងលើខ្លាំងហើយនាំមកនូវសំរាមឈើធំៗមកជាប់នឹងសំណាញ់ដៃស្ពាន ទើបដាច់ទៅទាំងផ្ទាំងតែម្តង។,ដោយឡែក មូល ធ្វើឱ្យ ស្ពាន យោល ទឹក គួច ដាច់ ទាំងស្រុង បណ្តាល មកពី ភ្លៀង ខាងលើ ខ្លាំង នាំមក នូវ សំរាម ឈើ ធំ ជាប់ សំណាញ់ ដៃ ស្ពាន ទើប ដាច់ ផ្ទាំង តែម្តង,"['ដោយឡែក', 'មូល', 'ធ្វើឱ្យ', 'ស្ពាន', 'យោល', 'ទឹក', 'គួច', 'ដាច់', 'ទាំងស្រុង', 'បណ្តាល', 'មកពី', 'ភ្លៀង', 'ខាងលើ', 'ខ្លាំង', 'នាំមក', 'នូវ', 'សំរាម', 'ឈើ', 'ធំ', 'ជាប់', 'សំណាញ់', 'ដៃ', 'ស្ពាន', 'ទើប', 'ដាច់', 'ផ្ទាំង', 'តែម្តង']",38,27
91,pair1,negative,ភ្លៀងធ្លាក់ខ្លាំងតាមរដូវម្តងទៀត បានវាយលុកភាគពាយព្យនៃប្រទេសថៃកាលពីថ្ងៃអាទិត្យទី ៩ ខែតុលា បណ្តាលឱ្យមានទឹកជំនន់បន្តរីករាលដាល ជាពិសេសនៅតំបន់ភាគខាងជើងឆៀងខាងកើត និងកណ្តាល។,ភ្លៀង ធ្លាក់ ខ្លាំង តាម រដូវ ម្តង ទៀត វាយលុក ភាគ ពាយព្យ នៃ ប្រទេស ថៃ កាលពី ថ្ងៃអាទិត្យ ទី ខែតុលា បណ្តាលឱ្យ មាន ទឹក ជំនន់ បន្ត រីករាលដាល ជាពិសេស តំបន់ ភាគ ខាងជើង ឆៀង ខាងកើត កណ្តាល,"['ភ្លៀង', 'ធ្លាក់', 'ខ្លាំង', 'តាម', 'រដូវ', 'ម្តង', 'ទៀត', 'វាយលុក', 'ភាគ', 'ពាយព្យ', 'នៃ', 'ប្រទេស', 'ថៃ', 'កាលពី', 'ថ្ងៃអាទិត្យ', 'ទី', 'ខែតុលា', 'បណ្តាលឱ្យ', 'មាន', 'ទឹក', 'ជំនន់', 'បន្ត', 'រីករាលដាល', 'ជាពិសេស', 'តំបន់', 'ភាគ', 'ខាងជើង', 'ឆៀង', 'ខាងកើត', 'កណ្តាល']",35,30
92,pair1,negative,បើតាមលោក អំ សំអាត អ្នកស្រី ចក់ សុភាព ត្រូវបានអយ្យការចោទសួរអំពីប្រភពមូលនិធិដែលត្រូវបានផ្តល់ជូនមជ្ឈមណ្ឌលសិទ្ធិមនុស្សកម្ពុជា អំឡុងពេលអ្នកស្រីបំពេញការងារជាមួយលោក កឹម សុខា។,តាម អំ សំអាត អ្នកស្រី ចក់ សុភាព ត្រូវបាន អយ្យការ ចោទសួរ អំពី ប្រភព មូលនិធិ ត្រូវបាន ផ្តល់ ជូន មជ្ឈមណ្ឌល សិទ្ធិ មនុស្ស កម្ពុជា អំឡុង អ្នកស្រី បំពេញ ការងារ កឹម សុខា,"['តាម', 'អំ', 'សំអាត', 'អ្នកស្រី', 'ចក់', 'សុភាព', 'ត្រូវបាន', 'អយ្យការ', 'ចោទសួរ', 'អំពី', 'ប្រភព', 'មូលនិធិ', 'ត្រូវបាន', 'ផ្តល់', 'ជូន', 'មជ្ឈមណ្ឌល', 'សិទ្ធិ', 'មនុស្ស', 'កម្ពុជា', 'អំឡុង', 'អ្នកស្រី', 'បំពេញ', 'ការងារ', 'កឹម', 'សុខា']",32,25
96,pair1,negative,សូមរំលឹកផងដែរថា កាលពីថ្ងៃទី៨ ខែតុលា ឆ្នាំ២០២២ លោក វេង សាខុន ត្រូវបានព្រះករុណា ព្រះបាទសម្តេច ព្រះបរមនាថ នរោត្តម សីហមុនី ព្រះមហាក្សត្រនៃកម្ពុជា បានចេញព្រះរាជក្រឹត្យបញ្ចប់មុខតំណែងលោក វេង សាខុន ពីរដ្ឋមន្រតីក្រសួងកសិកម្ម រុក្ខាប្រមាញ់ និងនេសាទ...៕,សូម រំលឹក ផងដែរ កាលពី ថ្ងៃទី ខែតុលា ឆ្នាំ ២០២២ វេង សាខុន ត្រូវបាន ព្រះករុណា ព្រះបាទ សម្តេច ព្រះបរម នាថ នរោត្តម សីហមុនី ព្រះមហាក្សត្រ នៃ កម្ពុជា ចេញ ព្រះរាជ ក្រឹត្យ បញ្ចប់ មុខតំណែង វេង សាខុន រដ្ឋមន្រតី ក្រសួង កសិកម្ម រុក្ខា ប្រមាញ់ នេសាទ,"['សូម', 'រំលឹក', 'ផងដែរ', 'កាលពី', 'ថ្ងៃទី', 'ខែតុលា', 'ឆ្នាំ', '២០២២', 'វេង', 'សាខុន', 'ត្រូវបាន', 'ព្រះករុណា', 'ព្រះបាទ', 'សម្តេច', 'ព្រះបរម', 'នាថ', 'នរោត្តម', 'សីហមុនី', 'ព្រះមហាក្សត្រ', 'នៃ', 'កម្ពុជា', 'ចេញ', 'ព្រះរាជ', 'ក្រឹត្យ', 'បញ្ចប់', 'មុខតំណែង', 'វេង', 'សាខុន', 'រដ្ឋមន្រតី', 'ក្រសួង', 'កសិកម្ម', 'រុក្ខា', 'ប្រមាញ់', 'នេសាទ']",43,34
98,pair1,negative,កាត់បន្ថយបុគ្គលគ្រាប់ល្ពៅនឹងមន្រតីគ្រាប់ល្ពៅមិនងាយអស់ទេអូនស្រីអើយ អូនជាអ្នកចេះដឹងកុំខ្វល់រឿងឥតប្រយោជន៍អី ខ្ញុំរង់ចាំមើល video អូនគ្រប់ពេលណា,កាត់បន្ថយ បុគ្គល គ្រាប់ ល្ពៅ មន្រតី គ្រាប់ ល្ពៅ មិន ងាយ អស់ អូន ស្រី អើយ អូន អ្នកចេះដឹង កុំ ខ្វល់ រឿង ឥត ប្រយោជន៍ រង់ចាំ មើល video អូន គ្រប់ ពេលណា,"['កាត់បន្ថយ', 'បុគ្គល', 'គ្រាប់', 'ល្ពៅ', 'មន្រតី', 'គ្រាប់', 'ល្ពៅ', 'មិន', 'ងាយ', 'អស់', 'អូន', 'ស្រី', 'អើយ', 'អូន', 'អ្នកចេះដឹង', 'កុំ', 'ខ្វល់', 'រឿង', 'ឥត', 'ប្រយោជន៍', 'រង់ចាំ', 'មើល', 'video', 'អូន', 'គ្រប់', 'ពេលណា']",31,26
101,pair1,positive,"ព្រះអង្គជ័យ ស្តេចទ្រង់ទសពិធរាជធម៌ ប្រសើរណាស់, អាណាប្រជានុរាស្តរក្នុងព្រះនគរបានសុខក្សេមក្សាន្ត ឥតមានសឹកសត្រូវអ្វីឡើយ។",ព្រះអង្គ ជ័យ ស្តេច ទ្រង់ ទស ពិធ រាជធម៌ ប្រសើរ ណាស់ អាណា ប្រជានុរាស្តរ ព្រះនគរ សុខ ក្សេមក្សាន្ត ឥត មាន សឹក សត្រូវ អ្វី ឡើយ,"['ព្រះអង្គ', 'ជ័យ', 'ស្តេច', 'ទ្រង់', 'ទស', 'ពិធ', 'រាជធម៌', 'ប្រសើរ', 'ណាស់', 'អាណា', 'ប្រជានុរាស្តរ', 'ព្រះនគរ', 'សុខ', 'ក្សេមក្សាន្ត', 'ឥត', 'មាន', 'សឹក', 'សត្រូវ', 'អ្វី', 'ឡើយ']",24,20
109,pair1,negative,បើសិនជាមានរឿងនេះមេបាខ្លះគេប្រកាន់ គេនឹងទៅតាមកាច់សមាជិកគ្រួសារណាម្នាក់ឲ្យឈឺ រហូតតាមរកស្រតីប្រព្រឹត្តកំហុសនោះឃើញតាមរយៈបូលពងមាន់។,បើសិនជា មាន រឿង មេបា ខ្លះ ប្រកាន់ តាម កាច់ សមាជិក គ្រួសារ ម្នាក់ ឲ្យ ឈឺ តាម រក ស្រតី ប្រព្រឹត្ត កំហុស ឃើញ តាមរយៈ បូល ពង មាន់,"['បើសិនជា', 'មាន', 'រឿង', 'មេបា', 'ខ្លះ', 'ប្រកាន់', 'តាម', 'កាច់', 'សមាជិក', 'គ្រួសារ', 'ម្នាក់', 'ឲ្យ', 'ឈឺ', 'តាម', 'រក', 'ស្រតី', 'ប្រព្រឹត្ត', 'កំហុស', 'ឃើញ', 'តាមរយៈ', 'បូល', 'ពង', 'មាន់']",32,23
117,pair1,negative,សម្រាប់អ្នកឃ្លាំមើល ការកាត់ទោសដោយពិន័យជាប្រាក់រហូតដល់៧៥ម៉ឺនដុល្លារ «ពីបទបរិហាកេរ្តិ៍»នោះ គឺជាដាក់សម្ពាធទៅលើគណបក្សប្រឆាំងមុនការបោះឆ្នោតថ្នាក់ជាតិមកដល់។,អ្នកឃ្លាំមើល ការកាត់ទោស ពិន័យ ប្រាក់ រហូតដល់ ៧៥ ម៉ឺន ដុល្លារ បទ បរិហាកេរ្តិ៍ គឺជា ដាក់ សម្ពាធ គណបក្ស ប្រឆាំង មុន ការបោះឆ្នោត ថ្នាក់ ជាតិ មកដល់,"['អ្នកឃ្លាំមើល', 'ការកាត់ទោស', 'ពិន័យ', 'ប្រាក់', 'រហូតដល់', '៧៥', 'ម៉ឺន', 'ដុល្លារ', 'បទ', 'បរិហាកេរ្តិ៍', 'គឺជា', 'ដាក់', 'សម្ពាធ', 'គណបក្ស', 'ប្រឆាំង', 'មុន', 'ការបោះឆ្នោត', 'ថ្នាក់', 'ជាតិ', 'មកដល់']",29,20
118,pair1,negative,(ខេត្តបាត់ដំបង)៖ ប្រធានគណៈបញ្ជាការឯកភាពរដ្ឋបាលខេត្ត និងជាអភិបាលខេត្តបាត់ដំបង ឯកឧត្តម សុខ លូ បានដាក់បញ្ជាជាថ្មីដល់រដ្ឋបាលស្រុកពាក់ព័ន្ធទាំងអស់ បន្តចុះជំរឿនឧបករណ៍នេសាទខុសច្បាប់ ខណៈបទល្មើសនេសាទនៅតែបន្តកើតមាន។,ខេត្ត បាត់ដំបង ប្រធាន គណៈ បញ្ជាការ ឯកភាព រដ្ឋបាល ខេត្ត អភិបាល ខេត្ត បាត់ដំបង ឯកឧត្តម សុខ លូ ដាក់ បញ្ជា ជាថ្មី រដ្ឋបាល ស្រុក ពាក់ព័ន្ធ ទាំងអស់ បន្ត ចុះ ជំរឿន ឧបករណ៍ នេសាទ ខុស ច្បាប់ ខណៈ បទល្មើស នេសាទ នៅតែ បន្ត កើតមាន,"['ខេត្ត', 'បាត់ដំបង', 'ប្រធាន', 'គណៈ', 'បញ្ជាការ', 'ឯកភាព', 'រដ្ឋបាល', 'ខេត្ត', 'អភិបាល', 'ខេត្ត', 'បាត់ដំបង', 'ឯកឧត្តម', 'សុខ', 'លូ', 'ដាក់', 'បញ្ជា', 'ជាថ្មី', 'រដ្ឋបាល', 'ស្រុក', 'ពាក់ព័ន្ធ', 'ទាំងអស់', 'បន្ត', 'ចុះ', 'ជំរឿន', 'ឧបករណ៍', 'នេសាទ', 'ខុស', 'ច្បាប់', 'ខណៈ', 'បទល្មើស', 'នេសាទ', 'នៅតែ', 'បន្ត', 'កើតមាន']",42,34
120,pair1,neutral,ចំណុចខាងក្រោមទាំងនេះ ជាសញ្ញាបញ្ជាក់អំពីរបៀបដែលទម្លាប់ និង ស្ថានភាពកើតមានឡើងមួយចំនួន និង ដែលកើតឡើងជាទូទៅ អាចប្រើក្លាយទៅជាបញ្ហាធ្ងន់ធ្ងរ។,ចំណុច ខាងក្រោម សញ្ញា បញ្ជាក់ អំពី របៀប ទម្លាប់ ស្ថានភាព កើត មាន ឡើង មួយចំនួន កើតឡើង ជាទូទៅ ប្រើ ក្លាយទៅជា បញ្ហា ធ្ងន់ធ្ងរ,"['ចំណុច', 'ខាងក្រោម', 'សញ្ញា', 'បញ្ជាក់', 'អំពី', 'របៀប', 'ទម្លាប់', 'ស្ថានភាព', 'កើត', 'មាន', 'ឡើង', 'មួយចំនួន', 'កើតឡើង', 'ជាទូទៅ', 'ប្រើ', 'ក្លាយទៅជា', 'បញ្ហា', 'ធ្ងន់ធ្ងរ']",27,18
126,pair1,positive,រមណីយដ្ឋាននេះលើស្ទឹងបែកជាបួន អមជាមួយនឹងសម្រស់ធម្មជាតិស្រស់ឆើតឆាយ នៃដងទន្លេកាច់កុងពត់ពេន ធ្វើឲ្យភ្ញៀវទេសចរគយគន់មិនចេះធុញទ្រាន់គ្រប់ពេលនោះទេ ដូចជា អ័ព្ទប៉ប្រះទឹកនៅពេលព្រឹក បញ្ចេញរស្មីសុរិយាក្រហមទុំដុតបញ្ឆេះរាត្រីអន្ធការឲ្យមានពន្លឺ និងជាកន្លែងស្ងប់សុខសម្រាប់អ្នកចង់បន្ធូរអារម្មណ៍តានតឹងពី ការងារ។,រមណីយដ្ឋាន ស្ទឹង បែក បួន អម ជាមួយនឹង សម្រស់ ធម្មជាតិ ស្រស់ ឆើតឆាយ នៃ ដង ទន្លេ កាច់ កុង ពត់ ពេន ធ្វើឲ្យ ភ្ញៀវ ទេសចរ គយគន់ មិន ចេះ ធុញទ្រាន់ គ្រប់ ដូចជា អ័ព្ទ ប៉ប្រះ ទឹក ពេលព្រឹក បញ្ចេញ រស្មី សុរិយា ក្រហម ទុំ ដុត បញ្ឆេះ រាត្រី អន្ធការ ឲ្យ មាន ពន្លឺ កន្លែង ស្ងប់ សុខ ចង់ បន្ធូរ អារម្មណ៍ តានតឹង ការងារ,"['រមណីយដ្ឋាន', 'ស្ទឹង', 'បែក', 'បួន', 'អម', 'ជាមួយនឹង', 'សម្រស់', 'ធម្មជាតិ', 'ស្រស់', 'ឆើតឆាយ', 'នៃ', 'ដង', 'ទន្លេ', 'កាច់', 'កុង', 'ពត់', 'ពេន', 'ធ្វើឲ្យ', 'ភ្ញៀវ', 'ទេសចរ', 'គយគន់', 'មិន', 'ចេះ', 'ធុញទ្រាន់', 'គ្រប់', 'ដូចជា', 'អ័ព្ទ', 'ប៉ប្រះ', 'ទឹក', 'ពេលព្រឹក', 'បញ្ចេញ', 'រស្មី', 'សុរិយា', 'ក្រហម', 'ទុំ', 'ដុត', 'បញ្ឆេះ', 'រាត្រី', 'អន្ធការ', 'ឲ្យ', 'មាន', 'ពន្លឺ', 'កន្លែង', 'ស្ងប់', 'សុខ', 'ចង់', 'បន្ធូរ', 'អារម្មណ៍', 'តានតឹង', 'ការងារ']",63,50
127,pair1,positive,បច្ចុប្បន្នពិធីបុណ្យភ្ជុំបិណ្ឌ ត្រូវបានប្រជាពលរដ្ឋខ្មែរប្រារព្ធឡើងជារៀងរាល់ឆ្នាំ គឺចាប់ពីថ្ងៃ១រោច ខែភទ្របទ រហូតដល់ថ្ងៃ១៥រោច ខែភទ្របទ ដែលត្រូវនឹងខែកញ្ញា ។,បច្ចុប្បន្ន ពិធី បុណ្យ ភ្ជុំ បិណ្ឌ ត្រូវបាន ប្រជាពលរដ្ឋ ខ្មែរ ប្រារព្ធ ឡើង ជារៀងរាល់ ឆ្នាំ ចាប់ពី ថ្ងៃ១ រោច ខែ ភទ្របទ រហូតដល់ ថ្ងៃ ១៥ រោច ខែ ភទ្របទ ខែកញ្ញា,"['បច្ចុប្បន្ន', 'ពិធី', 'បុណ្យ', 'ភ្ជុំ', 'បិណ្ឌ', 'ត្រូវបាន', 'ប្រជាពលរដ្ឋ', 'ខ្មែរ', 'ប្រារព្ធ', 'ឡើង', 'ជារៀងរាល់', 'ឆ្នាំ', 'ចាប់ពី', 'ថ្ងៃ១', 'រោច', 'ខែ', 'ភទ្របទ', 'រហូតដល់', 'ថ្ងៃ', '១៥', 'រោច', 'ខែ', 'ភទ្របទ', 'ខែកញ្ញា']",29,24
130,pair1,positive,AISPP ក៏ជាសមាជិកមួយនៃសមាគមសាលារៀនអូស្ត្រាលីអន្តរជាតិ (the Australian International School Association) (AISA) ហើយយើងក៏ជាដៃគូសកលជាមួយនឹងសមាគមសាលារៀនឯកជននៃរដ្ឋ New South Wales ប្រទេសអូស្តរាលី (the Association of Independent Schools of New South Wales) ផងដែរ ។,AISPP សមាជិក នៃ សមាគម សាលារៀន អូស្ត្រាលី អន្តរជាតិ the Australian International School Association AISA ដៃគូ សកល ជាមួយនឹង សមាគម សាលារៀន ឯកជន នៃ រដ្ឋ New South Wales ប្រទេស អូស្ត រាលី the Association of Independent Schools of New South Wales ផងដែរ,"['AISPP', 'សមាជិក', 'នៃ', 'សមាគម', 'សាលារៀន', 'អូស្ត្រាលី', 'អន្តរជាតិ', 'the', 'Australian', 'International', 'School', 'Association', 'AISA', 'ដៃគូ', 'សកល', 'ជាមួយនឹង', 'សមាគម', 'សាលារៀន', 'ឯកជន', 'នៃ', 'រដ្ឋ', 'New', 'South', 'Wales', 'ប្រទេស', 'អូស្ត', 'រាលី', 'the', 'Association', 'of', 'Independent', 'Schools', 'of', 'New', 'South', 'Wales', 'ផងដែរ']",45,37
131,pair1,positive,មានអ្វីជាច្រើនដែលយើងអាចរៀនបានពីប្រទេសដទៃដូចជាប្រទេសហ្វាំងឡង់ដែលបានបោះជំហានយ៉ាងធំនៅក្នុងការផ្លាស់ប្តូរការអប់រំ។,មាន អ្វី ជាច្រើន រៀន ប្រទេស ដទៃ ដូចជា ប្រទេស ហ្វាំងឡង់ បោះជំហាន យ៉ាង ធំ នៅក្នុង ការផ្លាស់ប្តូរ ការអប់រំ,"['មាន', 'អ្វី', 'ជាច្រើន', 'រៀន', 'ប្រទេស', 'ដទៃ', 'ដូចជា', 'ប្រទេស', 'ហ្វាំងឡង់', 'បោះជំហាន', 'យ៉ាង', 'ធំ', 'នៅក្នុង', 'ការផ្លាស់ប្តូរ', 'ការអប់រំ']",23,15
132,pair1,positive,"គិតមកត្រឹមឆ្នាំ២០១៤ ចំនួនប្រជាជនកម្ពុជាដែលកំពុងធ្វើការងារ ទាំងស្របច្បាប់ និងមិនស្របច្បាប់ នៅក្រៅប្រទេស បានរីកធំធាត់ដល់ជាង ៦០០,០០០នាក់។",គិត ត្រឹម ឆ្នាំ ២០១៤ ចំនួន ប្រជាជន កម្ពុជា កំពុង ធ្វើ ការងារ ស្រប ច្បាប់ មិន ស្រប ច្បាប់ ក្រៅ ប្រទេស រីក ធំធាត់ ជាង ៦០០ ០០០ នាក់,"['គិត', 'ត្រឹម', 'ឆ្នាំ', '២០១៤', 'ចំនួន', 'ប្រជាជន', 'កម្ពុជា', 'កំពុង', 'ធ្វើ', 'ការងារ', 'ស្រប', 'ច្បាប់', 'មិន', 'ស្រប', 'ច្បាប់', 'ក្រៅ', 'ប្រទេស', 'រីក', 'ធំធាត់', 'ជាង', '៦០០', '០០០', 'នាក់']",29,23
134,pair1,positive,ទន្ទឹមនឹងនោះ សេចក្តីថ្លែងការណ៍ក៏បានសំដៅទៅលើការហ្វឹកហាត់រួមគ្នានៃយន្តហោះចម្បាំង F-35A នៅក្នុងខែកក្កដា និងការដាក់ពង្រាយនាពេលខាងមុខនៃនាវាចម្បាំង USS Ronald Reagan Carrier Strike Group នៅក្នុងតំបន់ ដើម្បីជាការបង្ហាញពីការប្តេជ្ញាចិត្តរបស់សហរដ្ឋអាម៉េរិក។,ទន្ទឹម សេចក្តីថ្លែងការណ៍ សំដៅ ការហ្វឹកហាត់ រួមគ្នា នៃ យន្តហោះ ចម្បាំង F A នៅក្នុង ខែកក្កដា ការដាក់ពង្រាយ នា ខាងមុខ នៃ នាវា ចម្បាំង USS Ronald Reagan Carrier Strike Group នៅក្នុង តំបន់ ការបង្ហាញ ការប្តេជ្ញាចិត្ត សហរដ្ឋ អាម៉េរិក,"['ទន្ទឹម', 'សេចក្តីថ្លែងការណ៍', 'សំដៅ', 'ការហ្វឹកហាត់', 'រួមគ្នា', 'នៃ', 'យន្តហោះ', 'ចម្បាំង', 'F', 'A', 'នៅក្នុង', 'ខែកក្កដា', 'ការដាក់ពង្រាយ', 'នា', 'ខាងមុខ', 'នៃ', 'នាវា', 'ចម្បាំង', 'USS', 'Ronald', 'Reagan', 'Carrier', 'Strike', 'Group', 'នៅក្នុង', 'តំបន់', 'ការបង្ហាញ', 'ការប្តេជ្ញាចិត្ត', 'សហរដ្ឋ', 'អាម៉េរិក']",42,30
136,pair1,neutral,តើទេពកោសល្យអ្វី ដែលអាចធ្វើឲ្យប្រទេសជិតខាង ទទួលយកសំណូមពរដោយបញ្ជូនកងទ័ពស្មគ្រ័ចិត្តវៀតណាមគៀកស្មារជាមួយកងទ័ពរណសិរ្សរំដោះប្រជាជនកម្ពុជា រហូតទទួលបានជោគជ័យលើរបបប៉ុលពត?,តើ ទេពកោសល្យ អ្វី ធ្វើឲ្យ ប្រទេស ជិតខាង ទទួលយក សំណូមពរ បញ្ជូន កងទ័ព ស្ម គ្រ័ចិត្ត វៀតណាម គៀក ស្មារ កងទ័ព រណសិរ្ស រំដោះ ប្រជាជន កម្ពុជា ទទួលបាន ជោគជ័យ របប ប៉ុល ពត,"['តើ', 'ទេពកោសល្យ', 'អ្វី', 'ធ្វើឲ្យ', 'ប្រទេស', 'ជិតខាង', 'ទទួលយក', 'សំណូមពរ', 'បញ្ជូន', 'កងទ័ព', 'ស្ម', 'គ្រ័ចិត្ត', 'វៀតណាម', 'គៀក', 'ស្មារ', 'កងទ័ព', 'រណសិរ្ស', 'រំដោះ', 'ប្រជាជន', 'កម្ពុជា', 'ទទួលបាន', 'ជោគជ័យ', 'របប', 'ប៉ុល', 'ពត']",32,25
140,pair1,neutral,ទូលព្រះបាទយើងអាចប្តូរប្រាក់បាន,ទូល ព្រះបាទ ប្តូរ ប្រាក់,"['ទូល', 'ព្រះបាទ', 'ប្តូរ', 'ប្រាក់']",7,4
141,pair1,positive,ក្នុងសន្និសីទសារព័ត៌មាននៅថ្ងៃនេះ មន្ត្រីក្រសួងយុត្តិធម៌៨រូប រួមទាំងអ្នកនាំពាក្យក្រសួងនេះ គឺលោក ជិន ម៉ាលីន បានលើកឡើងពីសមទ្ធផលជាច្រើនដែលក្រសួងបានខំប្រឹងប្រែង និងធ្វើកំណែទម្រង់ប្រព័ន្ធតុលាការនាពេលកន្លងមក មកដល់បច្ចុប្បន្ន។,សន្និសីទ សារព័ត៌មាន ថ្ងៃ មន្ត្រី ក្រសួង យុត្តិធម៌ ៨រូប រួមទាំង អ្នកនាំពាក្យ ក្រសួង ជិន ម៉ាលី លើកឡើង សមទ្ធផល ជាច្រើន ក្រសួង ខំប្រឹងប្រែង ធ្វើ កំណែទម្រង់ ប្រព័ន្ធ តុលាការ នា កន្លងមក មកដល់ បច្ចុប្បន្ន,"['សន្និសីទ', 'សារព័ត៌មាន', 'ថ្ងៃ', 'មន្ត្រី', 'ក្រសួង', 'យុត្តិធម៌', '៨រូប', 'រួមទាំង', 'អ្នកនាំពាក្យ', 'ក្រសួង', 'ជិន', 'ម៉ាលី', 'លើកឡើង', 'សមទ្ធផល', 'ជាច្រើន', 'ក្រសួង', 'ខំប្រឹងប្រែង', 'ធ្វើ', 'កំណែទម្រង់', 'ប្រព័ន្ធ', 'តុលាការ', 'នា', 'កន្លងមក', 'មកដល់', 'បច្ចុប្បន្ន']",39,25
143,pair1,negative,អាជ្ញាធរត្រូវយកចិត្តទុក ដាក់ដោះស្រាយជម្លោះដីធ្លីជូនប្រជាពលរដ្ឋអោយបានរហ័ស និងមានប្រសិទ្ធិភាព ជាពិសេសការដោះស្រាយក្រៅប្រព័ន្ធតុលាការអោយបានច្រើន ដោយមិនត្រូវលំអៀងខាងភាគីណានោះទេត្រូវឈរនៅកណ្តាល ដើម្បីបម្រើផលប្រយោជន៍ទាំងសងខាង។,អាជ្ញាធរ យកចិត្ត ទុក ដាក់ ដោះស្រាយ ជម្លោះ ដីធ្លី ជូន ប្រជាពលរដ្ឋ អោយ រហ័ស មាន ប្រសិទ្ធិភាព ជាពិសេស ការដោះស្រាយ ក្រៅ ប្រព័ន្ធ តុលាការ អោយ ច្រើន មិន លំអៀង ខាង ភាគី ឈរ កណ្តាល បម្រើ ផលប្រយោជន៍ សងខាង,"['អាជ្ញាធរ', 'យកចិត្ត', 'ទុក', 'ដាក់', 'ដោះស្រាយ', 'ជម្លោះ', 'ដីធ្លី', 'ជូន', 'ប្រជាពលរដ្ឋ', 'អោយ', 'រហ័ស', 'មាន', 'ប្រសិទ្ធិភាព', 'ជាពិសេស', 'ការដោះស្រាយ', 'ក្រៅ', 'ប្រព័ន្ធ', 'តុលាការ', 'អោយ', 'ច្រើន', 'មិន', 'លំអៀង', 'ខាង', 'ភាគី', 'ឈរ', 'កណ្តាល', 'បម្រើ', 'ផលប្រយោជន៍', 'សងខាង']",43,29
144,pair1,positive,បើយោងតាមលោក វណ្ណា បច្ចុប្បន្ននេះក្រៅពីរាជធានីភ្នំពេញ និងខេត្តព្រះសីហនុ វិស័យអចលនទ្រព្យ និងសំណង់ ក៏បាននិងកំពុងឈានឆ្ពោះទៅខេត្តមានសក្តានុពលមួយចំនួនដូចជា កំពត កែប កោះកុង បាត់ដំបង សៀមរាប និងកំពង់ចាម ជាដើម។,យោង តាម វណ្ណា បច្ចុប្បន្ន ក្រៅពី រាជធានី ភ្នំពេញ ខេត្ត ព្រះសីហនុ វិស័យ អចលន ទ្រព្យ សំណង់ កំពុង ឈាន ឆ្ពោះទៅ ខេត្ត មាន សក្តានុពល មួយចំនួន ដូចជា កំពត កែប កោះ កុង បាត់ដំបង សៀមរាប កំពង់ចាម ជាដើម,"['យោង', 'តាម', 'វណ្ណា', 'បច្ចុប្បន្ន', 'ក្រៅពី', 'រាជធានី', 'ភ្នំពេញ', 'ខេត្ត', 'ព្រះសីហនុ', 'វិស័យ', 'អចលន', 'ទ្រព្យ', 'សំណង់', 'កំពុង', 'ឈាន', 'ឆ្ពោះទៅ', 'ខេត្ត', 'មាន', 'សក្តានុពល', 'មួយចំនួន', 'ដូចជា', 'កំពត', 'កែប', 'កោះ', 'កុង', 'បាត់ដំបង', 'សៀមរាប', 'កំពង់ចាម', 'ជាដើម']",39,29
145,pair1,neutral,លោកបានបន្ថែមថា រថយន្តបានឆ្លងកាត់ប្រទេសប៊ុលហ្គារី ហ្សកហ្ស៊ី អាមេនី អូសេទីខាងជើង និងតំបន់ Krasnodar របស់រុស្ស៊ី មុនពេលមកដល់លើស្ពាន។,បន្ថែម រថយន្ត ឆ្លងកាត់ ប្រទេស ប៊ុលហ្គារី ហ្សកហ្ស៊ី អាមេនី អូសេទី ខាងជើង តំបន់ Krasnodar រុស្ស៊ី មុនពេល មកដល់ ស្ពាន,"['បន្ថែម', 'រថយន្ត', 'ឆ្លងកាត់', 'ប្រទេស', 'ប៊ុលហ្គារី', 'ហ្សកហ្ស៊ី', 'អាមេនី', 'អូសេទី', 'ខាងជើង', 'តំបន់', 'Krasnodar', 'រុស្ស៊ី', 'មុនពេល', 'មកដល់', 'ស្ពាន']",23,15
151,pair1,positive,គោលដៅនេះផ្តោតលើទិដ្ឋភាពយ៉ាងទូលំទូលាយ រួមមានអត្រាមរណភាព ចំនួននៃការឆ្លងជំងឺជាច្រើន ការប្រើប្រាស់ថ្នាំជក់ អត្រានៃការធ្វើអត្តឃាត ការស្លាប់តាមដងផ្លូវ និងការទទួលបានសេវាសុខភាពចាំបាច់ និងផែនការគ្រួសារ។,គោលដៅ ផ្តោត ទិដ្ឋភាព យ៉ាង ទូលំទូលាយ រួម មាន អត្រា មរណភាព ចំនួន នៃ ការឆ្លង ជំងឺ ជាច្រើន ការប្រើប្រាស់ ថ្នាំជក់ អត្រា នៃ ការធ្វើ អត្តឃាត ការស្លាប់ តាម ដងផ្លូវ ការទទួលបាន សេវា សុខភាពចាំបាច់ ផែនការ គ្រួសារ,"['គោលដៅ', 'ផ្តោត', 'ទិដ្ឋភាព', 'យ៉ាង', 'ទូលំទូលាយ', 'រួម', 'មាន', 'អត្រា', 'មរណភាព', 'ចំនួន', 'នៃ', 'ការឆ្លង', 'ជំងឺ', 'ជាច្រើន', 'ការប្រើប្រាស់', 'ថ្នាំជក់', 'អត្រា', 'នៃ', 'ការធ្វើ', 'អត្តឃាត', 'ការស្លាប់', 'តាម', 'ដងផ្លូវ', 'ការទទួលបាន', 'សេវា', 'សុខភាពចាំបាច់', 'ផែនការ', 'គ្រួសារ']",33,28
152,pair1,neutral,គេវាយតម្លៃថាតំបន់ផ្នូរបុរាណនេះមានសាកសពជាលក្ខណៈម៉ាមមីរហូតដល់ជាងមួយលានឯណោះហើយកប់ក្នុងផ្នូរធ្វើអំពីថ្មកំបោរក្នុងជំរៅដល់ជិត៣០ម៉ែត្រទៅក្រោមកាលសម័យនោះ។,វាយតម្លៃ តំបន់ ផ្នូរ បុរាណ មាន សាកសព លក្ខណៈ ម៉ាមមី រហូតដល់ ជាង លាន ឯណោះ កប់ ផ្នូរ ធ្វើ អំពី ថ្ម កំបោរ ជំរៅ ជិត៣០ ម៉ែត្រ កាល សម័យ,"['វាយតម្លៃ', 'តំបន់', 'ផ្នូរ', 'បុរាណ', 'មាន', 'សាកសព', 'លក្ខណៈ', 'ម៉ាមមី', 'រហូតដល់', 'ជាង', 'លាន', 'ឯណោះ', 'កប់', 'ផ្នូរ', 'ធ្វើ', 'អំពី', 'ថ្ម', 'កំបោរ', 'ជំរៅ', 'ជិត៣០', 'ម៉ែត្រ', 'កាល', 'សម័យ']",36,23
154,pair1,negative,ម្ចាស់គ្លីនីកមេត្តានៅរាជធានីភ្នំពេញ លោកវេជ្ជបណ្ឌិត ហ៊ាង រតនា មានប្រសាសន៍ប្រាប់វិទ្យុអាស៊ីសេរីថា អ្នកប្រើប្រាស់បារីអេឡិចត្រូនិច មានផលវិបាកធ្ងន់ធ្ងរដល់សុខភាព ដូចជាអ្នកជក់បារីផងដែរ។,ម្ចាស់ គ្លីនីក មេត្តា រាជធានី ភ្នំពេញ វេជ្ជបណ្ឌិត ហ៊ាង រតនា មានប្រសាសន៍ ប្រាប់ វិទ្យុ អាស៊ី សេរី អ្នកប្រើប្រាស់ បារី អេឡិចត្រូនិច មាន ផលវិបាក ធ្ងន់ធ្ងរ សុខភាព ដូចជា ជក់ បារី ផងដែរ,"['ម្ចាស់', 'គ្លីនីក', 'មេត្តា', 'រាជធានី', 'ភ្នំពេញ', 'វេជ្ជបណ្ឌិត', 'ហ៊ាង', 'រតនា', 'មានប្រសាសន៍', 'ប្រាប់', 'វិទ្យុ', 'អាស៊ី', 'សេរី', 'អ្នកប្រើប្រាស់', 'បារី', 'អេឡិចត្រូនិច', 'មាន', 'ផលវិបាក', 'ធ្ងន់ធ្ងរ', 'សុខភាព', 'ដូចជា', 'ជក់', 'បារី', 'ផងដែរ']",30,24
156,pair1,neutral,សម្រាមច្រើនពេកដឹង ខ្លាចគេឃើញ,សម្រាម ច្រើន ពេក ដឹង ខ្លាច ឃើញ,"['សម្រាម', 'ច្រើន', 'ពេក', 'ដឹង', 'ខ្លាច', 'ឃើញ']",7,6
158,pair1,neutral,កាលពីខែមិថុនា ព្រះតេជគុណ គូ សុភាព អ្នកនាង ខាត់ សុឃីម បានទៅលេងផ្ទះ ថៅកែតែគុជ Boba Tea ដែរ។,កាលពី ខែមិថុនា ព្រះតេជគុណ គូ សុភាព អ្នកនាង ខាត់ សុឃីម លេង ផ្ទះ ថៅកែ គុជ Boba Tea,"['កាលពី', 'ខែមិថុនា', 'ព្រះតេជគុណ', 'គូ', 'សុភាព', 'អ្នកនាង', 'ខាត់', 'សុឃីម', 'លេង', 'ផ្ទះ', 'ថៅកែ', 'គុជ', 'Boba', 'Tea']",19,14
160,pair1,positive,បន្លែដែលមានស្លឹកពណ៌បៃតងដូចជាស្ពៃចង្កឹះ និងខាត់ណាក៏ជាប្រភពផ្តល់នូវ folate ដ៏ល្អបំផុតដែរ។,បន្លែ មាន ស្លឹក ពណ៌ បៃតង ដូចជា ស្ពៃ ចង្កឹះ ខាត់ ប្រភព ផ្តល់ នូវ folate ដ៏ ល្អ បំផុត,"['បន្លែ', 'មាន', 'ស្លឹក', 'ពណ៌', 'បៃតង', 'ដូចជា', 'ស្ពៃ', 'ចង្កឹះ', 'ខាត់', 'ប្រភព', 'ផ្តល់', 'នូវ', 'folate', 'ដ៏', 'ល្អ', 'បំផុត']",23,16
162,pair1,negative,ប៉ុន្តែចាប់ពីបិណ្ឌទី ៤ ទៅដើម្បីរក្សានូវជីវិតរក្សាកុំឲ្យមានការរាលដាលនៃជំងឺឆ្លងដ៏កាចសាហាវនេះសម្តេចក៏បានចេញបញ្ជាមិន ឲ្យមានការជួបជុំដើម្បីការពារការឆ្លងកូវីដ១៩ និងស្លាប់ដោយសារកូវីដ។,ប៉ុន្តែ ចាប់ពី បិណ្ឌ ទី រក្សា នូវ ជីវិត រក្សា កុំ ឲ្យ មាន ការរាលដាល នៃ ជំងឺ ឆ្លង ដ៏ កាច សាហាវ សម្តេច ចេញ បញ្ជា មិន ឲ្យ មាន ការជួបជុំ ការពារ ការឆ្លង កូវីដ១៩ ស្លាប់ ដោយសារ កូវីដ,"['ប៉ុន្តែ', 'ចាប់ពី', 'បិណ្ឌ', 'ទី', 'រក្សា', 'នូវ', 'ជីវិត', 'រក្សា', 'កុំ', 'ឲ្យ', 'មាន', 'ការរាលដាល', 'នៃ', 'ជំងឺ', 'ឆ្លង', 'ដ៏', 'កាច', 'សាហាវ', 'សម្តេច', 'ចេញ', 'បញ្ជា', 'មិន', 'ឲ្យ', 'មាន', 'ការជួបជុំ', 'ការពារ', 'ការឆ្លង', 'កូវីដ១៩', 'ស្លាប់', 'ដោយសារ', 'កូវីដ']",40,31
168,pair1,negative,លោកយល់ឃើញថា ពលរដ្ឋ ដែលផ្ទុកមេរោគអេដស៍ គឺងាយរងគ្រោះបំផុត ហើយការយកចិត្តទុកដាក់របស់អាជ្ញាធរជារឿងសំខាន់៖ «ត្រូវតែបង្កើនការយកចិត្តទុកដាក់លើពួកគាត់ ហើយពួកគាត់ ដែលមានផ្ទុកមេរោគអេដស៍ហ្នឹង គឺពួកគាត់ឥឡូវ ក៏កាន់តែវ័យចាស់ៗ ជរាហើយ។,យល់ឃើញ ពលរដ្ឋ ផ្ទុក មេរោគ អេដស៍ ងាយ រងគ្រោះ បំផុត ការយកចិត្តទុកដាក់ អាជ្ញាធរ រឿង សំខាន់៖ ត្រូវតែ បង្កើន ការយកចិត្តទុកដាក់ ពួក ពួកគាត់ មាន ផ្ទុក មេរោគ អេដស៍ ហ្នឹង ពួកគាត់ ឥឡូវ កាន់តែ វ័យ ចាស់ ជរា,"['យល់ឃើញ', 'ពលរដ្ឋ', 'ផ្ទុក', 'មេរោគ', 'អេដស៍', 'ងាយ', 'រងគ្រោះ', 'បំផុត', 'ការយកចិត្តទុកដាក់', 'អាជ្ញាធរ', 'រឿង', 'សំខាន់៖', 'ត្រូវតែ', 'បង្កើន', 'ការយកចិត្តទុកដាក់', 'ពួក', 'ពួកគាត់', 'មាន', 'ផ្ទុក', 'មេរោគ', 'អេដស៍', 'ហ្នឹង', 'ពួកគាត់', 'ឥឡូវ', 'កាន់តែ', 'វ័យ', 'ចាស់', 'ជរា']",45,28
171,pair1,negative,យោងតាម អារ៉ាប៊ីសាអូឌីត ដែលជាមេដឹកនាំរបស់ក្រុមនេះ បានអះអាងថា៖«ការកាត់បន្ថយការផ្គត់ផ្គង់ប្រេងស្មើនឹងប្រហែល ២ ភាគរយនៃការផ្គត់ផ្គង់ប្រេងទូទាំងពិភពលោក គឺជាការឆ្លើយតបទៅនឹងកំណើនអត្រាការប្រាក់នៅលោកខាងលិច និងការធ្លាក់ចុះនៃសេដ្ឋកិច្ចពិភពលោក»។,យោង តាម អារ៉ាប៊ី សាអូឌីត មេដឹកនាំ ក្រុម អះអាង ថា៖ ការកាត់បន្ថយ ការផ្គត់ផ្គង់ ប្រេង ស្មើនឹង ប្រហែល ភាគរយ នៃ ការផ្គត់ផ្គង់ ប្រេង ទូទាំង ពិភពលោក គឺជា ការឆ្លើយតប ទៅនឹង កំណើន អត្រា ការប្រាក់ ខាងលិច ការធ្លាក់ចុះ នៃ សេដ្ឋកិច្ច ពិភពលោក,"['យោង', 'តាម', 'អារ៉ាប៊ី', 'សាអូឌីត', 'មេដឹកនាំ', 'ក្រុម', 'អះអាង', 'ថា៖', 'ការកាត់បន្ថយ', 'ការផ្គត់ផ្គង់', 'ប្រេង', 'ស្មើនឹង', 'ប្រហែល', 'ភាគរយ', 'នៃ', 'ការផ្គត់ផ្គង់', 'ប្រេង', 'ទូទាំង', 'ពិភពលោក', 'គឺជា', 'ការឆ្លើយតប', 'ទៅនឹង', 'កំណើន', 'អត្រា', 'ការប្រាក់', 'ខាងលិច', 'ការធ្លាក់ចុះ', 'នៃ', 'សេដ្ឋកិច្ច', 'ពិភពលោក']",42,30
173,pair1,negative,អង្គការអន្តរជាតិអំពាវនាវប្រទេសជាសមាជិកអង្គការសហប្រជាជាតិ កុំបោះឆ្នោតគាំទ្របេក្ខភាពវៀតណាម ជាសមាជិកក្រុមប្រឹក្សាសិទ្ធិមនុស្ស,អង្គការ អន្តរជាតិ អំពាវនាវ ប្រទេស សមាជិក អង្គការ សហ ប្រជាជាតិ កុំ បោះឆ្នោត គាំទ្រ បេក្ខភាព វៀតណាម សមាជិក ក្រុមប្រឹក្សា សិទ្ធិ មនុស្ស,"['អង្គការ', 'អន្តរជាតិ', 'អំពាវនាវ', 'ប្រទេស', 'សមាជិក', 'អង្គការ', 'សហ', 'ប្រជាជាតិ', 'កុំ', 'បោះឆ្នោត', 'គាំទ្រ', 'បេក្ខភាព', 'វៀតណាម', 'សមាជិក', 'ក្រុមប្រឹក្សា', 'សិទ្ធិ', 'មនុស្ស']",19,17
176,pair1,neutral,នារសៀលថ្ងៃទី១៦ មិថុនា នៅទីក្រុង New Delhi ប្រទេសឥណ្ឌា រដ្ឋមន្ត្រីការបរទេសវៀតណាមលោក Bui Thanh Son បានអញ្ជើញចូលរួមសម័យពិភាក្សាថ្នាក់រដ្ឋមន្ត្រីការបរទេសស្តីពីរយៈពេល ៣០ ឆ្នាំ នៃទំនាក់ទំនងអាស៊ាន-ឥណ្ឌា ក្នុងក្របខ័ណ្ឌនៃកិច្ចសន្ទនា Delhi លើកទី ១២ ដោយប្រធានបទ “កសាងស្ពានតភ្ជាប់មហាសមុទ្រឥណ្ឌា-ប៉ាស៊ីហ្វិក”។,នា រសៀល ថ្ងៃទី ១៦ មិថុនា ទីក្រុង New Delhi ប្រទេស ឥណ្ឌា រដ្ឋមន្ត្រី ការបរទេស វៀតណាម Bui Thanh Son អញ្ជើញ ចូលរួម សម័យ ពិភាក្សា ថ្នាក់ រដ្ឋមន្ត្រី ការបរទេស ស្តីពី រយៈពេល ៣០ ឆ្នាំ នៃ ទំនាក់ទំនង អាស៊ាន ឥណ្ឌា ក្របខ័ណ្ឌ នៃ កិច្ចសន្ទនា Delhi លើក ទី ១២ ប្រធានបទ សាង ស្ពាន តភ្ជាប់ មហាសមុទ្រ ឥណ្ឌា ប៉ាស៊ីហ្វិក,"['នា', 'រសៀល', 'ថ្ងៃទី', '១៦', 'មិថុនា', 'ទីក្រុង', 'New', 'Delhi', 'ប្រទេស', 'ឥណ្ឌា', 'រដ្ឋមន្ត្រី', 'ការបរទេស', 'វៀតណាម', 'Bui', 'Thanh', 'Son', 'អញ្ជើញ', 'ចូលរួម', 'សម័យ', 'ពិភាក្សា', 'ថ្នាក់', 'រដ្ឋមន្ត្រី', 'ការបរទេស', 'ស្តីពី', 'រយៈពេល', '៣០', 'ឆ្នាំ', 'នៃ', 'ទំនាក់ទំនង', 'អាស៊ាន', 'ឥណ្ឌា', 'ក្របខ័ណ្ឌ', 'នៃ', 'កិច្ចសន្ទនា', 'Delhi', 'លើក', 'ទី', '១២', 'ប្រធានបទ', 'សាង', 'ស្ពាន', 'តភ្ជាប់', 'មហាសមុទ្រ', 'ឥណ្ឌា', 'ប៉ាស៊ីហ្វិក']",55,45
179,pair1,positive,ចាស់ៗគឺបែបនេះ គាត់ធ្វើផ្ទះធំគឺដើម្បីអោយកូននិងចៅៗគាត់មកជួបជុំគ្នាប្រកបដោយភាពរីករាយនិងមានសេចក្តីសុខ,ចាស់ បែប ធ្វើ ផ្ទះ ធំ អោយ កូន ចៅ ជួបជុំគ្នា ប្រកបដោយ ភាពរីករាយ មាន សេចក្តីសុខ,"['ចាស់', 'បែប', 'ធ្វើ', 'ផ្ទះ', 'ធំ', 'អោយ', 'កូន', 'ចៅ', 'ជួបជុំគ្នា', 'ប្រកបដោយ', 'ភាពរីករាយ', 'មាន', 'សេចក្តីសុខ']",24,13
182,pair1,neutral,ហេតុនេះ ទ្រង់ប្រោសប្រទាន ព្រះរាជវិនិច្ឆ័យថា : ក្របីដែលស្លាប់នេះ ទុកជាកម្មរបស់សត្វចុះយើងនឹងយកទោសពញាជ័យមិនបានទេ។,ហេតុ ទ្រង់ ប្រោសប្រទាន ព្រះរាជ វិនិច្ឆ័យ ក្របី ស្លាប់ ទុក ជាកម្ម សត្វ ចុះ យក ទោស ពញា ជ័យ មិន,"['ហេតុ', 'ទ្រង់', 'ប្រោសប្រទាន', 'ព្រះរាជ', 'វិនិច្ឆ័យ', 'ក្របី', 'ស្លាប់', 'ទុក', 'ជាកម្ម', 'សត្វ', 'ចុះ', 'យក', 'ទោស', 'ពញា', 'ជ័យ', 'មិន']",27,16
184,pair1,neutral,ទុករយៈពេល ២០-៣០ នាទី បន្ទាប់ត្រូវលាងអំបិលចេញ មុនពេលដាំស្លរ។,ទុក រយៈពេល ២០ ៣០ នាទី បន្ទាប់ លាង អំបិល ចេញ មុនពេល ដាំ ស្លរ,"['ទុក', 'រយៈពេល', '២០', '៣០', 'នាទី', 'បន្ទាប់', 'លាង', 'អំបិល', 'ចេញ', 'មុនពេល', 'ដាំ', 'ស្លរ']",14,12
185,pair1,neutral,បច្ចុប្បន្នមានគំរូសាលាជំនាន់ថ្មីសាកល្បងប្រមាណ ១១ សាលាដែលកំពុងដំណើរការនៅទូទាំងប្រទេសដោយមានគោលដៅពង្រីកគំរូដល់ ១០០ សាលានៅឆ្នាំ ២០២២ ។,បច្ចុប្បន្ន មាន គំរូ សាលា ជំនាន់ ថ្មី សាកល្បង ប្រមាណ ១១ សាលា កំពុង ដំណើរការ ទូទាំង ប្រទេស មាន គោលដៅ ពង្រីក គំរូ ១០០ សាលា ឆ្នាំ ២០២២,"['បច្ចុប្បន្ន', 'មាន', 'គំរូ', 'សាលា', 'ជំនាន់', 'ថ្មី', 'សាកល្បង', 'ប្រមាណ', '១១', 'សាលា', 'កំពុង', 'ដំណើរការ', 'ទូទាំង', 'ប្រទេស', 'មាន', 'គោលដៅ', 'ពង្រីក', 'គំរូ', '១០០', 'សាលា', 'ឆ្នាំ', '២០២២']",28,22
193,pair1,neutral,លោកផន សុភី រស់នៅសង្កាត់ ទឹកវិល ក្រុងសៀមរាប បានឱ្យដឹងថា លោកបានចាប់ផ្តើមការងារដាំដុះដំណាំកាកាវរយៈ ពេល២ឆ្នាំមកហើយ តាមរយៈការចុះកិច្ចសន្យាដាំដុះជាមួយក្រុមហ៊ុនមួយ ដែលប្រមូលទិញវិញនូវផ្លែកាកាវ ដែលលោក និងកសិករដទៃទៀតប្រមូលផលបាន ក្នុងតម្លៃមួយច្បាស់លាស់។,ផន សុភី រស់ សង្កាត់ ទឹក វិល ក្រុង សៀមរាប ឱ្យដឹង ចាប់ផ្តើម ការងារ ដាំដុះ ដំណាំ កាកាវរយៈ ២ឆ្នាំ មកហើយ តាមរយៈ ការចុះ កិច្ចសន្យា ដាំដុះ ក្រុមហ៊ុន ប្រមូល ទិញ វិញ នូវ ផ្លែ កាកាវ កសិករ ដទៃ ទៀត ប្រមូល ផល តម្លៃ ច្បាស់លាស់,"['ផន', 'សុភី', 'រស់', 'សង្កាត់', 'ទឹក', 'វិល', 'ក្រុង', 'សៀមរាប', 'ឱ្យដឹង', 'ចាប់ផ្តើម', 'ការងារ', 'ដាំដុះ', 'ដំណាំ', 'កាកាវរយៈ', '២ឆ្នាំ', 'មកហើយ', 'តាមរយៈ', 'ការចុះ', 'កិច្ចសន្យា', 'ដាំដុះ', 'ក្រុមហ៊ុន', 'ប្រមូល', 'ទិញ', 'វិញ', 'នូវ', 'ផ្លែ', 'កាកាវ', 'កសិករ', 'ដទៃ', 'ទៀត', 'ប្រមូល', 'ផល', 'តម្លៃ', 'ច្បាស់លាស់']",51,34
199,pair1,negative,គាត់ជិះកង់ឌុបគ្នាឆ្ងាយដែរពីទួលសង្កែទៅសាលាឥន្ទរទេវី សព្វថ្ងៃនេះកូនស្រីច្បងដែលគ្នាមានអាយុទើបតែ ១៣ ឆ្នាំ តែត្រូវមករ៉ាប់រងគ្រួសារទៅវិញ។,ជិះ កង់ ឌុប ឆ្ងាយ ទួល សង្កែ សាលា ឥន្ទរ ទេវី សព្វ ថ្ងៃ កូនស្រី ច្បង មាន អាយុ ទើបតែ ១៣ ឆ្នាំ រ៉ាប់រង គ្រួសារ វិញ,"['ជិះ', 'កង់', 'ឌុប', 'ឆ្ងាយ', 'ទួល', 'សង្កែ', 'សាលា', 'ឥន្ទរ', 'ទេវី', 'សព្វ', 'ថ្ងៃ', 'កូនស្រី', 'ច្បង', 'មាន', 'អាយុ', 'ទើបតែ', '១៣', 'ឆ្នាំ', 'រ៉ាប់រង', 'គ្រួសារ', 'វិញ']",34,21
200,pair1,positive,កែវភ្នែកមូលថ្លាសម្លឹងគេដោយក្តីសង្ឃឹមថានឹងបានឃើញអ្វីដែលហៅថាហទយវត្ថុនោះ,កែវភ្នែក មូល ថ្លា សម្លឹង ក្តីសង្ឃឹម ឃើញ អ្វី ហៅ ហទយ វត្ថុ,"['កែវភ្នែក', 'មូល', 'ថ្លា', 'សម្លឹង', 'ក្តីសង្ឃឹម', 'ឃើញ', 'អ្វី', 'ហៅ', 'ហទយ', 'វត្ថុ']",18,10
202,pair2,neutral,នេះជាការអះអាងរបស់អ្នកនាំពាក្យក្រសួងអប់រំ។,ការអះអាង អ្នកនាំពាក្យ ក្រសួង អប់រំ,"['ការអះអាង', 'អ្នកនាំពាក្យ', 'ក្រសួង', 'អប់រំ']",8,4
203,pair2,neutral,ថ្លែងតាមកាមេរ៉ា លោក Bastrykin បាននិយាយថា ក្រុមអ្នកស៊ើបអង្កេតបានបង្កើតផ្លូវដែលរថយន្តនោះបានធ្វើដំណើរ និងបុគ្គលដែលពាក់ព័ន្ធនឹងចលនារបស់វា។,ថ្លែង តាម កាមេរ៉ា Bastrykin និយាយ ក្រុម ស៊ើបអង្កេត បង្កើត ផ្លូវ រថយន្ត ធ្វើដំណើរ បុគ្គល ពាក់ព័ន្ធ ចលនា,"['ថ្លែង', 'តាម', 'កាមេរ៉ា', 'Bastrykin', 'និយាយ', 'ក្រុម', 'ស៊ើបអង្កេត', 'បង្កើត', 'ផ្លូវ', 'រថយន្ត', 'ធ្វើដំណើរ', 'បុគ្គល', 'ពាក់ព័ន្ធ', 'ចលនា']",28,14
204,pair2,positive,ជាចុងបញ្ចប់លោកយាយបានថ្លែងអំណរគុណចំពោះគម្រោងដែលបានជួយនិងគិតគូដល់ក្រុមគ្រួសាររបស់គាត់ឱ្យមានជីវភាពប្រសើរឡើងដូចថ្ងៃនេះហើយបានស្នើសុំឱ្យគម្រោងបន្តជួយនិងយកចិត្តទុកដាក់ចំពោះគ្រួសារដែលបានរងគ្រោះនិងងាយរងគ្រោះដទៃទៀតនៅក្នុងសហគមន៍របស់គាត់និងសហគមន៍ផ្សេងៗទៀតឱ្យមានភាពប្រសើរឡើងដូចជាគ្រួសាររបស់គាត់។,ចុងបញ្ចប់ លោកយាយ ថ្លែងអំណរគុណ គម្រោង ជួយ គិតគូ ក្រុមគ្រួសារ ឱ្យ មាន ជីវភាព ប្រសើរឡើង ថ្ងៃ ស្នើសុំ ឱ្យ គម្រោង បន្ត ជួយ យកចិត្តទុកដាក់ គ្រួសារ រងគ្រោះ ងាយ រងគ្រោះ ដទៃ ទៀត នៅក្នុង សហគមន៍ សហគមន៍ ផ្សេង ទៀត ឱ្យ មាន ភាពប្រសើរឡើង ដូចជា គ្រួសារ,"['ចុងបញ្ចប់', 'លោកយាយ', 'ថ្លែងអំណរគុណ', 'គម្រោង', 'ជួយ', 'គិតគូ', 'ក្រុមគ្រួសារ', 'ឱ្យ', 'មាន', 'ជីវភាព', 'ប្រសើរឡើង', 'ថ្ងៃ', 'ស្នើសុំ', 'ឱ្យ', 'គម្រោង', 'បន្ត', 'ជួយ', 'យកចិត្តទុកដាក់', 'គ្រួសារ', 'រងគ្រោះ', 'ងាយ', 'រងគ្រោះ', 'ដទៃ', 'ទៀត', 'នៅក្នុង', 'សហគមន៍', 'សហគមន៍', 'ផ្សេង', 'ទៀត', 'ឱ្យ', 'មាន', 'ភាពប្រសើរឡើង', 'ដូចជា', 'គ្រួសារ']",59,34
209,pair2,neutral,វាអាចនៅមានចំនួនតិចតួចបំផុត ហើយ ការទទួលទានចំនួន ៥ កែវ ឬ ច្រើនជាងនេះ អាចស្មើនិង កាហ្វេមានសារជាតិកាហ្វេអ៊ីនដែលទទួលទានរាល់ថ្ងៃចំនួន ១ កែវ។,មាន ចំនួន តិចតួច បំផុត ការទទួលទាន ចំនួន កែវ ច្រើន ជាង ស្មើ កាហ្វេ មាន សារជាតិ កាហ្វេអ៊ីន ទទួលទាន រាល់ ថ្ងៃ ចំនួន កែវ,"['មាន', 'ចំនួន', 'តិចតួច', 'បំផុត', 'ការទទួលទាន', 'ចំនួន', 'កែវ', 'ច្រើន', 'ជាង', 'ស្មើ', 'កាហ្វេ', 'មាន', 'សារជាតិ', 'កាហ្វេអ៊ីន', 'ទទួលទាន', 'រាល់', 'ថ្ងៃ', 'ចំនួន', 'កែវ']",31,19
210,pair2,neutral,ចំណូលដុលគឺជាតម្លៃទីផ្សារនៃផលិតផលទាំងអស់ដែលបានពីផលិតកម្មទាំងមូល,ចំណូល ដុល គឺជា តម្លៃ ទីផ្សារ នៃ ផលិតផល ទាំងអស់ ផលិតកម្ម ទាំងមូល,"['ចំណូល', 'ដុល', 'គឺជា', 'តម្លៃ', 'ទីផ្សារ', 'នៃ', 'ផលិតផល', 'ទាំងអស់', 'ផលិតកម្ម', 'ទាំងមូល']",13,10
211,pair2,neutral,កាលនោះខ្ញុំនៅចាំបានថា យើងទាំងអស់គ្នាបានធ្វើដំណើរតាមក្រុមហ៊ុនទេសចរណ៍មួយក្នុងថ្ងៃបុណ្យអុំទូក ដែលមានអ្នកទៅលេងសរុបចំនួន២៥នាក់ មានទាំងក្មេងតូចរហូតដស់អ៊ំប្រុស អ៊ំស្រីចាស់ៗ។,កាល ចាំ ទាំងអស់ ធ្វើដំណើរ តាម ក្រុមហ៊ុន ទេសចរណ៍ ថ្ងៃ បុណ្យ អុំ ទូក មាន លេង សរុប ចំនួន ២៥ នាក់ មាន ក្មេង តូច រហូតដស់ អ៊ំ ប្រុស អ៊ំ ស្រី ចាស់,"['កាល', 'ចាំ', 'ទាំងអស់', 'ធ្វើដំណើរ', 'តាម', 'ក្រុមហ៊ុន', 'ទេសចរណ៍', 'ថ្ងៃ', 'បុណ្យ', 'អុំ', 'ទូក', 'មាន', 'លេង', 'សរុប', 'ចំនួន', '២៥', 'នាក់', 'មាន', 'ក្មេង', 'តូច', 'រហូតដស់', 'អ៊ំ', 'ប្រុស', 'អ៊ំ', 'ស្រី', 'ចាស់']",42,26
213,pair2,neutral,ត្រូវចងចាំក្នុងចិត្តថាក្មេងៗមានក្រពះតូចជាងមនុស្សុពេញវ័យ ប៉ុន្តែត្រូវការថាមពលខ្ពស់ជាងមនុស្សពេញវ័យ។,ចងចាំ ចិត្ត ក្មេង មាន ក្រពះ តូច ជាង មនុស្សុ ពេញ វ័យ ប៉ុន្តែ ត្រូវការ ថាមពល ខ្ពស់ ជាង មនុស្ស ពេញ វ័យ,"['ចងចាំ', 'ចិត្ត', 'ក្មេង', 'មាន', 'ក្រពះ', 'តូច', 'ជាង', 'មនុស្សុ', 'ពេញ', 'វ័យ', 'ប៉ុន្តែ', 'ត្រូវការ', 'ថាមពល', 'ខ្ពស់', 'ជាង', 'មនុស្ស', 'ពេញ', 'វ័យ']",23,18
214,pair2,positive,នៅគ្រាដែលភិក្ខុអង្គនោះមកដល់ ព្រះអង្គក៏សម្តែងមាតុបោសកសូត្រ៤ ពោលសរសើរគុណមាតាបិតា។,គ្រា ភិក្ខុ អង្គ មកដល់ ព្រះអង្គ សម្តែង មាតុ បោសកសូត្រ ពោល សរសើរ គុណ មាតាបិតា,"['គ្រា', 'ភិក្ខុ', 'អង្គ', 'មកដល់', 'ព្រះអង្គ', 'សម្តែង', 'មាតុ', 'បោសកសូត្រ', 'ពោល', 'សរសើរ', 'គុណ', 'មាតាបិតា']",18,12
216,pair2,positive,កសាងនិងធ្វើឱ្យប្រសើរឡើងនូវសម្ភារៈបរិក្ខារអប់រំ ដែលធ្វើឲ្យមានភាពប្រែប្រួលដល់កុមារ អ្នកបាត់បង់សមត្ថភាពពលកម្មនិងយែនឌ័រ និងផ្តល់នូវសុវត្ថិភាព គ្មានអំពើហិង្សា មានបរិស្ថាននៃការសិក្សាប្រកបដោយបរិយាបន្ននិងប្រសិទ្ធិភាពសម្រាប់ប្រជាជនគ្រប់រូប។,កសាង ធ្វើឱ្យ ប្រសើរឡើង នូវ សម្ភារៈ បរិក្ខារ អប់រំ ធ្វើឲ្យ មាន ភាពប្រែប្រួល កុមារ បាត់បង់ សមត្ថភាព ពលកម្ម យែនឌ័រ ផ្តល់ នូវ សុវត្ថិភាព គ្មាន អំពើហិង្សា មាន បរិស្ថាន នៃ ការសិក្សា ប្រកបដោយ បរិយា បន្ន ប្រសិទ្ធិភាព ប្រជាជន គ្រប់ រូប,"['កសាង', 'ធ្វើឱ្យ', 'ប្រសើរឡើង', 'នូវ', 'សម្ភារៈ', 'បរិក្ខារ', 'អប់រំ', 'ធ្វើឲ្យ', 'មាន', 'ភាពប្រែប្រួល', 'កុមារ', 'បាត់បង់', 'សមត្ថភាព', 'ពលកម្ម', 'យែនឌ័រ', 'ផ្តល់', 'នូវ', 'សុវត្ថិភាព', 'គ្មាន', 'អំពើហិង្សា', 'មាន', 'បរិស្ថាន', 'នៃ', 'ការសិក្សា', 'ប្រកបដោយ', 'បរិយា', 'បន្ន', 'ប្រសិទ្ធិភាព', 'ប្រជាជន', 'គ្រប់', 'រូប']",40,31
217,pair2,negative,រាជធានីភ្នំពេញ៖ សម្តេចតេជោ ហ៊ុន សែន នាយករដ្ឋមន្ត្រីនៃកម្ពុជា បានផ្តាំផ្ញើទៅអ្នកមិនព្រមស្ម័គ្រចិត្តរុះរើសចេញពីតំបន់អង្គរថា នៅពេលដែលដល់ពេលកំណត់ហើយ នៅតែមិនព្រមចេញ សម្តេច..មិនសុខចិត្តឱ្យអង្គរវត្តត្រូវគេដកចេញពីបេតិកភណ្ឌពិភពលោកទេ ច្បាស់ជាដកគ្រួសារទាំងនោះចេញហើយ...។,រាជធានី ភ្នំពេញ៖ សម្តេច តេជោ ហ៊ុន សែន នាយក រដ្ឋមន្ត្រី នៃ កម្ពុជា ផ្តាំផ្ញើ មិន ព្រម ស្ម័គ្រចិត្ត រុះរើស ចេញ តំបន់ អង្គរ កំណត់ នៅតែ មិន ព្រម ចេញ សម្តេច មិន សុខចិត្ត ឱ្យ អង្គរវត្ត ដក ចេញ បេតិកភណ្ឌ ពិភពលោក ច្បាស់ជា ដក គ្រួសារ ទាំងនោះ ចេញ,"['រាជធានី', 'ភ្នំពេញ៖', 'សម្តេច', 'តេជោ', 'ហ៊ុន', 'សែន', 'នាយក', 'រដ្ឋមន្ត្រី', 'នៃ', 'កម្ពុជា', 'ផ្តាំផ្ញើ', 'មិន', 'ព្រម', 'ស្ម័គ្រចិត្ត', 'រុះរើស', 'ចេញ', 'តំបន់', 'អង្គរ', 'កំណត់', 'នៅតែ', 'មិន', 'ព្រម', 'ចេញ', 'សម្តេច', 'មិន', 'សុខចិត្ត', 'ឱ្យ', 'អង្គរវត្ត', 'ដក', 'ចេញ', 'បេតិកភណ្ឌ', 'ពិភពលោក', 'ច្បាស់ជា', 'ដក', 'គ្រួសារ', 'ទាំងនោះ', 'ចេញ']",56,37
218,pair2,negative,ពួកយើងចំណាយពេលប្រហែល២០នាទី ទៅដល់កន្លែងអង្គុយរង់ចាំឡើងយន្តហោះអ៊ំស្រីអាវក្រហមនៅតែបន្តរអ៊ូដដែលថា ហ្អើយ! ថ្មើរនេះនៅហើយមិនទាន់មកដល់ទៀត សង្ស័យតែយន្តហោះចេញចោលណាស់។,ពួកយើង ចំណាយ ប្រហែល ២០ នាទី ទៅដល់ កន្លែង អង្គុយ រង់ចាំ ឡើង យន្តហោះ អ៊ំ ស្រី អាវ ក្រហម នៅតែ បន្ត រអ៊ូដ ហ្អើយ ថ្មើរ មិន ទាន់ មកដល់ ទៀត សង្ស័យ យន្តហោះ ចេញ ចោល ណាស់,"['ពួកយើង', 'ចំណាយ', 'ប្រហែល', '២០', 'នាទី', 'ទៅដល់', 'កន្លែង', 'អង្គុយ', 'រង់ចាំ', 'ឡើង', 'យន្តហោះ', 'អ៊ំ', 'ស្រី', 'អាវ', 'ក្រហម', 'នៅតែ', 'បន្ត', 'រអ៊ូដ', 'ហ្អើយ', 'ថ្មើរ', 'មិន', 'ទាន់', 'មកដល់', 'ទៀត', 'សង្ស័យ', 'យន្តហោះ', 'ចេញ', 'ចោល', 'ណាស់']",38,29
219,pair2,neutral,ចោរនោះធ្វើពុំកើតក៏ក្រាបទូលថា“ខ្ញុំព្រះបាទអម្ចាស់បានពីប្រពន្ធ”,ចោរ ធ្វើ ពុំ កើត ក្រាប ទូល ព្រះបាទ អម្ចាស់ ប្រពន្ធ,"['ចោរ', 'ធ្វើ', 'ពុំ', 'កើត', 'ក្រាប', 'ទូល', 'ព្រះបាទ', 'អម្ចាស់', 'ប្រពន្ធ']",17,9
221,pair2,positive,ធ្លាប់តែមើលស្ទឹង បឹង ទន្លេ សមុទ្រ តស់! ទៅទស្សនាសម្រស់ស្ទឹងពពកម្តងវិញ ទេសភាពស្អាតអស្ចារ្យ ឈរលើភ្នំ មើលបណ្តុំពពកសក្បុស ពេលថ្ងៃរះ។,ធ្លាប់ មើល ស្ទឹង បឹង ទន្លេ សមុទ្រ តស់ ទស្សនា សម្រស់ ស្ទឹង ពពក ម្តង វិញ ទេសភាព ស្អាត អស្ចារ្យ ឈរ ភ្នំ មើល បណ្តុំ ពពក សក្បុស ថ្ងៃ រះ,"['ធ្លាប់', 'មើល', 'ស្ទឹង', 'បឹង', 'ទន្លេ', 'សមុទ្រ', 'តស់', 'ទស្សនា', 'សម្រស់', 'ស្ទឹង', 'ពពក', 'ម្តង', 'វិញ', 'ទេសភាព', 'ស្អាត', 'អស្ចារ្យ', 'ឈរ', 'ភ្នំ', 'មើល', 'បណ្តុំ', 'ពពក', 'សក្បុស', 'ថ្ងៃ', 'រះ']",30,24
222,pair2,positive,កម្លាំងចិត្តប្រកួតប្រជែងរបស់អ្នក នឹងជួយជំរុញឲ្យអ្នកធ្វើអ្វីបានហួសពីដែនកំណត់។,កម្លាំងចិត្ត ប្រកួតប្រជែង ជួយ ជំរុញ ឲ្យ ធ្វើ អ្វី ហួស ដែន កំណត់,"['កម្លាំងចិត្ត', 'ប្រកួតប្រជែង', 'ជួយ', 'ជំរុញ', 'ឲ្យ', 'ធ្វើ', 'អ្វី', 'ហួស', 'ដែន', 'កំណត់']",17,10
223,pair2,neutral,ចំណែកបណ្តឹងរបស់គណៈកម្មាធិការជាតិរៀបចំការបោះឆ្នោត(គជប) ដែលប្តឹង លោក សុន ឆ័យ ចៅក្រមជំនុំជម្រះ លោក ហម ម៉េងសែ សម្រេចផ្តន្ទាទោសនិងពិន័យជាប្រាក់ចំនួន៩ លានរៀល ចូលរដ្ឋ ក្រោមបទចោទប្រកាន់ «បរិហារកេរ្តិ៍ជាសាធារណៈ» ដូចគ្នា។,ចំណែក បណ្តឹង គណៈកម្មាធិការ ជាតិ រៀបចំ ការបោះឆ្នោត គជប ប្តឹង សុន ឆ័យ ចៅក្រម ជំនុំជម្រះ ហម ម៉េង សែ សម្រេច ផ្តន្ទាទោស ពិន័យ ប្រាក់ ចំនួន៩ លាន រៀល ចូល រដ្ឋ បទ ចោទប្រកាន់ បរិហារ កេរ្តិ៍ ជាសាធារណៈ ដូចគ្នា,"['ចំណែក', 'បណ្តឹង', 'គណៈកម្មាធិការ', 'ជាតិ', 'រៀបចំ', 'ការបោះឆ្នោត', 'គជប', 'ប្តឹង', 'សុន', 'ឆ័យ', 'ចៅក្រម', 'ជំនុំជម្រះ', 'ហម', 'ម៉េង', 'សែ', 'សម្រេច', 'ផ្តន្ទាទោស', 'ពិន័យ', 'ប្រាក់', 'ចំនួន៩', 'លាន', 'រៀល', 'ចូល', 'រដ្ឋ', 'បទ', 'ចោទប្រកាន់', 'បរិហារ', 'កេរ្តិ៍', 'ជាសាធារណៈ', 'ដូចគ្នា']",42,30
224,pair2,negative,អេដមីន អួលដើមករ រលីងរលោងទឹកភ្នែក ដោយមិនដឹងខ្លួន…,អេដមីន អួល ដើម រលីងរលោង ទឹកភ្នែក មិន ដឹងខ្លួន,"['អេដមីន', 'អួល', 'ដើម', 'រលីងរលោង', 'ទឹកភ្នែក', 'មិន', 'ដឹងខ្លួន']",11,7
226,pair2,neutral,លើសពីនេះ ភាគីទាំងពីរក៏បានពិភាក្សា និងផ្លាស់ប្តូរយោបល់លើប្រធានបទពាក់ព័ន្ធ រួមមាន វិស័យមីក្រូហិរញ្ញវត្ថុ ហិរញ្ញប្បទានសម្បទាននិងវឌ្ឍនភាព នៃកិច្ចសហប្រតិបត្តិការអភិវឌ្ឍន៍ រវាងប្រទេស ទាំងពីរផងដែរ ។,លើស ភាគី ពិភាក្សា ផ្លាស់ប្តូរ យោបល់ ប្រធានបទ ពាក់ព័ន្ធ រួម មាន វិស័យ មីក្រូ ហិរញ្ញវត្ថុ ហិរញ្ញប្បទាន សម្បទាន វឌ្ឍនភាព នៃ កិច្ចសហប្រតិបត្តិការ អភិវឌ្ឍន៍ រវាង ប្រទេស ផងដែរ,"['លើស', 'ភាគី', 'ពិភាក្សា', 'ផ្លាស់ប្តូរ', 'យោបល់', 'ប្រធានបទ', 'ពាក់ព័ន្ធ', 'រួម', 'មាន', 'វិស័យ', 'មីក្រូ', 'ហិរញ្ញវត្ថុ', 'ហិរញ្ញប្បទាន', 'សម្បទាន', 'វឌ្ឍនភាព', 'នៃ', 'កិច្ចសហប្រតិបត្តិការ', 'អភិវឌ្ឍន៍', 'រវាង', 'ប្រទេស', 'ផងដែរ']",33,21
228,pair2,negative,នៅក្នុងលិខិតមួយផ្ញើទៅក្រុមហ៊ុន Netflix អាជ្ញាធរផ្សព្វផ្សាយ និងព័ត៌មានអេឡិចត្រូនិករបស់វៀតណាមបាននិយាយថា រឿងនេះបានបំពានច្បាប់របស់ប្រទេសប្រឆាំងនឹងការបំភ្លៃប្រវត្តិសាស្តរ បដិសេធសមិទ្ធផលបដិវត្តន៍ ធ្វើឱ្យប៉ះពាល់ដល់ប្រទេសជាតិ និងវីរបុរសរបស់ប្រទេស។,នៅក្នុង លិខិត ផ្ញើ ក្រុមហ៊ុន Netflix អាជ្ញាធរ ផ្សព្វផ្សាយ ព័ត៌មាន អេឡិចត្រូនិក វៀតណាម និយាយ រឿង បំពាន ច្បាប់ ប្រទេស ប្រឆាំង ការបំភ្លៃ ប្រវត្តិសាស្តរ បដិសេធ សមិទ្ធផល បដិវត្តន៍ ធ្វើឱ្យ ប៉ះពាល់ ប្រទេសជាតិ វីរបុរស ប្រទេស,"['នៅក្នុង', 'លិខិត', 'ផ្ញើ', 'ក្រុមហ៊ុន', 'Netflix', 'អាជ្ញាធរ', 'ផ្សព្វផ្សាយ', 'ព័ត៌មាន', 'អេឡិចត្រូនិក', 'វៀតណាម', 'និយាយ', 'រឿង', 'បំពាន', 'ច្បាប់', 'ប្រទេស', 'ប្រឆាំង', 'ការបំភ្លៃ', 'ប្រវត្តិសាស្តរ', 'បដិសេធ', 'សមិទ្ធផល', 'បដិវត្តន៍', 'ធ្វើឱ្យ', 'ប៉ះពាល់', 'ប្រទេសជាតិ', 'វីរបុរស', 'ប្រទេស']",40,26
234,pair2,neutral,តាមពិតកម្មវិធីភាសាដែលយើងបានសម្ពោធនៅមុនភាសាខ្មែរគឺភាសាឡាវដូចលោកមានប្រសាសន៍នៅពេលមុននេះ។,តាមពិត កម្មវិធី ភាសា សម្ពោធ មុន ភាសា ខ្មែរ ភាសា ឡាវ មានប្រសាសន៍ នៅពេល មុន,"['តាមពិត', 'កម្មវិធី', 'ភាសា', 'សម្ពោធ', 'មុន', 'ភាសា', 'ខ្មែរ', 'ភាសា', 'ឡាវ', 'មានប្រសាសន៍', 'នៅពេល', 'មុន']",21,12
236,pair2,positive,សូម្បីតែពេលយើងប្រដៅកូនក៏គួរស្រឡាញ់ដែរ ។,សូម្បីតែ ប្រដៅ កូន គួរ ស្រឡាញ់,"['សូម្បីតែ', 'ប្រដៅ', 'កូន', 'គួរ', 'ស្រឡាញ់']",10,5
238,pair2,negative,លោកប្រធានាធិបតីបារាំង Emmanuel Macron បានលើក ឡើងទៀតថា ការធ្វើពហិការការទូតបែបនេះគ្មានសារៈសំខាន់ និងសឹងតែគ្មាននិមិត្តរូបអ្វីនោះទេ។,ប្រធានាធិបតី បារាំង Emmanuel Macron លើក ឡើង ទៀត ការធ្វើ ពហិការការទូត បែប គ្មាន សារៈសំខាន់ សឹងតែ គ្មាន និមិត្តរូប អ្វី,"['ប្រធានាធិបតី', 'បារាំង', 'Emmanuel', 'Macron', 'លើក', 'ឡើង', 'ទៀត', 'ការធ្វើ', 'ពហិការការទូត', 'បែប', 'គ្មាន', 'សារៈសំខាន់', 'សឹងតែ', 'គ្មាន', 'និមិត្តរូប', 'អ្វី']",24,16
239,pair2,neutral,សម្តេចតេជា ហ៊ុន សែន បានសង្កត់ធ្ងន់ថា៖ «ក្រុមការងារបង្ករាបការលេងល្បែងស៊ីសងខុសច្បាប់គ្រប់ប្រភេទ ត្រូវធ្វើរបាយការណ៍អំពីលទ្ធផលការងារនេះជូន សម្តេចក្រឡាហោម ស ខេង ឧបនាយករដ្ឋមន្ត្រី រដ្ឋមន្ត្រីក្រសួងមហាផ្ទៃ ដើម្បីជ្រាប និងស្នើសុំមតិដឹកនាំបន្ត»។,សម្តេច តេជា ហ៊ុន សែន សង្កត់ធ្ងន់ ថា៖ ក្រុមការងារ បង្ក រាប ការលេង ល្បែងស៊ីសង ខុស ច្បាប់ គ្រប់ ប្រភេទ ធ្វើ របាយការណ៍ អំពី លទ្ធផល ការងារ ជូន សម្តេច ក្រឡាហោម ខេង ឧប នាយក រដ្ឋមន្ត្រី រដ្ឋមន្ត្រី ក្រសួង មហាផ្ទៃ ជ្រាប ស្នើសុំ មតិ ដឹកនាំ បន្ត,"['សម្តេច', 'តេជា', 'ហ៊ុន', 'សែន', 'សង្កត់ធ្ងន់', 'ថា៖', 'ក្រុមការងារ', 'បង្ក', 'រាប', 'ការលេង', 'ល្បែងស៊ីសង', 'ខុស', 'ច្បាប់', 'គ្រប់', 'ប្រភេទ', 'ធ្វើ', 'របាយការណ៍', 'អំពី', 'លទ្ធផល', 'ការងារ', 'ជូន', 'សម្តេច', 'ក្រឡាហោម', 'ខេង', 'ឧប', 'នាយក', 'រដ្ឋមន្ត្រី', 'រដ្ឋមន្ត្រី', 'ក្រសួង', 'មហាផ្ទៃ', 'ជ្រាប', 'ស្នើសុំ', 'មតិ', 'ដឹកនាំ', 'បន្ត']",44,35
241,pair2,neutral,ច្បាប់និងបញ្ញត្តិសំខាន់ៗទាំងឡាយត្រូវបានចាត់ថ្នាក់តាមលំដាប់លំដោយ។,ច្បាប់ បញ្ញត្តិ សំខាន់ ទាំងឡាយ ត្រូវបាន ចាត់ ថ្នាក់ តាម លំដាប់លំដោយ,"['ច្បាប់', 'បញ្ញត្តិ', 'សំខាន់', 'ទាំងឡាយ', 'ត្រូវបាន', 'ចាត់', 'ថ្នាក់', 'តាម', 'លំដាប់លំដោយ']",12,9
243,pair2,neutral,ជួនកាលការវាយតម្លៃទង្វើភាពក៏គួរតែបង្ហើយមុននឹងពួកគេទៅធ្វើការនៅគម្រោងផ្សេងទៀត,ជួនកាល ការវាយតម្លៃ ទង្វើ ភាព គួរតែ បង្ហើយ មុននឹង ពួកគេ ធ្វើការ គម្រោង ផ្សេង ទៀត,"['ជួនកាល', 'ការវាយតម្លៃ', 'ទង្វើ', 'ភាព', 'គួរតែ', 'បង្ហើយ', 'មុននឹង', 'ពួកគេ', 'ធ្វើការ', 'គម្រោង', 'ផ្សេង', 'ទៀត']",15,12
245,pair2,neutral,ការធ្វើបញ្ជីនេះ ក៏មានន័យថាអ្នកមានផែនការយ៉ាងច្បាស់លាស់សម្រាប់របបអាហារប្រចាំថ្ងៃ និងសប្តាហ៍ទុកជាមុន។,ការធ្វើ បញ្ជី មាន ន័យ មាន ផែនការ យ៉ាង ច្បាស់លាស់ របប អាហារ ប្រចាំ ថ្ងៃ សប្តាហ៍ ទុក ជាមុន,"['ការធ្វើ', 'បញ្ជី', 'មាន', 'ន័យ', 'មាន', 'ផែនការ', 'យ៉ាង', 'ច្បាស់លាស់', 'របប', 'អាហារ', 'ប្រចាំ', 'ថ្ងៃ', 'សប្តាហ៍', 'ទុក', 'ជាមុន']",22,15
247,pair2,neutral,បង្កើតវេទិកាឌីជីថលចំនួន ៣ ដូចខាងក្រោម ដើម្បីរៀបចំប្រព័ន្ធអប់រំអេឡិចត្រូនិក៖,បង្កើត វេទិកា ឌីជីថល ចំនួន ខាងក្រោម រៀបចំ ប្រព័ន្ធ អប់រំ អេឡិចត្រូនិក៖,"['បង្កើត', 'វេទិកា', 'ឌីជីថល', 'ចំនួន', 'ខាងក្រោម', 'រៀបចំ', 'ប្រព័ន្ធ', 'អប់រំ', 'អេឡិចត្រូនិក៖']",12,9
248,pair2,neutral,បានខ្ញុំនឹងរង់ចាំតែឥឡូវមកជួយសង់ប្រាសាទខ្សាច់ខ្ញុំសិនម៉ោ ខ្ញុំសង់ជិតហើយហើយក្មេងស្រីនិយាយព្រមទាំងចង្អុលទៅគំនរខ្សាច់និងកូនប្រាសាទតូចៗដែលខ្លួនបានសាងសង់,រង់ចាំ ឥឡូវ ជួយសង់ ប្រាសាទ ខ្សាច់ សិន ម៉ោ សង់ ជិត ក្មេងស្រី និយាយ ព្រមទាំង ចង្អុល គំនរ ខ្សាច់ កូន ប្រាសាទ តូច ខ្លួន សាងសង់,"['រង់ចាំ', 'ឥឡូវ', 'ជួយសង់', 'ប្រាសាទ', 'ខ្សាច់', 'សិន', 'ម៉ោ', 'សង់', 'ជិត', 'ក្មេងស្រី', 'និយាយ', 'ព្រមទាំង', 'ចង្អុល', 'គំនរ', 'ខ្សាច់', 'កូន', 'ប្រាសាទ', 'តូច', 'ខ្លួន', 'សាងសង់']",34,20
250,pair2,positive,មិនថាជនជាតិឥណ្ឌា ម៉ាឡេស៊ី ឬចិននោះទេ ម្ហូបមួយចំនួនរបស់ពួកគេ គឺល្បីល្បាញពីធាតុផ្សំដែលផ្ទុកនូវអាហារូបត្ថម្ភជាច្រើន។,មិន ជនជាតិ ឥណ្ឌា ម៉ាឡេស៊ី ចិន ម្ហូប មួយចំនួន ពួកគេ ល្បីល្បាញ ធាតុ ផ្សំ ផ្ទុក នូវ អាហារូបត្ថម្ភ ជាច្រើន,"['មិន', 'ជនជាតិ', 'ឥណ្ឌា', 'ម៉ាឡេស៊ី', 'ចិន', 'ម្ហូប', 'មួយចំនួន', 'ពួកគេ', 'ល្បីល្បាញ', 'ធាតុ', 'ផ្សំ', 'ផ្ទុក', 'នូវ', 'អាហារូបត្ថម្ភ', 'ជាច្រើន']",24,15
251,pair2,positive,ខ្ញុំស្គាល់អត្តសញ្ញាណខ្លួនឯង ខ្ញុំរស់នៅក្នុងសេចក្តីពិត សេចក្តីស្រឡាញ់ដែលមិនប្រួលប្រែ មានសេរីភាពពីចំណងទាំងឡាយនៅក្នុងជីវិត។,ស្គាល់ អត្តសញ្ញាណ ខ្លួន ឯង រស់ នៅក្នុង សេចក្តីពិត សេចក្តីស្រឡាញ់ មិន ប្រួល ប្រែ មាន សេរីភាព ចំណង ទាំងឡាយ នៅក្នុង ជីវិត,"['ស្គាល់', 'អត្តសញ្ញាណ', 'ខ្លួន', 'ឯង', 'រស់', 'នៅក្នុង', 'សេចក្តីពិត', 'សេចក្តីស្រឡាញ់', 'មិន', 'ប្រួល', 'ប្រែ', 'មាន', 'សេរីភាព', 'ចំណង', 'ទាំងឡាយ', 'នៅក្នុង', 'ជីវិត']",22,17
253,pair2,positive,បើដូច្នេះ បងសុភាទន្សាយអាណិតជួយដោះទុក្ខអស់បងប្អូនខ្ញុំ ឲ្យបានរួចពីភ័យម្តងនេះ នឹងបានល្បីកេរ្តិ៍ឈ្មោះតទៅ អស់យើងនឹងតបគុណបងសុភាទន្សាយឯង យើងមិនភ្លេចគុណដរាបដល់អស់ជីវិត ។,ដូច្នេះ បង សុភាទ ន្សាយ អាណិត ជួយ ដោះ ទុក្ខ អស់ បងប្អូន ឲ្យបាន ភ័យ ម្តង ល្បី កេរ្តិ៍ឈ្មោះ អស់ តប គុណ បង សុភា ទន្សាយ ឯង មិន ភ្លេច គុណ ដរាប អស់ ជីវិត,"['ដូច្នេះ', 'បង', 'សុភាទ', 'ន្សាយ', 'អាណិត', 'ជួយ', 'ដោះ', 'ទុក្ខ', 'អស់', 'បងប្អូន', 'ឲ្យបាន', 'ភ័យ', 'ម្តង', 'ល្បី', 'កេរ្តិ៍ឈ្មោះ', 'អស់', 'តប', 'គុណ', 'បង', 'សុភា', 'ទន្សាយ', 'ឯង', 'មិន', 'ភ្លេច', 'គុណ', 'ដរាប', 'អស់', 'ជីវិត']",42,28
257,pair2,neutral,ប្រទេសមួយចំនួនកំពុងរង់ចាំការចូលរួមក្នុងប្លុកនេះ ខណៈប្រទេសមួយទៀតគឺចក្រភពអង់គ្លេស ជាប្រទេសតែមួយគត់ដែលបានចាកចេញពីប្លុក។,ប្រទេស មួយចំនួន កំពុង រង់ចាំ ការចូលរួម ប្លុក ខណៈ ប្រទេស ទៀត ចក្រភព អង់គ្លេស ប្រទេស គត់ ចាកចេញ ប្លុក,"['ប្រទេស', 'មួយចំនួន', 'កំពុង', 'រង់ចាំ', 'ការចូលរួម', 'ប្លុក', 'ខណៈ', 'ប្រទេស', 'ទៀត', 'ចក្រភព', 'អង់គ្លេស', 'ប្រទេស', 'គត់', 'ចាកចេញ', 'ប្លុក']",26,15
258,pair2,negative,ពួកគេត្រូវស្វែងរកដំណោះស្រាយ ពីព្រោះពួកគេមិនអាចបង្ខំខ្លួនឯងឱ្យចូលចិត្តប្រព័ន្ធនេះដូចដែលវាមាន។,ពួកគេ ស្វែងរក ដំណោះស្រាយ ពីព្រោះ ពួកគេ មិន បង្ខំ ខ្លួន ឯង ឱ្យ ចូលចិត្ត ប្រព័ន្ធ មាន,"['ពួកគេ', 'ស្វែងរក', 'ដំណោះស្រាយ', 'ពីព្រោះ', 'ពួកគេ', 'មិន', 'បង្ខំ', 'ខ្លួន', 'ឯង', 'ឱ្យ', 'ចូលចិត្ត', 'ប្រព័ន្ធ', 'មាន']",20,13
260,pair2,negative,បន្ទាប់មក ជីដូនបាននាំចៅមក មន្ទីរពេទ្យគន្ធបុប្ផាវិញនៅថ្ងៃទី១៨ ខែតុលា ឆ្នាំ២០២២ វេលាម៉ោង៨យប់ ស្ថិតក្នុងស្ថានភាពធ្ងន់ធ្ងរបំផុតដែលត្រូវសង្គ្រោះបន្ទាន់ (Cardio-Respiratory Failure)។,បន្ទាប់មក ជីដូន នាំ ចៅ មន្ទីរពេទ្យ គន្ធ បុប្ផា វិញ ថ្ងៃទី ១៨ ខែតុលា ឆ្នាំ ២០២២ វេលា ម៉ោង ៨យប់ ស្ថិត ស្ថានភាព ធ្ងន់ធ្ងរ បំផុត សង្គ្រោះ បន្ទាន់ Cardio Respiratory Failure,"['បន្ទាប់មក', 'ជីដូន', 'នាំ', 'ចៅ', 'មន្ទីរពេទ្យ', 'គន្ធ', 'បុប្ផា', 'វិញ', 'ថ្ងៃទី', '១៨', 'ខែតុលា', 'ឆ្នាំ', '២០២២', 'វេលា', 'ម៉ោង', '៨យប់', 'ស្ថិត', 'ស្ថានភាព', 'ធ្ងន់ធ្ងរ', 'បំផុត', 'សង្គ្រោះ', 'បន្ទាន់', 'Cardio', 'Respiratory', 'Failure']",31,25
261,pair2,negative,"លោកបាននិយាយថា នោះអាចប៉ះពាល់ដល់ផលិតភាព និងការនាំចេញ ហើយមានសក្តានុពល "" ធ្លាក់ចុះ "" ផលប៉ះពាល់លើបញ្ហាដូចជា ចំណាត់ថ្នាក់ឥណទានរបស់ប្រទេស និងសូម្បីតែស្ថិរភាពនយោបាយ។",និយាយ ប៉ះពាល់ ផលិតភាព ការនាំចេញ មាន សក្តានុពល ធ្លាក់ចុះ ផល ប៉ះពាល់ បញ្ហា ដូចជា ចំណាត់ថ្នាក់ ឥណទាន ប្រទេស សូម្បីតែ ស្ថិរភាព នយោបាយ,"['និយាយ', 'ប៉ះពាល់', 'ផលិតភាព', 'ការនាំចេញ', 'មាន', 'សក្តានុពល', 'ធ្លាក់ចុះ', 'ផល', 'ប៉ះពាល់', 'បញ្ហា', 'ដូចជា', 'ចំណាត់ថ្នាក់', 'ឥណទាន', 'ប្រទេស', 'សូម្បីតែ', 'ស្ថិរភាព', 'នយោបាយ']",31,17
263,pair2,negative,អាមេរិកយកប្រទេសអ៊ុយក្រែនធ្វើជាកន្លែងសាកល្បងអាវុធរបស់ខ្លួនឯងជាមួយប្រទេសរុស្ស៊ី។,អាមេរិក យក ប្រទេស អ៊ុយក្រែន ធ្វើជា កន្លែង សាកល្បង អាវុធ ខ្លួន ឯង ប្រទេស រុស្ស៊ី,"['អាមេរិក', 'យក', 'ប្រទេស', 'អ៊ុយក្រែន', 'ធ្វើជា', 'កន្លែង', 'សាកល្បង', 'អាវុធ', 'ខ្លួន', 'ឯង', 'ប្រទេស', 'រុស្ស៊ី']",15,12
264,pair2,neutral,នៅក្នុងរាជធានី គោលដៅទាំង២ដែលបង្ក្រាបគ្រឿងញៀនបានធ្វើនៅចំណុច សួនច្បារមាត់ទន្លេ មុខវាំងលើផ្លូវព្រះស៊ីសុវត្ថិ ស្ថិតក្នុងសង្កាត់ជ័យជំនះ ខណ្ឌដូនពេញ និងគោលដៅទី២ នៅចំណុច ខុនដូឃ្វីន ផ្លូវលេខ៣០៨ ស្ថិតក្នុងភូមិ៥ សង្កាត់ទន្លេបាសាក់ នៃខណ្ឌចំការមន។,នៅក្នុង រាជធានី គោលដៅ ទាំង២ បង្ក្រាប គ្រឿងញៀន ធ្វើ ចំណុច សួនច្បារ មាត់ ទន្លេ មុខ វាំង ផ្លូវ ព្រះស៊ីសុវត្ថិ ស្ថិត សង្កាត់ ជ័យ ជំនះ ខណ្ឌ ដូនពេញ គោលដៅ ទី២ ចំណុច ខុនដូឃ្វីន ផ្លូវ លេខ ៣០៨ ស្ថិត ភូមិ សង្កាត់ ទន្លេបាសាក់ នៃ ខណ្ឌ ចំការមន,"['នៅក្នុង', 'រាជធានី', 'គោលដៅ', 'ទាំង២', 'បង្ក្រាប', 'គ្រឿងញៀន', 'ធ្វើ', 'ចំណុច', 'សួនច្បារ', 'មាត់', 'ទន្លេ', 'មុខ', 'វាំង', 'ផ្លូវ', 'ព្រះស៊ីសុវត្ថិ', 'ស្ថិត', 'សង្កាត់', 'ជ័យ', 'ជំនះ', 'ខណ្ឌ', 'ដូនពេញ', 'គោលដៅ', 'ទី២', 'ចំណុច', 'ខុនដូឃ្វីន', 'ផ្លូវ', 'លេខ', '៣០៨', 'ស្ថិត', 'ភូមិ', 'សង្កាត់', 'ទន្លេបាសាក់', 'នៃ', 'ខណ្ឌ', 'ចំការមន']",45,35
265,pair2,negative,ការប្រើប្រាស់ភាសា គឺជាបញ្ហាប្រឈមដ៏ធំមួយដែលជនជាតិដើមភាគតិចបានជួបប្រទះក្នុងការសិក្សារបស់ពួកគេ។,ការប្រើប្រាស់ ភាសា គឺជា បញ្ហា ប្រឈម ដ៏ ធំ ជនជាតិ ដើម ភាគ តិច ជួបប្រទះ ការសិក្សា ពួកគេ,"['ការប្រើប្រាស់', 'ភាសា', 'គឺជា', 'បញ្ហា', 'ប្រឈម', 'ដ៏', 'ធំ', 'ជនជាតិ', 'ដើម', 'ភាគ', 'តិច', 'ជួបប្រទះ', 'ការសិក្សា', 'ពួកគេ']",20,14
266,pair2,neutral,យោងតាមក្រសួងបានឱ្យដឹងថា កម្រិតវិទ្យុសកម្មនៅទីតាំងរោងចក្រហ្សាផូរីហ្សា ដែលជារោងចក្រថាមពលនុយក្លេអ៊ែរដ៏ធំបំផុតរបស់អឺរ៉ុប នៅតែមានលក្ខណៈធម្មតានៅឡើយ។,យោង តាម ក្រសួង ឱ្យដឹង កម្រិត វិទ្យុសកម្ម ទីតាំង រោងចក្រ ហ្សា ផូរី ហ្សា រោងចក្រ ថាមពល នុយក្លេអ៊ែរ ដ៏ ធំ បំផុត អឺរ៉ុប នៅតែ មាន លក្ខណៈ ធម្មតា ឡើយ,"['យោង', 'តាម', 'ក្រសួង', 'ឱ្យដឹង', 'កម្រិត', 'វិទ្យុសកម្ម', 'ទីតាំង', 'រោងចក្រ', 'ហ្សា', 'ផូរី', 'ហ្សា', 'រោងចក្រ', 'ថាមពល', 'នុយក្លេអ៊ែរ', 'ដ៏', 'ធំ', 'បំផុត', 'អឺរ៉ុប', 'នៅតែ', 'មាន', 'លក្ខណៈ', 'ធម្មតា', 'ឡើយ']",31,23
267,pair2,negative,ឆាប់ខឹង(ចំពោះបុរស)៖ ជំងឺធ្លាក់ទឹកចិត្តអាចប៉ះពាល់ដល់ភេទខុសៗគ្នា។,ឆាប់ ខឹង បុរស ជំងឺ ធ្លាក់ទឹកចិត្ត ប៉ះពាល់ ភេទ ខុស,"['ឆាប់', 'ខឹង', 'បុរស', 'ជំងឺ', 'ធ្លាក់ទឹកចិត្ត', 'ប៉ះពាល់', 'ភេទ', 'ខុស']",17,8
268,pair2,neutral,(រាជធានីភ្នំពេញ)៖ គណៈកម្មាធិការជាតិគ្រប់គ្រងគ្រោះមហន្តរាយ បានជំរុញឱ្យអាជ្ញាធរបណ្តាខេត្តជាប់បឹងទន្លេសាបទាំងអស់ ពិសេសខេត្តសៀមរាប និងខេត្តកំពង់ធំ ឱ្យចុះសិក្សាលទ្ធភាពផ្តល់ពូជស្រូវជូនកសិករដែលរងគ្រោះដោយទឹកជំនន់ធ្ងន់ធ្ងរ ដើម្បីអាចស្តារជីវភាពឡើងវិញទាន់ពេលវេលា។,រាជធានី ភ្នំពេញ គណៈកម្មាធិការ ជាតិ គ្រប់គ្រង គ្រោះមហន្តរាយ ជំរុញ ឱ្យ អាជ្ញាធរ បណ្តា ខេត្ត ជាប់ បឹង ទន្លេ សាប ទាំងអស់ ពិសេស ខេត្ត សៀមរាប ខេត្ត កំពង់ធំ ឱ្យ ចុះ សិក្សា លទ្ធភាព ផ្តល់ ពូជ ស្រូវ ជូន កសិករ រងគ្រោះ ទឹក ជំនន់ ធ្ងន់ធ្ងរ ស្តារ ជីវភាព ឡើងវិញ ទាន់ វេលា,"['រាជធានី', 'ភ្នំពេញ', 'គណៈកម្មាធិការ', 'ជាតិ', 'គ្រប់គ្រង', 'គ្រោះមហន្តរាយ', 'ជំរុញ', 'ឱ្យ', 'អាជ្ញាធរ', 'បណ្តា', 'ខេត្ត', 'ជាប់', 'បឹង', 'ទន្លេ', 'សាប', 'ទាំងអស់', 'ពិសេស', 'ខេត្ត', 'សៀមរាប', 'ខេត្ត', 'កំពង់ធំ', 'ឱ្យ', 'ចុះ', 'សិក្សា', 'លទ្ធភាព', 'ផ្តល់', 'ពូជ', 'ស្រូវ', 'ជូន', 'កសិករ', 'រងគ្រោះ', 'ទឹក', 'ជំនន់', 'ធ្ងន់ធ្ងរ', 'ស្តារ', 'ជីវភាព', 'ឡើងវិញ', 'ទាន់', 'វេលា']",49,39
269,pair2,neutral,អ្នកនាង គិនកេសា បានថ្លែងថា៖ «ក្នុងឆ្នាំ ២០២២ នេះយើងអាចនឹងឃើញសកម្មភាពជួលបន្តលូតលាស់បន្ថែមទៀត ក៏ប៉ុន្តែដោយសារមានគម្រោងថ្មីៗជាច្រើនដែលគ្រោងនឹងបើកក្នុងឆ្នាំនេះផងដែរ ដូច្នេះទីផ្សារកន្លែងជួលលក់រាយអាចនឹងមានការប្រកួតប្រជែងកាន់តែខ្លាំងលើតម្លៃជួល និងលក្ខខណ្ឌអនុគ្រោះនានា»។,អ្នកនាង គិន កេសា ថ្លែង ថា៖ ឆ្នាំ ២០២២ អាចនឹង ឃើញ សកម្មភាព ជួល បន្ត លូតលាស់ បន្ថែម ទៀត ក៏ប៉ុន្តែ ដោយសារ មាន គម្រោង ថ្មី ជាច្រើន គ្រោង បើក ឆ្នាំ ផងដែរ ដូច្នេះ ទីផ្សារ កន្លែង ជួល លក់ រាយ អាចនឹង មាន ការប្រកួតប្រជែង កាន់តែ ខ្លាំង តម្លៃ ជួល លក្ខខណ្ឌ អនុគ្រោះ នានា,"['អ្នកនាង', 'គិន', 'កេសា', 'ថ្លែង', 'ថា៖', 'ឆ្នាំ', '២០២២', 'អាចនឹង', 'ឃើញ', 'សកម្មភាព', 'ជួល', 'បន្ត', 'លូតលាស់', 'បន្ថែម', 'ទៀត', 'ក៏ប៉ុន្តែ', 'ដោយសារ', 'មាន', 'គម្រោង', 'ថ្មី', 'ជាច្រើន', 'គ្រោង', 'បើក', 'ឆ្នាំ', 'ផងដែរ', 'ដូច្នេះ', 'ទីផ្សារ', 'កន្លែង', 'ជួល', 'លក់', 'រាយ', 'អាចនឹង', 'មាន', 'ការប្រកួតប្រជែង', 'កាន់តែ', 'ខ្លាំង', 'តម្លៃ', 'ជួល', 'លក្ខខណ្ឌ', 'អនុគ្រោះ', 'នានា']",55,41
272,pair2,negative,ទឹកជំនន់ ជំងឺសារវាស្គាល់អាធ្លាក់រដូវភ្លៀងមកម្តង ២ដង វាចាប់ផ្តើមជួនកាលទៅវាស៊ីប៉ះថ្នាំពុលណាបង ក្របីនេះដល់ពេលជំងឺប៉ះថ្នាំពុលហើមតែពោះធម្មតា ប៉ះណាទៅឈឺប្រកាច់យកតែម្តង»។,ទឹក ជំនន់ ជំងឺ សារ ស្គាល់ អាធ្លាក់ រដូវ ភ្លៀង ម្តង ២ដង ចាប់ផ្តើម ជួនកាល ស៊ី ប៉ះ ថ្នាំ ពុល បង ក្របី ជំងឺ ប៉ះ ថ្នាំ ពុល ហើម ពោះ ធម្មតា ប៉ះ ឈឺ ប្រកាច់ យក តែម្តង,"['ទឹក', 'ជំនន់', 'ជំងឺ', 'សារ', 'ស្គាល់', 'អាធ្លាក់', 'រដូវ', 'ភ្លៀង', 'ម្តង', '២ដង', 'ចាប់ផ្តើម', 'ជួនកាល', 'ស៊ី', 'ប៉ះ', 'ថ្នាំ', 'ពុល', 'បង', 'ក្របី', 'ជំងឺ', 'ប៉ះ', 'ថ្នាំ', 'ពុល', 'ហើម', 'ពោះ', 'ធម្មតា', 'ប៉ះ', 'ឈឺ', 'ប្រកាច់', 'យក', 'តែម្តង']",44,30
274,pair2,positive,លើសពីនោះ លោកសង្ឃឹមថា ហ្វីលីពីននឹងក្លាយជាប្រទេសមួយដែលរួមចំណែកដល់ខិតខំប្រឹងប្រែង ដើម្បីស្វែងរកសន្តិភាពផងដែរ។,លើស សង្ឃឹម ហ្វីលីពីន ក្លាយជា ប្រទេស រួមចំណែក ខិតខំ ប្រឹងប្រែង ស្វែងរក សន្តិភាព ផងដែរ,"['លើស', 'សង្ឃឹម', 'ហ្វីលីពីន', 'ក្លាយជា', 'ប្រទេស', 'រួមចំណែក', 'ខិតខំ', 'ប្រឹងប្រែង', 'ស្វែងរក', 'សន្តិភាព', 'ផងដែរ']",21,11
275,pair2,negative,អ្នកស្រាវជ្រាវបានចាត់ទុកកូដដែលមាននៅក្នុងកម្មវិធី TikTok គឺវាស្មើនឹងការលួចដំឡើងកម្មវិធី keylogger ទៅក្នុងកម្មវិធីគេហទំព័រមួយចំនួន ដែលជនខិលខូចតែងតែប្រើដើម្បីលួចទាញយកទិន្នន័យរបស់អ្នកប្រើប្រាស់។,អ្នកស្រាវជ្រាវ ចាត់ទុក កូដ មាន នៅក្នុង កម្មវិធី TikTok ស្មើនឹង ការលួច ដំឡើង កម្មវិធី keylogger ទៅក្នុង កម្មវិធី គេហទំព័រ មួយចំនួន ជន ខិលខូច តែងតែ ប្រើ លួច ទាញយក ទិន្នន័យ អ្នកប្រើប្រាស់,"['អ្នកស្រាវជ្រាវ', 'ចាត់ទុក', 'កូដ', 'មាន', 'នៅក្នុង', 'កម្មវិធី', 'TikTok', 'ស្មើនឹង', 'ការលួច', 'ដំឡើង', 'កម្មវិធី', 'keylogger', 'ទៅក្នុង', 'កម្មវិធី', 'គេហទំព័រ', 'មួយចំនួន', 'ជន', 'ខិលខូច', 'តែងតែ', 'ប្រើ', 'លួច', 'ទាញយក', 'ទិន្នន័យ', 'អ្នកប្រើប្រាស់']",32,24
276,pair2,neutral,លើសពីនេះ ក៏ជាឱកាសផ្សព្វផ្សាយពីប្រធានបទរបស់កីឡាអាស៊ី ដែលផ្តោតសំខាន់ «កីឡាដើម្បីទាំងអស់គ្នា»។,លើស ឱកាស ផ្សព្វផ្សាយ ប្រធានបទ កីឡា អាស៊ី ផ្តោត សំខាន់ កីឡា ទាំងអស់,"['លើស', 'ឱកាស', 'ផ្សព្វផ្សាយ', 'ប្រធានបទ', 'កីឡា', 'អាស៊ី', 'ផ្តោត', 'សំខាន់', 'កីឡា', 'ទាំងអស់']",22,10
277,pair2,neutral,សាលារដ្ឋភាគច្រើនត្រូវបានគេមើលឃើញថានៅតំបន់ជនបទ។,សាលា រដ្ឋ ភាគ ច្រើន ត្រូវបាន មើលឃើញ តំបន់ ជនបទ,"['សាលា', 'រដ្ឋ', 'ភាគ', 'ច្រើន', 'ត្រូវបាន', 'មើលឃើញ', 'តំបន់', 'ជនបទ']",12,8
279,pair2,positive,បើព្រៃឈើត្រូវបានការពារ ប្រព័ន្ធអេកូឡូស៊ីក៏នឹងដំណើរការបានល្អ ដែលអាចផ្តល់នូវអត្ថប្រយោជន៍ជាច្រើនដែលរួមមាន៖,ព្រៃឈើ ត្រូវបាន ការពារ ប្រព័ន្ធ អេកូឡូស៊ី ដំណើរការ ល្អ ផ្តល់ នូវ អត្ថប្រយោជន៍ ជាច្រើន រួម មាន៖,"['ព្រៃឈើ', 'ត្រូវបាន', 'ការពារ', 'ប្រព័ន្ធ', 'អេកូឡូស៊ី', 'ដំណើរការ', 'ល្អ', 'ផ្តល់', 'នូវ', 'អត្ថប្រយោជន៍', 'ជាច្រើន', 'រួម', 'មាន៖']",20,13
280,pair2,neutral,ក្នុងករណីបែបនេះថិរវេលាសម្រាប់សកម្មភាពត្រូវបានប៉ាន់ប្រមាណដោយរូបមន្ត,ករណី បែប ថិរ វេលា សកម្មភាព ត្រូវបាន ប៉ាន់ប្រមាណ រូប មន្ត,"['ករណី', 'បែប', 'ថិរ', 'វេលា', 'សកម្មភាព', 'ត្រូវបាន', 'ប៉ាន់ប្រមាណ', 'រូប', 'មន្ត']",13,9
282,pair2,positive,ធម្មជាតិជាដើមឈើគឺល្អបែបនេះឯង ពួកគេប្រឹងប្រែង ដុះ ប្រឹងប្រែងរស់ តាមធម្មជាតិរបស់ពួកគេ រស់ដោយមិនបៀតបៀនគ្នា កេងប្រវ័ញ្ចគ្មា សម្លាប់គ្នាដើម្បីប្រយោជន៍ខ្លួន រស់តាមលទ្ធភាព ការតស៊ូរបស់ពួកគេ ដើម្បីសំរបតាម ធម្មជាតិ បើទោះជាមានការប្រែប្រួល ជាបន្តបន្ទាប់យ៉ាងណាក៏ដោយ,ធម្មជាតិ ជាដើមឈើ ល្អ បែប ឯង ពួកគេ ប្រឹងប្រែង ដុះ ប្រឹងប្រែង រស់ តាម ធម្មជាតិ ពួកគេ រស់ មិន បៀតបៀន កេងប្រវ័ញ្ច គ្មា សម្លាប់ ប្រយោជន៍ ខ្លួន រស់ តាម លទ្ធភាព ការតស៊ូ ពួកគេ សំរប តាម ធម្មជាតិ ទោះជា មាន ការប្រែប្រួល បន្តបន្ទាប់ យ៉ាងណា ក៏ដោយ,"['ធម្មជាតិ', 'ជាដើមឈើ', 'ល្អ', 'បែប', 'ឯង', 'ពួកគេ', 'ប្រឹងប្រែង', 'ដុះ', 'ប្រឹងប្រែង', 'រស់', 'តាម', 'ធម្មជាតិ', 'ពួកគេ', 'រស់', 'មិន', 'បៀតបៀន', 'កេងប្រវ័ញ្ច', 'គ្មា', 'សម្លាប់', 'ប្រយោជន៍', 'ខ្លួន', 'រស់', 'តាម', 'លទ្ធភាព', 'ការតស៊ូ', 'ពួកគេ', 'សំរប', 'តាម', 'ធម្មជាតិ', 'ទោះជា', 'មាន', 'ការប្រែប្រួល', 'បន្តបន្ទាប់', 'យ៉ាងណា', 'ក៏ដោយ']",46,35
283,pair2,neutral,ខ្ញុំចង់ទៅលាងចាននិងធ្វើការរៀបចំ,ចង់ លាង ចាន ធ្វើ ការរៀបចំ,"['ចង់', 'លាង', 'ចាន', 'ធ្វើ', 'ការរៀបចំ']",8,5
284,pair2,neutral,តាមគំនូសក្រាភិចបញ្ជាក់អំពីកំណើននិងការធ្លាក់ចុះនៃសេដ្ឋកិច្ចតាមឆ្នាំនីមួយៗ,តាម គំនូស ក្រាភិច បញ្ជាក់ អំពី កំណើន ការធ្លាក់ចុះ នៃ សេដ្ឋកិច្ច តាម ឆ្នាំ នីមួយ,"['តាម', 'គំនូស', 'ក្រាភិច', 'បញ្ជាក់', 'អំពី', 'កំណើន', 'ការធ្លាក់ចុះ', 'នៃ', 'សេដ្ឋកិច្ច', 'តាម', 'ឆ្នាំ', 'នីមួយ']",14,12
285,pair2,neutral,ភ្នំពេញ ក្រុមហ៊ុន DBD Engineering Plc ដែលចុះបញ្ជីនៅផ្សារកំណើននៃផ្សារមូលបត្រកម្ពុជា (CSX) និងជា ក្រុមហ៊ុនវិស្វកម្មពហុបំណង និងសំណង់ក្នុងស្រុកបានរាយការណ៍ពីការធ្លាក់ចុះប្រាក់ចំណូលក្នុងត្រីមាសទី ១ ឆ្នាំនេះ ដោយសារតែការធ្លាក់ចុះនៃសកម្មភាពនៅក្នុងទីផ្សារសំណង់ និងអចលនទ្រព្យ។,ភ្នំពេញ ក្រុមហ៊ុន DBD Engineering Plc ចុះបញ្ជី ផ្សារ កំណើន នៃ ផ្សារ មូលបត្រ កម្ពុជា CSX ក្រុមហ៊ុន វិស្វកម្ម ពហុ បំណង សំណង់ ស្រុក រាយការណ៍ ការធ្លាក់ចុះ ប្រាក់ ចំណូល ត្រីមាស ទី ឆ្នាំ ដោយសារតែ ការធ្លាក់ចុះ នៃ សកម្មភាព នៅក្នុង ទីផ្សារ សំណង់ អចលន ទ្រព្យ,"['ភ្នំពេញ', 'ក្រុមហ៊ុន', 'DBD', 'Engineering', 'Plc', 'ចុះបញ្ជី', 'ផ្សារ', 'កំណើន', 'នៃ', 'ផ្សារ', 'មូលបត្រ', 'កម្ពុជា', 'CSX', 'ក្រុមហ៊ុន', 'វិស្វកម្ម', 'ពហុ', 'បំណង', 'សំណង់', 'ស្រុក', 'រាយការណ៍', 'ការធ្លាក់ចុះ', 'ប្រាក់', 'ចំណូល', 'ត្រីមាស', 'ទី', 'ឆ្នាំ', 'ដោយសារតែ', 'ការធ្លាក់ចុះ', 'នៃ', 'សកម្មភាព', 'នៅក្នុង', 'ទីផ្សារ', 'សំណង់', 'អចលន', 'ទ្រព្យ']",48,35
287,pair2,negative,បន្ថែមពីនេះ ករណីជំងឺផ្លូវចិត្តធ្ងន់ធ្ងរខ្លាំង ដោយមិនទទួលបានសេវាព្យាបាលទាន់ពេលវេលា នោះអាចបណ្តាលឲ្យយុវវ័យធ្វើអត្តឃាត ដូចជាការប្រើថ្នាំលេប ចងក ឬលោតសម្លាប់ខ្លួនពីលើស្ពានជាដើម។,បន្ថែម ករណី ជំងឺ ផ្លូវចិត្ត ធ្ងន់ធ្ងរ ខ្លាំង មិន ទទួលបាន សេវា ព្យាបាល ទាន់ ពេលវេលា បណ្តាលឲ្យ យុវវ័យ ធ្វើ អត្តឃាត ដូចជា ការប្រើ ថ្នាំ លេប ចង លោត សម្លាប់ ខ្លួន ពីលើ ស្ពាន ជាដើម,"['បន្ថែម', 'ករណី', 'ជំងឺ', 'ផ្លូវចិត្ត', 'ធ្ងន់ធ្ងរ', 'ខ្លាំង', 'មិន', 'ទទួលបាន', 'សេវា', 'ព្យាបាល', 'ទាន់', 'ពេលវេលា', 'បណ្តាលឲ្យ', 'យុវវ័យ', 'ធ្វើ', 'អត្តឃាត', 'ដូចជា', 'ការប្រើ', 'ថ្នាំ', 'លេប', 'ចង', 'លោត', 'សម្លាប់', 'ខ្លួន', 'ពីលើ', 'ស្ពាន', 'ជាដើម']",35,27
290,pair2,neutral,ចំណែកភ្នំពេញក្រោន បើកទ្វារកីឡដ្ឋានរបស់ខ្លួនទទួលក្រុម វិសាខា នៅវគ្គពាក់កណ្តាលផ្តាច់ព្រ័ត្រដូចគ្នាថ្ងៃនេះដែរ វេលាម៉ោង៦:៣០នាទីល្ងាច។,ចំណែក ភ្នំពេញ ក្រោន បើក ទ្វារ កីឡដ្ឋាន ខ្លួន ទទួល ក្រុម វិសាខា វគ្គ ពាក់កណ្តាល ផ្តាច់ព្រ័ត្រ ដូចគ្នា ថ្ងៃ វេលា ម៉ោង ៣០នាទី ល្ងាច,"['ចំណែក', 'ភ្នំពេញ', 'ក្រោន', 'បើក', 'ទ្វារ', 'កីឡដ្ឋាន', 'ខ្លួន', 'ទទួល', 'ក្រុម', 'វិសាខា', 'វគ្គ', 'ពាក់កណ្តាល', 'ផ្តាច់ព្រ័ត្រ', 'ដូចគ្នា', 'ថ្ងៃ', 'វេលា', 'ម៉ោង', '៣០នាទី', 'ល្ងាច']",25,19
291,pair2,negative,បុគ្គលម្នាក់ហ្នឹងគាត់គ្មានសមត្ថភាពដូចបងស្រី ទើបគាត់ចេះតែរកកំហុសនេះកំហុសនោះ ទាំងដែរខ្លួនឯងមិនច្បាស់,បុគ្គល ម្នាក់ ហ្នឹង គ្មាន សមត្ថភាព បង ស្រី ទើប ចេះតែ រក កំហុស កំហុស ខ្លួន ឯង មិន ច្បាស់,"['បុគ្គល', 'ម្នាក់', 'ហ្នឹង', 'គ្មាន', 'សមត្ថភាព', 'បង', 'ស្រី', 'ទើប', 'ចេះតែ', 'រក', 'កំហុស', 'កំហុស', 'ខ្លួន', 'ឯង', 'មិន', 'ច្បាស់']",23,16
292,pair2,positive,ក្រៅពីងូតទឹកលេងកម្សាន្ត នៅទីនេះក៏មានអាហារឈ្ងុយឆ្ងាញ់ បូករួមនឹងបរិយាកាសស្ងប់ស្ងាត់បែបធម្មជាតិ ដែលនាំឲ្យដំណើរកម្សាន្តលោកអ្នកមិនខកបំណងទេ៕,ក្រៅពី ងូតទឹក លេង កម្សាន្ត ទីនេះ មាន អាហារ ឈ្ងុយ ឆ្ងាញ់ បូករួម បរិយាកាស ស្ងប់ស្ងាត់ បែប ធម្មជាតិ នាំឲ្យ ដំណើរកម្សាន្ត មិន ខក បំណង,"['ក្រៅពី', 'ងូតទឹក', 'លេង', 'កម្សាន្ត', 'ទីនេះ', 'មាន', 'អាហារ', 'ឈ្ងុយ', 'ឆ្ងាញ់', 'បូករួម', 'បរិយាកាស', 'ស្ងប់ស្ងាត់', 'បែប', 'ធម្មជាតិ', 'នាំឲ្យ', 'ដំណើរកម្សាន្ត', 'មិន', 'ខក', 'បំណង']",27,19
294,pair2,positive,លោក Helleputte ថ្លែងថា៖ «នៅ Danone យើងជឿជាក់ថាធនធានដ៏មានតម្លៃបំផុតដែលក្រុមហ៊ុនមាននោះ គឺធនធានមនុស្សរបស់យើង។,Helleputte ថ្លែង ថា៖ Danone ជឿជាក់ ធនធាន ដ៏ មាន តម្លៃ បំផុត ក្រុមហ៊ុន មាន ធនធាន មនុស្ស,"['Helleputte', 'ថ្លែង', 'ថា៖', 'Danone', 'ជឿជាក់', 'ធនធាន', 'ដ៏', 'មាន', 'តម្លៃ', 'បំផុត', 'ក្រុមហ៊ុន', 'មាន', 'ធនធាន', 'មនុស្ស']",25,14
295,pair2,neutral,កាលអ្នកធ្វើស្តេចអង្គុយលើទីដ៏សមគួរមួយហើយ ខាងស្រីគេអោយស្រីម្នាក់ដើរចូលទៅ ខ្សឹបនឹងស្តេចថា ខ្លួនស្រលាញ់ឈ្មោះណាមួយ ឧបមាថាឈ្មោះ ក រឺ ខ ខ្សឹបហើយគេថយទៅអង្គុយ រឺមកឈរនៅកន្លែងដើមវិញ។,កាល ធ្វើ ស្តេច អង្គុយ ទី ដ៏ សម គួរ ខាង ស្រី អោយ ស្រី ម្នាក់ ដើរ ចូលទៅ ខ្សឹប ស្តេច ខ្លួន ស្រលាញ់ ឈ្មោះ ណាមួយ ឧបមាថា ឈ្មោះ រឺ ខ្សឹប ថយ អង្គុយ រឺ ឈរ កន្លែង ដើម វិញ,"['កាល', 'ធ្វើ', 'ស្តេច', 'អង្គុយ', 'ទី', 'ដ៏', 'សម', 'គួរ', 'ខាង', 'ស្រី', 'អោយ', 'ស្រី', 'ម្នាក់', 'ដើរ', 'ចូលទៅ', 'ខ្សឹប', 'ស្តេច', 'ខ្លួន', 'ស្រលាញ់', 'ឈ្មោះ', 'ណាមួយ', 'ឧបមាថា', 'ឈ្មោះ', 'រឺ', 'ខ្សឹប', 'ថយ', 'អង្គុយ', 'រឺ', 'ឈរ', 'កន្លែង', 'ដើម', 'វិញ']",47,32
296,pair2,negative,ការរលំរលាយនៃគណបក្សបំផ្លាញជាតិមួយនេះ និងការរឹបអូស ទីស្នាក់ការបក្សដើម្បីជាសំណងរដ្ឋប្បវេណី ដែលអតីតមេបក្សនេះបានប្រព្រឹត្ត គឺជាសារ មួយយ៉ាងច្បាស់លាស់ទៅកាន់មេគណបក្ស ឧទ្ទាម ក៏ដូចជាទៅកាន់កូនចៅរបស់ក្រុមឧទ្ទាមទាំងឡាយថា ជីវិតនយោបាយរបស់អ្នកនយោបាយបម្រើបរទេស និងបំផ្លាញជាតិខ្លួនឯងមានវាសនាមិនខុសគ្នាឡើយ។,ការរលំ រលាយ នៃ គណបក្ស បំផ្លាញ ជាតិ ការរឹបអូស ទីស្នាក់ការបក្ស សំណង រដ្ឋប្បវេណី អតីត មេបក្ស ប្រព្រឹត្ត គឺជា សារ យ៉ាង ច្បាស់លាស់ ទៅកាន់ មេ គណបក្ស ឧទ្ទាម ដូចជា ទៅកាន់ កូន ចៅ ក្រុម ឧទ្ទាម ទាំងឡាយ ជីវិត នយោបាយ អ្នកនយោបាយ បម្រើ បរទេស បំផ្លាញ ជាតិ ខ្លួន ឯង មាន វាសនា មិន ខុសគ្នា ឡើយ,"['ការរលំ', 'រលាយ', 'នៃ', 'គណបក្ស', 'បំផ្លាញ', 'ជាតិ', 'ការរឹបអូស', 'ទីស្នាក់ការបក្ស', 'សំណង', 'រដ្ឋប្បវេណី', 'អតីត', 'មេបក្ស', 'ប្រព្រឹត្ត', 'គឺជា', 'សារ', 'យ៉ាង', 'ច្បាស់លាស់', 'ទៅកាន់', 'មេ', 'គណបក្ស', 'ឧទ្ទាម', 'ដូចជា', 'ទៅកាន់', 'កូន', 'ចៅ', 'ក្រុម', 'ឧទ្ទាម', 'ទាំងឡាយ', 'ជីវិត', 'នយោបាយ', 'អ្នកនយោបាយ', 'បម្រើ', 'បរទេស', 'បំផ្លាញ', 'ជាតិ', 'ខ្លួន', 'ឯង', 'មាន', 'វាសនា', 'មិន', 'ខុសគ្នា', 'ឡើយ']",57,42
297,pair2,positive,ជាមួយទេសភាពភ្នំអមសងខាងជាអំណោយផលពីធម្មជាតិស្រាប់ ភោជនីយដ្ឋានឋានសួគ៌ធម្មជាតិភ្នំវល្លិ បានប្រើប្រាស់រទេះលើផ្លូវអយស្ម័យយាន ដើម្បីដឹកភ្ញៀវទេសចរ គន់មើលទេសភាពចម្ការដំណាំ កសិដ្ឋានចិញ្ចឹមសត្វ និងទេសភាពព្រៃភ្នំ។,ទេសភាព ភ្នំ អម សងខាង អំណោយផល ធម្មជាតិ ស្រាប់ ភោជនីយដ្ឋាន ឋានសួគ៌ ធម្មជាតិ ភ្នំ វល្លិ ប្រើប្រាស់ រទេះ ផ្លូវ អយ ស្ម័យ យាន ដឹក ភ្ញៀវ ទេសចរ គន់ មើល ទេសភាព ចម្ការ ដំណាំ កសិដ្ឋាន ចិញ្ចឹម សត្វ ទេសភាព ព្រៃ ភ្នំ,"['ទេសភាព', 'ភ្នំ', 'អម', 'សងខាង', 'អំណោយផល', 'ធម្មជាតិ', 'ស្រាប់', 'ភោជនីយដ្ឋាន', 'ឋានសួគ៌', 'ធម្មជាតិ', 'ភ្នំ', 'វល្លិ', 'ប្រើប្រាស់', 'រទេះ', 'ផ្លូវ', 'អយ', 'ស្ម័យ', 'យាន', 'ដឹក', 'ភ្ញៀវ', 'ទេសចរ', 'គន់', 'មើល', 'ទេសភាព', 'ចម្ការ', 'ដំណាំ', 'កសិដ្ឋាន', 'ចិញ្ចឹម', 'សត្វ', 'ទេសភាព', 'ព្រៃ', 'ភ្នំ']",40,32
299,pair2,neutral,ទាំងភោជនីយដ្ឋាន និងណូរី ត្រូវបានសាងសង់រួចហើយតាំងពីឆ្នាំ ២០២១ ដោយផ្តើមទទួលភ្ញៀវជាក្រុមឯកជនសម្រាប់តែការកក់ទុកមុន។,ភោជនីយដ្ឋាន ណូរី ត្រូវបាន សាងសង់ រួចហើយ តាំងពី ឆ្នាំ ២០២១ ផ្តើម ទទួល ភ្ញៀវ ក្រុម ឯកជន ការកក់ទុក មុន,"['ភោជនីយដ្ឋាន', 'ណូរី', 'ត្រូវបាន', 'សាងសង់', 'រួចហើយ', 'តាំងពី', 'ឆ្នាំ', '២០២១', 'ផ្តើម', 'ទទួល', 'ភ្ញៀវ', 'ក្រុម', 'ឯកជន', 'ការកក់ទុក', 'មុន']",22,15
300,pair2,negative,បើយើងមិនបានស្រលាញ់ខ្លួនឯងគ្រប់គ្រាន់ មិនបានយកចិត្តនឹងខ្លួនឯងគ្រប់គ្រាន់ មិនបានស្មោះត្រង់ចំពោះខ្លួនឯង ភាពហត់នឿយចំពោះការធ្វើរឿងអស់ទាំងនេះចំពោះអ្នកដទៃវានឹងឆាប់កើតឡើង។,មិន ស្រលាញ់ ខ្លួន ឯង គ្រប់គ្រាន់ មិន យកចិត្ត ខ្លួន ឯង គ្រប់គ្រាន់ មិន ស្មោះត្រង់ ខ្លួន ឯង ភាព ហត់នឿយ ការធ្វើ រឿង អស់ ទាំងនេះ អ្នកដទៃ ឆាប់ កើតឡើង,"['មិន', 'ស្រលាញ់', 'ខ្លួន', 'ឯង', 'គ្រប់គ្រាន់', 'មិន', 'យកចិត្ត', 'ខ្លួន', 'ឯង', 'គ្រប់គ្រាន់', 'មិន', 'ស្មោះត្រង់', 'ខ្លួន', 'ឯង', 'ភាព', 'ហត់នឿយ', 'ការធ្វើ', 'រឿង', 'អស់', 'ទាំងនេះ', 'អ្នកដទៃ', 'ឆាប់', 'កើតឡើង']",35,23
302,pair2,neutral,មាត្រា ៦៨ នៃរដ្ឋធម្មនុញ្ញនៃប្រទេសកម្ពុជាបានចែងថា រដ្ឋាភិបាលត្រូវផ្តល់ការអប់រំកម្រិតបឋម និងមធ្យមសិក្សាដោយឥតគិតថ្លៃដល់ប្រជាពលរដ្ឋទាំងអស់ហើយម្នាក់ៗត្រូវបន្តការសិក្សាជាមូលដ្ឋានយ៉ាងហោចណាស់ឲ្យបានរយៈពេល ៩ ឆ្នាំ។,មាត្រា ៦៨ នៃ រដ្ឋធម្មនុញ្ញ នៃ ប្រទេស កម្ពុជា ចែង រដ្ឋាភិបាល ផ្តល់ ការអប់រំ កម្រិត បឋម មធ្យមសិក្សា ឥត គិត ថ្លៃ ប្រជាពលរដ្ឋ ទាំងអស់ ម្នាក់ បន្ត ការសិក្សា មូលដ្ឋាន យ៉ាងហោចណាស់ ឲ្យបាន រយៈពេល ឆ្នាំ,"['មាត្រា', '៦៨', 'នៃ', 'រដ្ឋធម្មនុញ្ញ', 'នៃ', 'ប្រទេស', 'កម្ពុជា', 'ចែង', 'រដ្ឋាភិបាល', 'ផ្តល់', 'ការអប់រំ', 'កម្រិត', 'បឋម', 'មធ្យមសិក្សា', 'ឥត', 'គិត', 'ថ្លៃ', 'ប្រជាពលរដ្ឋ', 'ទាំងអស់', 'ម្នាក់', 'បន្ត', 'ការសិក្សា', 'មូលដ្ឋាន', 'យ៉ាងហោចណាស់', 'ឲ្យបាន', 'រយៈពេល', 'ឆ្នាំ']",39,27
304,pair2,neutral,តាមយោបល់ខ្ញុំសង្គ្រាមរវាងរុស្ស៊ី និងអ៊ុយក្រែន ប្រហែលគ្មានអ្នកឈ្នះ គ្មានអ្នកចាញ់ទេ ។,តាម យោបល់ សង្គ្រាម រវាង រុស្ស៊ី អ៊ុយក្រែន ប្រហែល គ្មាន ឈ្នះ គ្មាន ចាញ់,"['តាម', 'យោបល់', 'សង្គ្រាម', 'រវាង', 'រុស្ស៊ី', 'អ៊ុយក្រែន', 'ប្រហែល', 'គ្មាន', 'ឈ្នះ', 'គ្មាន', 'ចាញ់']",17,11
305,pair2,neutral,"ឧទាហរណ៍ បុគ្គលិកសាលា និងនគរបាល អាចត្រូវធ្វើការកែប្រែ ដើម្បីជួយសិស្ស បើវាមានចែងនៅក្នុងផែនការអប់រំតម្រូវតាមស្ថានភាពបុគ្គល (IEP, Individualized Education Plan) ឬផែនការ 504 របស់សិស្សនេះ ឬបើពួកគេដឹងថា សិស្សនោះជាជនមានពិការភាពជាប់ខ្លួន ។",ឧទាហរណ៍ បុគ្គលិក សាលា នគរបាល ធ្វើ ការកែប្រែ ជួយ សិស្ស មាន ចែង នៅក្នុង ផែនការអប់រំ តម្រូវ តាម ស្ថានភាព បុគ្គល IEP Individualized Education Plan ផែនការ សិស្ស ពួកគេ ដឹង សិស្ស ជន មាន ពិការ ភាព ជាប់ ខ្លួន,"['ឧទាហរណ៍', 'បុគ្គលិក', 'សាលា', 'នគរបាល', 'ធ្វើ', 'ការកែប្រែ', 'ជួយ', 'សិស្ស', 'មាន', 'ចែង', 'នៅក្នុង', 'ផែនការអប់រំ', 'តម្រូវ', 'តាម', 'ស្ថានភាព', 'បុគ្គល', 'IEP', 'Individualized', 'Education', 'Plan', 'ផែនការ', 'សិស្ស', 'ពួកគេ', 'ដឹង', 'សិស្ស', 'ជន', 'មាន', 'ពិការ', 'ភាព', 'ជាប់', 'ខ្លួន']",48,31
306,pair2,positive,គ្រប់យ៉ាងក្នុងលោកនេះមិនទៀងទាត់ទេ ដូច្នេះយើងមិនគួរប្រញាប់វិនិច្ឆ័យខ្លួនឯង និងអ្នកដទៃនោះឡើយ។,គ្រប់ យ៉ាង មិន ទៀងទាត់ ដូច្នេះ មិន គួរ ប្រញាប់ វិនិច្ឆ័យ ខ្លួន ឯង អ្នកដទៃ ឡើយ,"['គ្រប់', 'យ៉ាង', 'មិន', 'ទៀងទាត់', 'ដូច្នេះ', 'មិន', 'គួរ', 'ប្រញាប់', 'វិនិច្ឆ័យ', 'ខ្លួន', 'ឯង', 'អ្នកដទៃ', 'ឡើយ']",21,13
307,pair2,positive,ការថែរក្សាសុខភាពរាង្គកាយ និងផ្លូវចិត្ត គឺជារឿងសំខាន់បំផុតអាចការពារវីរុស COVID-19,ការថែរក្សា សុខភាព រាង្គកាយ ផ្លូវចិត្ត គឺជា រឿង សំខាន់ បំផុត ការពារ វីរុស COVID,"['ការថែរក្សា', 'សុខភាព', 'រាង្គកាយ', 'ផ្លូវចិត្ត', 'គឺជា', 'រឿង', 'សំខាន់', 'បំផុត', 'ការពារ', 'វីរុស', 'COVID']",13,11
309,pair2,neutral,ប្រាក់សោធនសម្រាប់បុគ្គល ស្ថិតក្រោមច្បាប់ស្តីពីការងារចាប់ផ្តើមអនុវត្តពីខែនេះហើយ,ប្រាក់ សោធន បុគ្គល ស្ថិត ច្បាប់ ស្តីពី ការងារ ចាប់ផ្តើម អនុវត្ត ខែ,"['ប្រាក់', 'សោធន', 'បុគ្គល', 'ស្ថិត', 'ច្បាប់', 'ស្តីពី', 'ការងារ', 'ចាប់ផ្តើម', 'អនុវត្ត', 'ខែ']",15,10
310,pair2,neutral,សហរដ្ឋអាម៉េរិកបានប្តេជ្ញាពង្រឹងការសម្របសម្រួលជាមួយកូរ៉េខាងត្បូង ដើម្បីបន្តពង្រាយ និងអនុវត្តជាយុទ្ធសាស្តរនៅក្នុងតំបន់ឱ្យបានទាន់ពេលវេលា និងប្រកបដោយប្រសិទ្ធភាព ដើម្បីរារាំង និងឆ្លើយតបចំពោះកូរ៉េខាងជើង និងពង្រឹងសន្តិសុខក្នុងតំបន់។,សហរដ្ឋ អាម៉េរិក ប្តេជ្ញា ពង្រឹង ការសម្របសម្រួល កូរ៉េ ខាងត្បូង បន្ត ពង្រាយ អនុវត្ត យុទ្ធសាស្តរ នៅក្នុង តំបន់ ឱ្យ ទាន់ ពេលវេលា ប្រកបដោយ ប្រសិទ្ធភាព រារាំង ឆ្លើយតប កូរ៉េ ខាងជើង ពង្រឹង សន្តិសុខ តំបន់,"['សហរដ្ឋ', 'អាម៉េរិក', 'ប្តេជ្ញា', 'ពង្រឹង', 'ការសម្របសម្រួល', 'កូរ៉េ', 'ខាងត្បូង', 'បន្ត', 'ពង្រាយ', 'អនុវត្ត', 'យុទ្ធសាស្តរ', 'នៅក្នុង', 'តំបន់', 'ឱ្យ', 'ទាន់', 'ពេលវេលា', 'ប្រកបដោយ', 'ប្រសិទ្ធភាព', 'រារាំង', 'ឆ្លើយតប', 'កូរ៉េ', 'ខាងជើង', 'ពង្រឹង', 'សន្តិសុខ', 'តំបន់']",38,25
313,pair2,negative,មិនបានប៉ុន្មានម៉ោងផង កូនទៅបាត់ចោលប៉ាម៉ាក់ អូនអ៊ីង មិនគួរណាពេទ្យ គុន្ធបុផ្ផា ធ្វើឱ្យកូនទៅជាយ៉ាងនេះសោះ។,មិន ប៉ុន្មាន ម៉ោង កូន បាត់ ចោល ប៉ា ម៉ាក់ អូន អ៊ីង មិន គួរ ពេទ្យ គុន្ធ បុផ្ផា ធ្វើឱ្យ កូន ទៅជា យ៉ាង សោះ,"['មិន', 'ប៉ុន្មាន', 'ម៉ោង', 'កូន', 'បាត់', 'ចោល', 'ប៉ា', 'ម៉ាក់', 'អូន', 'អ៊ីង', 'មិន', 'គួរ', 'ពេទ្យ', 'គុន្ធ', 'បុផ្ផា', 'ធ្វើឱ្យ', 'កូន', 'ទៅជា', 'យ៉ាង', 'សោះ']",26,20
316,pair2,neutral,ទោះយ៉ាងណា ស្ថាបនិកគុនខ្មែរអលស្តារ បានបោះសម្តីថា សូមកុំទាន់សន្និដ្ឋាន..ត្រូវរង់ចាំមើលសិន...។,ទោះ យ៉ាងណា ស្ថាបនិក គុន ខ្មែរ អល ស្តារ បោះ សម្តី សូម កុំ ទាន់សន្និដ្ឋាន រង់ចាំ មើល សិន,"['ទោះ', 'យ៉ាងណា', 'ស្ថាបនិក', 'គុន', 'ខ្មែរ', 'អល', 'ស្តារ', 'បោះ', 'សម្តី', 'សូម', 'កុំ', 'ទាន់សន្និដ្ឋាន', 'រង់ចាំ', 'មើល', 'សិន']",21,15
319,pair2,neutral,គូសបញ្ជាក់ផងដែរថា សម្រាប់វិស័យកសិកម្មនាពេលបច្ចុប្បន្ននេះ ប្រទេសជាច្រើនក្នុងតំបន់អ៊ឺរ៉ុប និងអាស៊ី បានប្រើប្រាស់អាកាសយានគ្មានមនុស្សបើក ដើម្បីបាញ់ថ្នាំសម្លាប់សត្វល្អិតដំណាំ ថតពិនិត្យផលដំណាំ។,គូសបញ្ជាក់ ផងដែរ វិស័យ កសិកម្ម នា បច្ចុប្បន្ន ប្រទេស ជាច្រើន តំបន់ អ៊ឺរ៉ុប អាស៊ី ប្រើប្រាស់ អាកាសយាន គ្មាន មនុស្ស បើក បាញ់ ថ្នាំ សម្លាប់ សត្វ ល្អិត ដំណាំ ថត ពិនិត្យ ផល ដំណាំ,"['គូសបញ្ជាក់', 'ផងដែរ', 'វិស័យ', 'កសិកម្ម', 'នា', 'បច្ចុប្បន្ន', 'ប្រទេស', 'ជាច្រើន', 'តំបន់', 'អ៊ឺរ៉ុប', 'អាស៊ី', 'ប្រើប្រាស់', 'អាកាសយាន', 'គ្មាន', 'មនុស្ស', 'បើក', 'បាញ់', 'ថ្នាំ', 'សម្លាប់', 'សត្វ', 'ល្អិត', 'ដំណាំ', 'ថត', 'ពិនិត្យ', 'ផល', 'ដំណាំ']",35,26
320,pair2,neutral,ការលើកឡើងរបស់លោក ហ៊ុន សែន ធ្វើឡើងក្នុងពិធីចែកសញ្ញាបត្រដល់និស្សិតនៃវិទ្យាស្ថានវ៉ាន់ដា ដែលមានចំនួន ៣ ៨៦៦ នាក់ កាលពីថ្ងៃទី ៣ ខែតុលា ឆ្នាំ ២០២២។,ការលើកឡើង ហ៊ុន សែន ធ្វើឡើង ពិធី ចែក សញ្ញាបត្រ និស្សិត នៃ វិទ្យាស្ថាន វ៉ាន់ ដា មាន ចំនួន ៨៦៦ នាក់ កាលពី ថ្ងៃទី ខែតុលា ឆ្នាំ ២០២២,"['ការលើកឡើង', 'ហ៊ុន', 'សែន', 'ធ្វើឡើង', 'ពិធី', 'ចែក', 'សញ្ញាបត្រ', 'និស្សិត', 'នៃ', 'វិទ្យាស្ថាន', 'វ៉ាន់', 'ដា', 'មាន', 'ចំនួន', '៨៦៦', 'នាក់', 'កាលពី', 'ថ្ងៃទី', 'ខែតុលា', 'ឆ្នាំ', '២០២២']",29,21
322,pair2,negative,យើងមិនចូលចិត្តលទ្ធផលមិនល្អដែលកើតឡើងទេ តែយើងចូលចិត្តណាស់ធ្វើរឿងមិនល្អឲ្យលទ្ធផលនោះកើតឡើង។,មិន ចូលចិត្ត លទ្ធផល មិន ល្អ កើតឡើង ចូលចិត្ត ណាស់ ធ្វើ រឿង មិន ល្អ ឲ្យ លទ្ធផល កើតឡើង,"['មិន', 'ចូលចិត្ត', 'លទ្ធផល', 'មិន', 'ល្អ', 'កើតឡើង', 'ចូលចិត្ត', 'ណាស់', 'ធ្វើ', 'រឿង', 'មិន', 'ល្អ', 'ឲ្យ', 'លទ្ធផល', 'កើតឡើង']",22,15
323,pair2,neutral,ក្រុមហ៊ុន Nord Stream 2 AG ដែលប្រតិបត្តិករនៃបំពង់បង្ហូរឧស្ម័នមានមូលដ្ឋាននៅប្រទេសស្វីសបានបំភ្លឺកាលពីថ្ងៃអង្គារទី ៤ ខែតុលាថា ខ្លួននឹងពិនិត្យមើលស្ថានភាពនៃបំពង់បង្ហូរឧស្ម័នដែលលេចធ្លាយម្តងទៀត ដោយប៉ូលីសនឹងស៊ើបអង្កេតនៅកន្លែងហេតុផ្ទាល់តែម្តង។,ក្រុមហ៊ុន Nord Stream AG ប្រតិបត្តិករ នៃ បំពង់ បង្ហូរ ឧស្ម័ន មាន មូលដ្ឋាន ប្រទេស ស្វីស បំភ្លឺ កាលពី ថ្ងៃអង្គារ ទី ខែតុលា ខ្លួន ពិនិត្យមើល ស្ថានភាព នៃ បំពង់ បង្ហូរ ឧស្ម័ន លេច ធ្លាយ ម្តង ទៀត ប៉ូលីស ស៊ើបអង្កេត កន្លែង ហេតុ ផ្ទាល់ តែម្តង,"['ក្រុមហ៊ុន', 'Nord', 'Stream', 'AG', 'ប្រតិបត្តិករ', 'នៃ', 'បំពង់', 'បង្ហូរ', 'ឧស្ម័ន', 'មាន', 'មូលដ្ឋាន', 'ប្រទេស', 'ស្វីស', 'បំភ្លឺ', 'កាលពី', 'ថ្ងៃអង្គារ', 'ទី', 'ខែតុលា', 'ខ្លួន', 'ពិនិត្យមើល', 'ស្ថានភាព', 'នៃ', 'បំពង់', 'បង្ហូរ', 'ឧស្ម័ន', 'លេច', 'ធ្លាយ', 'ម្តង', 'ទៀត', 'ប៉ូលីស', 'ស៊ើបអង្កេត', 'កន្លែង', 'ហេតុ', 'ផ្ទាល់', 'តែម្តង']",47,35
324,pair2,neutral,ការសិក្សាជាកាតព្វកិច្ចគឺប្រាំមួយឆ្នាំនៅសាលាបឋមសិក្សានិងបីឆ្នាំនៅអនុវិទ្យាល័យ,ការសិក្សា កាតព្វកិច្ច ប្រាំមួយ ឆ្នាំ សាលា បឋមសិក្សា បី ឆ្នាំ អនុវិទ្យាល័យ,"['ការសិក្សា', 'កាតព្វកិច្ច', 'ប្រាំមួយ', 'ឆ្នាំ', 'សាលា', 'បឋមសិក្សា', 'បី', 'ឆ្នាំ', 'អនុវិទ្យាល័យ']",14,9
329,pair2,neutral,លោក ពូទីន បានចុះហត្ថលេខាលើច្បាប់នៃការបញ្ចូលទឹកដីអ៊ុយក្រែនចំនួន ៤ រួមទាំងទីក្រុងលូហាន ខណៈដែលសហភាពអឺរ៉ុបបានព្រមព្រៀងលើការដាក់ទណ្ឌកម្មថ្មីប្រឆាំងនឹងទីក្រុងម៉ូស្គូជាការឆ្លើយតប។,ពូទីន ចុះហត្ថលេខា ច្បាប់ នៃ ការបញ្ចូល ទឹកដី អ៊ុយក្រែន ចំនួន រួមទាំង ទីក្រុង លូហាន ខណៈ សហភាព អឺរ៉ុប ព្រមព្រៀង ការដាក់ទណ្ឌកម្ម ថ្មី ប្រឆាំង ទីក្រុង ម៉ូស្គូ ការឆ្លើយតប,"['ពូទីន', 'ចុះហត្ថលេខា', 'ច្បាប់', 'នៃ', 'ការបញ្ចូល', 'ទឹកដី', 'អ៊ុយក្រែន', 'ចំនួន', 'រួមទាំង', 'ទីក្រុង', 'លូហាន', 'ខណៈ', 'សហភាព', 'អឺរ៉ុប', 'ព្រមព្រៀង', 'ការដាក់ទណ្ឌកម្ម', 'ថ្មី', 'ប្រឆាំង', 'ទីក្រុង', 'ម៉ូស្គូ', 'ការឆ្លើយតប']",31,21
331,pair2,neutral,យ៉ាងណាមិញ គោលនយោបាយភូមិឃុំមានសុវត្ថិភាព មានន័យថាភូមិឃុំគ្មានប្រព្រឹត្តល្បែងស៊ីសង ក៏ប៉ុន្តែឥឡូវនេះសម្តេចបានសង្កេតឃើញថា ភូមិឃុំរបស់យើងកំពុងមានល្បែងស៊ីសង បនល្បែង។,យ៉ាងណាមិញ គោល នយោបាយ ភូមិ ឃុំ មាន សុវត្ថិភាព មាន ន័យ ភូមិ ឃុំ គ្មាន ប្រព្រឹត្ត ល្បែងស៊ីសង ក៏ប៉ុន្តែ ឥឡូវនេះ សម្តេច សង្កេតឃើញ ភូមិ ឃុំ កំពុង មាន ល្បែងស៊ីសង បន ល្បែង,"['យ៉ាងណាមិញ', 'គោល', 'នយោបាយ', 'ភូមិ', 'ឃុំ', 'មាន', 'សុវត្ថិភាព', 'មាន', 'ន័យ', 'ភូមិ', 'ឃុំ', 'គ្មាន', 'ប្រព្រឹត្ត', 'ល្បែងស៊ីសង', 'ក៏ប៉ុន្តែ', 'ឥឡូវនេះ', 'សម្តេច', 'សង្កេតឃើញ', 'ភូមិ', 'ឃុំ', 'កំពុង', 'មាន', 'ល្បែងស៊ីសង', 'បន', 'ល្បែង']",31,25
333,pair2,neutral,បើតាមលោក ហ៊ុន សែន លោកក៏នឹងមិនប្តឹងឧទ្ធរណ៍បន្តទៀតឡើយ ខណៈលោកចាត់ទុកករណីនេះជាជោគជ័យមួយសម្រាប់លោក ក្នុងការតតាំងក្តីនៅតុលាការបារាំងជាមួយអតីតមេបក្សប្រឆាំងលោក សម រង្ស៊ី ហើយថាសេចក្តីសម្រេចរបស់តុលាការបារាំងថ្មីៗនេះបានជម្រះមន្ទិលសង្ស័យផ្សេងៗ ពាក់ព័ន្ធការស្លាប់របស់លោក ហុក ឡងឌី តាមឧទ្ធម្ភាគចក្រកាលពីឆ្នាំ ២០០៨៕,តាម ហ៊ុន សែន មិន ប្តឹង ឧទ្ធរណ៍ បន្ត ទៀត ឡើយ ខណៈ ចាត់ទុក ករណី ជោគជ័យ ការតតាំង ក្តី តុលាការ បារាំង អតីត មេ បក្ស ប្រឆាំង សម រង្ស៊ី សេចក្តីសម្រេច តុលាការ បារាំង ថ្មី ជម្រះ មន្ទិល សង្ស័យ ផ្សេង ពាក់ព័ន្ធ ការស្លាប់ ហុក ឡង ឌី តាម ឧទ្ធម្ភាគចក្រ កាលពី ឆ្នាំ ២០០៨,"['តាម', 'ហ៊ុន', 'សែន', 'មិន', 'ប្តឹង', 'ឧទ្ធរណ៍', 'បន្ត', 'ទៀត', 'ឡើយ', 'ខណៈ', 'ចាត់ទុក', 'ករណី', 'ជោគជ័យ', 'ការតតាំង', 'ក្តី', 'តុលាការ', 'បារាំង', 'អតីត', 'មេ', 'បក្ស', 'ប្រឆាំង', 'សម', 'រង្ស៊ី', 'សេចក្តីសម្រេច', 'តុលាការ', 'បារាំង', 'ថ្មី', 'ជម្រះ', 'មន្ទិល', 'សង្ស័យ', 'ផ្សេង', 'ពាក់ព័ន្ធ', 'ការស្លាប់', 'ហុក', 'ឡង', 'ឌី', 'តាម', 'ឧទ្ធម្ភាគចក្រ', 'កាលពី', 'ឆ្នាំ', '២០០៨']",66,41
335,pair2,negative,ជំងឺកូវីដ៖ បារាំងអន់ចិត្តនឹងអង់គ្លេសដែលចេញបញ្ជាឲ្យចាប់ក្រុង រាល់អ្នកធ្វើដំណើរពី បារាំង,ជំងឺ កូវីដ៖ បារាំង អន់ចិត្ត អង់គ្លេស ចេញ បញ្ជា ឲ្យ ចាប់ ក្រុង រាល់ អ្នកធ្វើដំណើរ បារាំង,"['ជំងឺ', 'កូវីដ៖', 'បារាំង', 'អន់ចិត្ត', 'អង់គ្លេស', 'ចេញ', 'បញ្ជា', 'ឲ្យ', 'ចាប់', 'ក្រុង', 'រាល់', 'អ្នកធ្វើដំណើរ', 'បារាំង']",16,13
336,pair2,neutral,តួលេខរបស់កម្មវិធីអភិវឌ្ឍន៍អង្គការសហប្រជាជាតិ (UNDP) បង្ហាញពីភាពខុសគ្នាដ៏ធំមួយ នៅពេលដែលសង្គមទាំងមូលត្រូវបានគេយកមកពិចារណា។,តួលេខ កម្មវិធី អភិវឌ្ឍន៍ អង្គការ សហ ប្រជាជាតិ UNDP បង្ហាញ ភាពខុសគ្នា ដ៏ ធំ សង្គម ទាំងមូល ត្រូវបាន យកមក ពិចារណា,"['តួលេខ', 'កម្មវិធី', 'អភិវឌ្ឍន៍', 'អង្គការ', 'សហ', 'ប្រជាជាតិ', 'UNDP', 'បង្ហាញ', 'ភាពខុសគ្នា', 'ដ៏', 'ធំ', 'សង្គម', 'ទាំងមូល', 'ត្រូវបាន', 'យកមក', 'ពិចារណា']",24,16
338,pair2,positive,ក្រៅពីស្តារថាមពលឡើងវិញ ខាងក្រោមនេះ ជាអត្ថប្រយោជន៍ជាច្រើននៃការគេង ដែលជួយធ្វើឲ្យរាង្គកាយរបស់យើងមានកម្លាំងឡើងវិញ។,ក្រៅពី ស្តារ ថាមពល ឡើងវិញ ខាងក្រោម អត្ថប្រយោជន៍ ជាច្រើន នៃ ការគេង ជួយ ធ្វើឲ្យ រាង្គកាយ មាន កម្លាំង ឡើងវិញ,"['ក្រៅពី', 'ស្តារ', 'ថាមពល', 'ឡើងវិញ', 'ខាងក្រោម', 'អត្ថប្រយោជន៍', 'ជាច្រើន', 'នៃ', 'ការគេង', 'ជួយ', 'ធ្វើឲ្យ', 'រាង្គកាយ', 'មាន', 'កម្លាំង', 'ឡើងវិញ']",21,15
339,pair2,neutral,ជុំវិញបញ្ហារនេះដែរ ភ្នាក់ងារកាសែតកោះសន្តិភាពប្រចាំខេត្តកណ្តាល ទំនាក់ទំនងទៅលោកវរសេនីយ៍ឯក ព្រុំ សំណាង អធិការនគរបាលស្រុកកៀនស្វាយ តែទូរស័ព្ទចូលគ្មានអ្នកទទួល ។,ជុំវិញ បញ្ហា ភ្នាក់ងារ កាសែត កោះសន្តិភាព ប្រចាំ ខេត្ត កណ្តាល ទំនាក់ទំនង វរសេនីយ៍ ឯក ព្រុំ សំណាង អធិការ នគរបាល ស្រុក កៀនស្វាយ ទូរស័ព្ទ ចូល គ្មាន អ្នកទទួល,"['ជុំវិញ', 'បញ្ហា', 'ភ្នាក់ងារ', 'កាសែត', 'កោះសន្តិភាព', 'ប្រចាំ', 'ខេត្ត', 'កណ្តាល', 'ទំនាក់ទំនង', 'វរសេនីយ៍', 'ឯក', 'ព្រុំ', 'សំណាង', 'អធិការ', 'នគរបាល', 'ស្រុក', 'កៀនស្វាយ', 'ទូរស័ព្ទ', 'ចូល', 'គ្មាន', 'អ្នកទទួល']",28,21
340,pair2,neutral,មេធារីរូបនេះ ប្តេជ្ញាថា ក៏នឹងជំរុញទៅលោកប្រធានាធិបតី ចូ បៃឌិន (Joe Biden) មិនឱ្យជួបផ្ទាល់ជាមួយលោក ហ៊ុន សែន ជាលក្ខណៈទ្វេភាគីនៅឯកិច្ចប្រជុំកំពូលអាស៊ាន (ASEAN) នាពេលខាងមុខនេះទេ។,មេធារី រូប ប្តេជ្ញា ជំរុញ ប្រធានាធិបតី ចូ បៃ ឌិន Joe Biden មិន ឱ្យ ជួប ផ្ទាល់ ហ៊ុន សែន លក្ខណៈ ទ្វេ ភាគី នៅឯ កិច្ចប្រជុំ កំពូល អាស៊ាន ASEAN នា ខាងមុខ,"['មេធារី', 'រូប', 'ប្តេជ្ញា', 'ជំរុញ', 'ប្រធានាធិបតី', 'ចូ', 'បៃ', 'ឌិន', 'Joe', 'Biden', 'មិន', 'ឱ្យ', 'ជួប', 'ផ្ទាល់', 'ហ៊ុន', 'សែន', 'លក្ខណៈ', 'ទ្វេ', 'ភាគី', 'នៅឯ', 'កិច្ចប្រជុំ', 'កំពូល', 'អាស៊ាន', 'ASEAN', 'នា', 'ខាងមុខ']",39,26
342,pair2,neutral,ព្រះតេជព្រះគុណបន្ថែមថា កូនចៅសង់ចេតិយទុកនេះ លុះត្រាតែឪពុកម្តាយ ចាស់ជរា ឬឈឺធ្ងន់ក្នុងដំណាក់កាលចុងក្រោយ។,ព្រះតេជ ព្រះគុណ បន្ថែម កូន ចៅសង់ ចេតិយ ទុក លុះត្រាតែ ឪពុក ម្តាយ ចាស់ជរា ឈឺ ធ្ងន់ ដំណាក់កាល ចុងក្រោយ,"['ព្រះតេជ', 'ព្រះគុណ', 'បន្ថែម', 'កូន', 'ចៅសង់', 'ចេតិយ', 'ទុក', 'លុះត្រាតែ', 'ឪពុក', 'ម្តាយ', 'ចាស់ជរា', 'ឈឺ', 'ធ្ងន់', 'ដំណាក់កាល', 'ចុងក្រោយ']",20,15
343,pair2,negative,ខ្ញុំមានអារម្មណ៍ថាមានការឈឺចាប់ពើតខ្មួល,មានអារម្មណ៍ មាន ការឈឺចាប់ ពើត ខ្មួល,"['មានអារម្មណ៍', 'មាន', 'ការឈឺចាប់', 'ពើត', 'ខ្មួល']",7,5
344,pair2,positive,រីករាយថ្ងៃកំណើតក្មួយស្រីដែលពូកែខាងសម្តី ប៉ិនកូរ ប៉ិនលួង និងពូកែញិកញ៉ក់យកចិត្ត,រីករាយ ថ្ងៃ កំណើត ក្មួយ ស្រី ពូកែ ខាង សម្តី ប៉ិន កូរ ប៉ិន លួង ពូកែ ញិក ញ៉ក់ យកចិត្ត,"['រីករាយ', 'ថ្ងៃ', 'កំណើត', 'ក្មួយ', 'ស្រី', 'ពូកែ', 'ខាង', 'សម្តី', 'ប៉ិន', 'កូរ', 'ប៉ិន', 'លួង', 'ពូកែ', 'ញិក', 'ញ៉ក់', 'យកចិត្ត']",18,16
345,pair2,negative,ខណ:ពេលខ្លះទម្ងន់នៃរឿងមិនល្អដែលចូលមកប៉ះអារម្មណ៍អ្នកផ្ទួនៗ ហើយធ្ងន់ធ្ងរពេក អ្នកក៏ពិបាកនឹងគេចវេស ហើយសម្រួលអារម្មណ៍អោយមកប្រក្រតីវិញបានដោយងាយឡើយ,ខណ ខ្លះ ទម្ងន់ នៃ រឿង មិន ល្អ ចូលមក ប៉ះ អារម្មណ៍ ផ្ទួន ធ្ងន់ធ្ងរ ពេក ពិបាក គេចវេស សម្រួល អារម្មណ៍ អោយ ប្រក្រតី វិញ ងាយ ឡើយ,"['ខណ', 'ខ្លះ', 'ទម្ងន់', 'នៃ', 'រឿង', 'មិន', 'ល្អ', 'ចូលមក', 'ប៉ះ', 'អារម្មណ៍', 'ផ្ទួន', 'ធ្ងន់ធ្ងរ', 'ពេក', 'ពិបាក', 'គេចវេស', 'សម្រួល', 'អារម្មណ៍', 'អោយ', 'ប្រក្រតី', 'វិញ', 'ងាយ', 'ឡើយ']",34,22
346,pair2,neutral,ខ្ញុំកក់សំបុត្រពីឡូអាន់ជីលែសទៅតូក្យូ,កក់ សំបុត្រ ឡូអាន់ ជីលែស តូក្យូ,"['កក់', 'សំបុត្រ', 'ឡូអាន់', 'ជីលែស', 'តូក្យូ']",8,5
349,pair2,neutral,ខ្ញុំគិតថាខ្ញុំនឹងរួចរាល់ឆាប់ៗតាមដែលយន្តហោះនេះបានចតចេញពីភាពចលាចលនេះ,គិត រួចរាល់ ឆាប់ តាម យន្តហោះ ចត ចេញ ភាពចលាចល,"['គិត', 'រួចរាល់', 'ឆាប់', 'តាម', 'យន្តហោះ', 'ចត', 'ចេញ', 'ភាពចលាចល']",18,8
350,pair2,negative,ខណៈប្តីទៅហូបកាហ្វេ១កែវសោះ បែរជា មិនមកផ្ទះ តាំងពីព្រឹកដល់ល្ងាច ព្រោះរវល់វក់វី និងការផ្សងសំណាង ។,ខណៈ ប្តី ហូប កាហ្វេ ១កែវ សោះ បែរជា មិន ផ្ទះ តាំងពី ព្រឹក ល្ងាច រវល់ វក់ វី ការផ្សង សំណាង,"['ខណៈ', 'ប្តី', 'ហូប', 'កាហ្វេ', '១កែវ', 'សោះ', 'បែរជា', 'មិន', 'ផ្ទះ', 'តាំងពី', 'ព្រឹក', 'ល្ងាច', 'រវល់', 'វក់', 'វី', 'ការផ្សង', 'សំណាង']",23,17
352,pair2,neutral,ឃើញផ្ទះមួយប្រហាក់ប្រហែល តែមិនដឹងថាត្រូវរឺអត់ទេ គឺនៅជិត សាលាឃុំអូសណ្តាន់ ហើយផ្លូវចូលមានតូបលក់ពីរបី និងមានផ្លាកគណបក្សកម្ពុជា ដោយឃើញមាន ចំការចេកណាំវ៉ាតឿក្បែផ្ទះ បើយើងទៅពីភ្នំពេញគឺនៅខាងស្តាំដៃ។,ឃើញ ផ្ទះ ប្រហាក់ប្រហែល មិន ដឹង រឺ អត់ នៅជិត សាលា ឃុំ អូសណ្តាន់ ផ្លូវ ចូល មាន តូប លក់ បី មាន ផ្លាក គណបក្ស កម្ពុជា ឃើញ មាន ចំការចេក ណាំ វ៉ាតឿ ក្បែ ផ្ទះ ភ្នំពេញ ខាងស្តាំ ដៃ,"['ឃើញ', 'ផ្ទះ', 'ប្រហាក់ប្រហែល', 'មិន', 'ដឹង', 'រឺ', 'អត់', 'នៅជិត', 'សាលា', 'ឃុំ', 'អូសណ្តាន់', 'ផ្លូវ', 'ចូល', 'មាន', 'តូប', 'លក់', 'បី', 'មាន', 'ផ្លាក', 'គណបក្ស', 'កម្ពុជា', 'ឃើញ', 'មាន', 'ចំការចេក', 'ណាំ', 'វ៉ាតឿ', 'ក្បែ', 'ផ្ទះ', 'ភ្នំពេញ', 'ខាងស្តាំ', 'ដៃ']",48,31
353,pair2,positive,ស្វាយចន្ទី គឺជាដំណាំមួយប្រភេទមានសារៈសំខាន់ណាស់ ដែលជាផ្នែកមួយជួយដល់សេដ្ឋកិច្ចប្រជាពលរដ្ឋរស់នៅទីជនបទ។,ស្វាយចន្ទី គឺជា ដំណាំ ប្រភេទ មាន សារៈសំខាន់ ណាស់ ផ្នែក ជួយ សេដ្ឋកិច្ច ប្រជាពលរដ្ឋ រស់ ទី ជនបទ,"['ស្វាយចន្ទី', 'គឺជា', 'ដំណាំ', 'ប្រភេទ', 'មាន', 'សារៈសំខាន់', 'ណាស់', 'ផ្នែក', 'ជួយ', 'សេដ្ឋកិច្ច', 'ប្រជាពលរដ្ឋ', 'រស់', 'ទី', 'ជនបទ']",21,14
354,pair2,neutral,"ពញាជ័យ និងពញាសួស្តិ៍, កាលបានដំណឹងនេះហើយ, ក៏នាំបងប្អូនបេះត្រសក់ និង នាំល្បែងមហោស្រព ទៅថ្វាយព្រះរាជា ជារឿយៗ។",ពញា ជ័យ ពញា សួស្តិ៍ កាល ដំណឹង នាំ បងប្អូន បេះ ត្រសក់ នាំ ល្បែង មហោស្រព ថ្វាយ ព្រះរាជា ជារឿយ,"['ពញា', 'ជ័យ', 'ពញា', 'សួស្តិ៍', 'កាល', 'ដំណឹង', 'នាំ', 'បងប្អូន', 'បេះ', 'ត្រសក់', 'នាំ', 'ល្បែង', 'មហោស្រព', 'ថ្វាយ', 'ព្រះរាជា', 'ជារឿយ']",27,16
355,pair2,neutral,មន្ត្រីក្រុងសេអ៊ូលបានបញ្ជាក់ថា កូរ៉េខាងជើងបានហោះហើរយន្តហោះចម្បាំងចំនួន ១២ គ្រឿងនៅជិតព្រំដែនជាមួយកូរ៉េខាងត្បូងកាលពីថ្ងៃព្រហស្បតិ៍ទី៦ ខែតុលា ដោយបានជំរុញឱ្យកូរ៉េខាងត្បូងបញ្ចេញយន្តហោះចម្បាំងចំនួន ៣០ ជាការឆ្លើយតប។,មន្ត្រី ក្រុង សេអ៊ូល បញ្ជាក់ កូរ៉េ ខាងជើង ហោះហើរ យន្តហោះ ចម្បាំង ចំនួន ១២ គ្រឿង នៅជិត ព្រំដែន កូរ៉េ ខាងត្បូង កាលពី ថ្ងៃព្រហស្បតិ៍ ទី៦ ខែតុលា ជំរុញ ឱ្យ កូរ៉េ ខាងត្បូង បញ្ចេញ យន្តហោះ ចម្បាំង ចំនួន ៣០ ការឆ្លើយតប,"['មន្ត្រី', 'ក្រុង', 'សេអ៊ូល', 'បញ្ជាក់', 'កូរ៉េ', 'ខាងជើង', 'ហោះហើរ', 'យន្តហោះ', 'ចម្បាំង', 'ចំនួន', '១២', 'គ្រឿង', 'នៅជិត', 'ព្រំដែន', 'កូរ៉េ', 'ខាងត្បូង', 'កាលពី', 'ថ្ងៃព្រហស្បតិ៍', 'ទី៦', 'ខែតុលា', 'ជំរុញ', 'ឱ្យ', 'កូរ៉េ', 'ខាងត្បូង', 'បញ្ចេញ', 'យន្តហោះ', 'ចម្បាំង', 'ចំនួន', '៣០', 'ការឆ្លើយតប']",38,30
356,pair2,neutral,សម្តេចបញ្ជាក់ថា ៖ដរាបណាអ្នកឯងប្រកាសរំសាយចោលនូវនយោបាយមានឯងអត់អញ្ញ ហើយធ្វើការសុំទោសថ្លែងជូនប្រជាពលរដ្ឋចាប់ពីពេលនេះតទៅខ្ញុំនឹងបញ្ឈប់នូវនយោបាយផ្ដួលរលំរដ្ឋាភិបាល»។,សម្តេច បញ្ជាក់ ដរាបណា អ្នកឯង ប្រកាស រំសាយ ចោល នូវ នយោបាយ មាន ឯង អត់ អញ្ញ ធ្វើ ការសុំទោស ថ្លែង ជូន ប្រជាពលរដ្ឋ ចាប់ពី ពេលនេះ តទៅ បញ្ឈប់ នូវ នយោបាយ ផ្ដួលរលំ រដ្ឋាភិបាល,"['សម្តេច', 'បញ្ជាក់', 'ដរាបណា', 'អ្នកឯង', 'ប្រកាស', 'រំសាយ', 'ចោល', 'នូវ', 'នយោបាយ', 'មាន', 'ឯង', 'អត់', 'អញ្ញ', 'ធ្វើ', 'ការសុំទោស', 'ថ្លែង', 'ជូន', 'ប្រជាពលរដ្ឋ', 'ចាប់ពី', 'ពេលនេះ', 'តទៅ', 'បញ្ឈប់', 'នូវ', 'នយោបាយ', 'ផ្ដួលរលំ', 'រដ្ឋាភិបាល']",33,26
357,pair2,neutral,អ្នកវិភាគនយោបាយ លោក សេង សារី លើកឡើងថា ការធ្វើទុក្ខបុកម្នេញទៅលើមេដឹកនាំនិងសកម្មជនរបស់គណបក្សប្រឆាំងនៅមូលដ្ឋាន មិនមែនជារឿងថ្មីទេ នៅក្នុងនយោបាយកម្ពុជា។,អ្នកវិភាគ នយោបាយ សេង សារី លើកឡើង ការធ្វើ ទុក្ខបុកម្នេញ មេដឹកនាំ សកម្មជន គណបក្ស ប្រឆាំង មូលដ្ឋាន មិន មែន រឿង ថ្មី នៅក្នុង នយោបាយ កម្ពុជា,"['អ្នកវិភាគ', 'នយោបាយ', 'សេង', 'សារី', 'លើកឡើង', 'ការធ្វើ', 'ទុក្ខបុកម្នេញ', 'មេដឹកនាំ', 'សកម្មជន', 'គណបក្ស', 'ប្រឆាំង', 'មូលដ្ឋាន', 'មិន', 'មែន', 'រឿង', 'ថ្មី', 'នៅក្នុង', 'នយោបាយ', 'កម្ពុជា']",29,19
358,pair2,negative,ការហ៊ាននិយាយចេញមកអំពីរឿងនេះ លុះត្រាតែគេមានការឈឺចាប់ខ្លាំង ហើយមិនអាចបន្តអត់ធ្មត់ទៀតបាន។,ការហ៊ាន និយាយ ចេញមក អំពី រឿង លុះត្រាតែ មាន ការឈឺចាប់ ខ្លាំង មិន បន្ត អត់ធ្មត់ ទៀត,"['ការហ៊ាន', 'និយាយ', 'ចេញមក', 'អំពី', 'រឿង', 'លុះត្រាតែ', 'មាន', 'ការឈឺចាប់', 'ខ្លាំង', 'មិន', 'បន្ត', 'អត់ធ្មត់', 'ទៀត']",19,13
360,pair2,neutral,ឆ្នាំរោង៖ (ធាតុមាស ពង្សទេវតាប្រុស) រាសីរបស់អស់លោកអ្នកដែលកើតឆ្នាំរោង ថ្ងៃនេះ មធ្យម ។,ឆ្នាំ រោង៖ ធាតុ មាស ពង្ស ទេវតា ប្រុស រាសី អស់ កើត ឆ្នាំ រោង ថ្ងៃ មធ្យម,"['ឆ្នាំ', 'រោង៖', 'ធាតុ', 'មាស', 'ពង្ស', 'ទេវតា', 'ប្រុស', 'រាសី', 'អស់', 'កើត', 'ឆ្នាំ', 'រោង', 'ថ្ងៃ', 'មធ្យម']",22,14
362,pair2,neutral,នេះបើតាមរបាយការណ៍សង្ខេបចុងក្រោយរបស់ CIVICUS ចេញផ្សាយនៅក្នុងសប្តាហ៍នេះ។,តាម របាយការណ៍ សង្ខេប ចុងក្រោយ CIVICUS ចេញផ្សាយ នៅក្នុង សប្តាហ៍,"['តាម', 'របាយការណ៍', 'សង្ខេប', 'ចុងក្រោយ', 'CIVICUS', 'ចេញផ្សាយ', 'នៅក្នុង', 'សប្តាហ៍']",13,8
363,pair2,positive,៤ម៉ោងកន្លងផុតទៅប៊ីក៏ផុតគ្រោះថ្នាក់តែត្រូវសម្រាកនៅពេទ្យសិនយើងទាំងអស់គ្នាសប្បាយចិត្តណាស់ពេលឮថាប៊ីគ្មានអ្វីធ្ងន់ធ្ងរ,៤ម៉ោង កន្លងផុត ប៊ី ផុត គ្រោះថ្នាក់ សម្រាក នៅពេទ្យ សិន ទាំងអស់ សប្បាយ ចិត្ត ណាស់ ប៊ី គ្មាន អ្វី ធ្ងន់ធ្ងរ,"['៤ម៉ោង', 'កន្លងផុត', 'ប៊ី', 'ផុត', 'គ្រោះថ្នាក់', 'សម្រាក', 'នៅពេទ្យ', 'សិន', 'ទាំងអស់', 'សប្បាយ', 'ចិត្ត', 'ណាស់', 'ប៊ី', 'គ្មាន', 'អ្វី', 'ធ្ងន់ធ្ងរ']",25,16
365,pair2,negative,កំពុងតែរីករាយសុខៗក៏ស្រាប់តែទុក្ខរត់ចូលមកវាយទន្ទរានយកសុបិនដ៏ស្រស់បំព្រងឱ្យលង់ទៅក្នុងភាពច្របូកច្របល់ បង់ស្មារតីទប់ទល់លែងបាន។,កំពុងតែ រីករាយ សុខ ស្រាប់តែ ទុក្ខ រត់ ចូលមក វាយ ទន្ទរាន យក សុបិន ដ៏ ស្រស់បំព្រង ឱ្យ លង់ ទៅក្នុង ភាពច្របូកច្របល់ បង់ ស្មារតី ទប់ទល់ លែង,"['កំពុងតែ', 'រីករាយ', 'សុខ', 'ស្រាប់តែ', 'ទុក្ខ', 'រត់', 'ចូលមក', 'វាយ', 'ទន្ទរាន', 'យក', 'សុបិន', 'ដ៏', 'ស្រស់បំព្រង', 'ឱ្យ', 'លង់', 'ទៅក្នុង', 'ភាពច្របូកច្របល់', 'បង់', 'ស្មារតី', 'ទប់ទល់', 'លែង']",25,21
366,pair2,neutral,ក្រោយពីបែកបាក់ជាមួយប្តីមក អ្នកស្រីបានចាក់មួកលក់តាមអនឡាញជាមួយកូនស្រីច្បងរហូតដល់បច្ចុប្បន្ន។,ក្រោយពី បែកបាក់ ប្តី អ្នកស្រី ចាក់ មួក លក់ តាម អនឡាញ កូនស្រី ច្បង រហូតដល់ បច្ចុប្បន្ន,"['ក្រោយពី', 'បែកបាក់', 'ប្តី', 'អ្នកស្រី', 'ចាក់', 'មួក', 'លក់', 'តាម', 'អនឡាញ', 'កូនស្រី', 'ច្បង', 'រហូតដល់', 'បច្ចុប្បន្ន']",18,13
367,pair2,positive,"លើសពីនេះ អ្នកក៍ត្រូវចេះបកស្រាយ យ៉ាងណាឲ្យឃើញថា អត្ថបទរបស់អ្នក មានផលប្រយាជន៍ ដល់អ្នកអាន ដល់ជាតិខ្មែរ ជាពិសេសជា មោទនភាពរបស់កូនខ្មែរ គឺនៅត្រង់ គ្រប់ប្រភេទអត្ថបទ ជាអក្សរខ្មែរ កាន់តែសំបូរបែប ជាពិសេសលើ បណ្តាញអ៊ីនធ័រណិត សំរាប់ការកំសាន្ត, ការរកមើលព័ត៌មាន, ការសិក្សា, និងការស្រាវជ្រាវ របស់មនុស្សទូទៅ ។",លើស អ្នកក៍ ចេះ បកស្រាយ យ៉ាងណា ឲ្យ ឃើញ អត្ថបទ មាន ផលប្រយាជន៍ អ្នកអាន ជាតិ ខ្មែរ ជាពិសេស មោទនភាព កូន ខ្មែរ ត្រង់ គ្រប់ ប្រភេទ អត្ថបទ អក្សរ ខ្មែរ កាន់តែ សំបូរ បែប ជាពិសេស បណ្តាញ អ៊ីនធ័រណិត សំរាប់ ការកំសាន្ត ការរកមើល ព័ត៌មាន ការសិក្សា ការស្រាវជ្រាវ មនុស្ស ទូទៅ,"['លើស', 'អ្នកក៍', 'ចេះ', 'បកស្រាយ', 'យ៉ាងណា', 'ឲ្យ', 'ឃើញ', 'អត្ថបទ', 'មាន', 'ផលប្រយាជន៍', 'អ្នកអាន', 'ជាតិ', 'ខ្មែរ', 'ជាពិសេស', 'មោទនភាព', 'កូន', 'ខ្មែរ', 'ត្រង់', 'គ្រប់', 'ប្រភេទ', 'អត្ថបទ', 'អក្សរ', 'ខ្មែរ', 'កាន់តែ', 'សំបូរ', 'បែប', 'ជាពិសេស', 'បណ្តាញ', 'អ៊ីនធ័រណិត', 'សំរាប់', 'ការកំសាន្ត', 'ការរកមើល', 'ព័ត៌មាន', 'ការសិក្សា', 'ការស្រាវជ្រាវ', 'មនុស្ស', 'ទូទៅ']",57,37
372,pair2,neutral,តាមម្នាក់ក្នុងចំណោមនោះ បានបង្ហើបថា ផ្ទះលោក ហង្ស ឈា មានបន្ទប់ពិសេស១ នោះគឺសំដៅលើបន្ទប់កម្សាន្តផ្ទាល់ខ្លួន(Entertainment Room) របស់ ហង្ស ឈា ថាកសាងឡើងស្ទើរនឹងបាររាត្រីមួយ ដែលបំពាក់ទៅដោយសម្ភារៈ ឧបករណ៍បំពងសំឡេងទំនើបៗ។,តាម ម្នាក់ ចំណោម បង្ហើប ផ្ទះ ហង្ស ឈា មាន បន្ទប់ ពិសេស សំដៅ បន្ទប់ កម្សាន្ត ផ្ទាល់ខ្លួន Entertainment Room ហង្ស ឈា កសាងឡើង ស្ទើរ បារ រាត្រី បំពាក់ សម្ភារៈ ឧបករណ៍ បំពង សំឡេង ទំនើប,"['តាម', 'ម្នាក់', 'ចំណោម', 'បង្ហើប', 'ផ្ទះ', 'ហង្ស', 'ឈា', 'មាន', 'បន្ទប់', 'ពិសេស', 'សំដៅ', 'បន្ទប់', 'កម្សាន្ត', 'ផ្ទាល់ខ្លួន', 'Entertainment', 'Room', 'ហង្ស', 'ឈា', 'កសាងឡើង', 'ស្ទើរ', 'បារ', 'រាត្រី', 'បំពាក់', 'សម្ភារៈ', 'ឧបករណ៍', 'បំពង', 'សំឡេង', 'ទំនើប']",46,28
374,pair2,negative,លោក ចារិត ហ្គិនស័រ៖ ខ្ញុំគិតថារដ្ឋាភិបាលកម្ពុជានៅមិនទាន់យល់ច្បាស់នៅឡើយពីសារដែលថាភាពរួចទោសពៃរ៍ ឬនិទ្ទណ្ឌភាពរបស់រដ្ឋាភិបាលនេះ នឹងមិនត្រូវបានអត់ឱនឱ្យជាដាច់ខាត។,ចារិត ហ្គិន ស័រ៖ គិត រដ្ឋាភិបាល កម្ពុជា មិន ទាន់ យល់ ច្បាស់ នៅឡើយ សារ ភាព ទោស ពៃរ៍ និទ្ទណ្ឌភាព រដ្ឋាភិបាល មិន ត្រូវបាន អត់ ឱន ឱ្យ ជាដាច់ខាត,"['ចារិត', 'ហ្គិន', 'ស័រ៖', 'គិត', 'រដ្ឋាភិបាល', 'កម្ពុជា', 'មិន', 'ទាន់', 'យល់', 'ច្បាស់', 'នៅឡើយ', 'សារ', 'ភាព', 'ទោស', 'ពៃរ៍', 'និទ្ទណ្ឌភាព', 'រដ្ឋាភិបាល', 'មិន', 'ត្រូវបាន', 'អត់', 'ឱន', 'ឱ្យ', 'ជាដាច់ខាត']",36,23
375,pair2,negative,ប័ណ្ណបញ្ជាក់អះអាងនេះមិនពេញលេញទេ,ប័ណ្ណ បញ្ជាក់ អះអាង មិន ពេញលេញ,"['ប័ណ្ណ', 'បញ្ជាក់', 'អះអាង', 'មិន', 'ពេញលេញ']",7,5
376,pair2,negative,ការមើលទូរទស្សន៍ ឬទូរស័ព្ទច្រើនពេកក៏នឹងនាំឱ្យមានរបៀបរស់នៅមិនស្ងប់ មានបញ្ហានៃការមើល និងកាត់បន្ថយសមត្ថភាពនៃការគិត ៕,ការមើល ទូរទស្សន៍ ទូរស័ព្ទ ច្រើន ពេក នាំឱ្យ មាន របៀប រស់ មិន ស្ងប់ មាន បញ្ហា នៃ ការមើល កាត់បន្ថយ សមត្ថភាព នៃ ការគិត,"['ការមើល', 'ទូរទស្សន៍', 'ទូរស័ព្ទ', 'ច្រើន', 'ពេក', 'នាំឱ្យ', 'មាន', 'របៀប', 'រស់', 'មិន', 'ស្ងប់', 'មាន', 'បញ្ហា', 'នៃ', 'ការមើល', 'កាត់បន្ថយ', 'សមត្ថភាព', 'នៃ', 'ការគិត']",25,19
378,pair2,neutral,"ការផ្ទុះក៏ត្រូវបានគេរាយការណ៍ផងដែរនៅក្នុង ទីក្រុង Lviv, Ternopil និង Zhytomyr នៅភាគខាងលិចអ៊ុយក្រែន និងនៅ ទីក្រុង Dnipro នៅកណ្តាលអ៊ុយក្រែន។",ការផ្ទុះ ត្រូវបាន រាយការណ៍ ផងដែរ នៅក្នុង ទីក្រុង Lviv Ternopil Zhytomyr ភាគ ខាងលិច អ៊ុយក្រែន ទីក្រុង Dnipro កណ្តាល អ៊ុយក្រែន,"['ការផ្ទុះ', 'ត្រូវបាន', 'រាយការណ៍', 'ផងដែរ', 'នៅក្នុង', 'ទីក្រុង', 'Lviv', 'Ternopil', 'Zhytomyr', 'ភាគ', 'ខាងលិច', 'អ៊ុយក្រែន', 'ទីក្រុង', 'Dnipro', 'កណ្តាល', 'អ៊ុយក្រែន']",25,16
379,pair2,neutral,ទាក់ទងនឹងរឿងនេះ មន្ត្រីសមាគមសិទ្ធិមនុស្ស អាដហុក លោក យី សុខសាន្ត ដែលបានចូលរួមសង្កេត សវនាការនេះ យល់ឃើញថា ចៅក្រមបានសួរដេញដោលអំពីបញ្ហាផ្ទាល់ខ្លួនរបស់ លោក វឿង សំណាង ច្រើនជាង សួរសំណួរដាក់បន្ទុកទៅលើសំណុំរឿងដែលបានចោទប្រកាន់។,ទាក់ទង រឿង មន្ត្រី សមាគម សិទ្ធិ មនុស្ស អាដហុក យី សុខសាន្ត ចូលរួម សង្កេត សវនាការ យល់ឃើញ ចៅក្រម សួរ ដេញដោល អំពី បញ្ហា ផ្ទាល់ខ្លួន វឿង សំណាង ច្រើន ជាង សួរ សំណួរ ដាក់ បន្ទុក សំណុំរឿង ចោទប្រកាន់,"['ទាក់ទង', 'រឿង', 'មន្ត្រី', 'សមាគម', 'សិទ្ធិ', 'មនុស្ស', 'អាដហុក', 'យី', 'សុខសាន្ត', 'ចូលរួម', 'សង្កេត', 'សវនាការ', 'យល់ឃើញ', 'ចៅក្រម', 'សួរ', 'ដេញដោល', 'អំពី', 'បញ្ហា', 'ផ្ទាល់ខ្លួន', 'វឿង', 'សំណាង', 'ច្រើន', 'ជាង', 'សួរ', 'សំណួរ', 'ដាក់', 'បន្ទុក', 'សំណុំរឿង', 'ចោទប្រកាន់']",44,29
380,pair2,neutral,អភិបាលក្រុងកៀវ លោក Vitali Klitschko បាននិយាយនៅលើប្រព័ន្ធផ្សព្វផ្សាយសង្គមថា ការផ្ទុះជាច្រើននៅក្នុងសង្កាត់ Shevchenkivskyi ដែលស្ថិតនៅកណ្តាលរដ្ឋធានី។,អភិបាល ក្រុង កៀវ Vitali Klitschko និយាយ នៅលើ ប្រព័ន្ធ ផ្សព្វផ្សាយ សង្គម ការផ្ទុះ ជាច្រើន នៅក្នុង សង្កាត់ Shevchenkivskyi ស្ថិត កណ្តាល រដ្ឋធានី,"['អភិបាល', 'ក្រុង', 'កៀវ', 'Vitali', 'Klitschko', 'និយាយ', 'នៅលើ', 'ប្រព័ន្ធ', 'ផ្សព្វផ្សាយ', 'សង្គម', 'ការផ្ទុះ', 'ជាច្រើន', 'នៅក្នុង', 'សង្កាត់', 'Shevchenkivskyi', 'ស្ថិត', 'កណ្តាល', 'រដ្ឋធានី']",24,18
381,pair2,neutral,ក្រុមហ៊ុនត្រូវបានបង្កើតឡើងនៅឆ្នាំ២០១៣ដោយលោក។,ក្រុមហ៊ុន ត្រូវបាន បង្កើតឡើង ឆ្នាំ ២០១៣,"['ក្រុមហ៊ុន', 'ត្រូវបាន', 'បង្កើតឡើង', 'ឆ្នាំ', '២០១៣']",9,5
383,pair2,neutral,ចិនបានដាក់ចេញនូវច្បាប់ហាមប្រាមលើការលក់បារីអេឡិចត្រូនិកដែលមានរសជាតិផ្លែឈើ ខណៈប្រទេសនេះរឹតបន្តឹងលើផលិតផលដែលកំពុងពេញនិយមកាន់តែខ្លាំងឡើងពីសំណាក់អ្នកប្រើវ័យក្មេង។,ចិន ដាក់ចេញ នូវ ច្បាប់ ហាមប្រាម ការលក់ បារី អេឡិចត្រូនិក មាន រសជាតិ ផ្លែ ឈើ ខណៈ ប្រទេស រឹតបន្តឹង ផលិតផល កំពុង ពេញនិយម កាន់តែ ខ្លាំង ឡើង ពីសំណាក់ អ្នកប្រើ វ័យ ក្មេង,"['ចិន', 'ដាក់ចេញ', 'នូវ', 'ច្បាប់', 'ហាមប្រាម', 'ការលក់', 'បារី', 'អេឡិចត្រូនិក', 'មាន', 'រសជាតិ', 'ផ្លែ', 'ឈើ', 'ខណៈ', 'ប្រទេស', 'រឹតបន្តឹង', 'ផលិតផល', 'កំពុង', 'ពេញនិយម', 'កាន់តែ', 'ខ្លាំង', 'ឡើង', 'ពីសំណាក់', 'អ្នកប្រើ', 'វ័យ', 'ក្មេង']",32,25
387,pair2,positive,នេះហើយជាការទូតទន់ភ្លន់និងឈ្លាសវៃមួយរបស់កម្ពុជានៅដើមឆ្នាំ២០២២។,ការទូត ទន់ភ្លន់ ឈ្លាសវៃ កម្ពុជា ដើម ឆ្នាំ ២០២២,"['ការទូត', 'ទន់ភ្លន់', 'ឈ្លាសវៃ', 'កម្ពុជា', 'ដើម', 'ឆ្នាំ', '២០២២']",15,7
388,pair2,negative,កូនស្រីរបស់គាត់មិនសូវយល់សេចក្តីប៉ុន្មានទេ ។,កូនស្រី មិន សូវ យល់ សេចក្តី ប៉ុន្មាន,"['កូនស្រី', 'មិន', 'សូវ', 'យល់', 'សេចក្តី', 'ប៉ុន្មាន']",10,6
389,pair2,positive,ទោះជាយ៉ាងណាក៏ដោយ បន្ទាប់ពីខ្ញុំបានភ្ញាក់ដឹងខ្លួន ពីការចាក់ថ្នាំសន្លប់ ខ្ញុំក៏បានឮសម្លេងភរិយាខ្ញុំនិយាយថា ពិតជាអស្ចារ្យណាស់ បងសម្លាញ់ ។,ទោះជា យ៉ាងណា ក៏ដោយ បន្ទាប់ពី ភ្ញាក់ ដឹងខ្លួន ការចាក់ ថ្នាំ សន្លប់ សម្លេង ភរិយា និយាយ ពិតជា អស្ចារ្យ ណាស់ បង សម្លាញ់,"['ទោះជា', 'យ៉ាងណា', 'ក៏ដោយ', 'បន្ទាប់ពី', 'ភ្ញាក់', 'ដឹងខ្លួន', 'ការចាក់', 'ថ្នាំ', 'សន្លប់', 'សម្លេង', 'ភរិយា', 'និយាយ', 'ពិតជា', 'អស្ចារ្យ', 'ណាស់', 'បង', 'សម្លាញ់']",27,17
390,pair2,neutral,ប្រទេសរុស្ស៊ី កំពុងបញ្ចុះបញ្ចូលឱ្យមានការបោះឆ្នោតជាសម្ងាត់ជំនួសឱ្យការបោះឆ្នោតជាសាធារណៈ ស្របពេលដែលមហាសន្និបាតអង្គការសហប្រជាជាតិដែលមានសមាជិកចំនួន ១៩៣ ប្រទេស កំពុងពិចារណាថាតើត្រូវថ្កោលទោសចំណាត់ការរបស់ទីក្រុងម៉ូស្គូក្រោយការធ្វើប្រជាមតិកាត់បញ្ចូលតំបន់អ៊ុយក្រែនចំនួន ៤ ជាទឹកដីរុស្ស៊ី ឬក៏យ៉ាងណា។,ប្រទេស រុស្ស៊ី កំពុង បញ្ចុះបញ្ចូល ឱ្យ មាន ការបោះឆ្នោត សម្ងាត់ ជំនួស ឱ្យ ការបោះឆ្នោត ជាសាធារណៈ ស្រប មហាសន្និបាត អង្គការ សហ ប្រជាជាតិ មាន សមាជិក ចំនួន ១៩៣ ប្រទេស កំពុង ពិចារណា តើ ថ្កោល ទោស ចំណាត់ការ ទីក្រុង ម៉ូស្គូ ក្រោយ ការធ្វើ ប្រជាមតិ កាត់បញ្ចូល តំបន់ អ៊ុយក្រែន ចំនួន ទឹកដី រុស្ស៊ី យ៉ាងណា,"['ប្រទេស', 'រុស្ស៊ី', 'កំពុង', 'បញ្ចុះបញ្ចូល', 'ឱ្យ', 'មាន', 'ការបោះឆ្នោត', 'សម្ងាត់', 'ជំនួស', 'ឱ្យ', 'ការបោះឆ្នោត', 'ជាសាធារណៈ', 'ស្រប', 'មហាសន្និបាត', 'អង្គការ', 'សហ', 'ប្រជាជាតិ', 'មាន', 'សមាជិក', 'ចំនួន', '១៩៣', 'ប្រទេស', 'កំពុង', 'ពិចារណា', 'តើ', 'ថ្កោល', 'ទោស', 'ចំណាត់ការ', 'ទីក្រុង', 'ម៉ូស្គូ', 'ក្រោយ', 'ការធ្វើ', 'ប្រជាមតិ', 'កាត់បញ្ចូល', 'តំបន់', 'អ៊ុយក្រែន', 'ចំនួន', 'ទឹកដី', 'រុស្ស៊ី', 'យ៉ាងណា']",52,40
391,pair2,negative,បុគ្គលគ្រាប់ល្ពៅនេះនិយាយ អោយតែបានៗ តាមពិតកំសាកញី ប្រឹងដើម្បីតែឆ្នាំងបាយតាំងតែពីដើមមកម្លេះមនុស្សប្រភេទនេះទោសស្លាប់ក៏មិនសារភាពកំហុសដែរ,បុគ្គល គ្រាប់ ល្ពៅ និយាយ អោយ តាមពិត កំសាក ញី ប្រឹង ឆ្នាំង បាយ តាំងតែពី ដើម ម្លេះ មនុស្ស ប្រភេទ ទោស ស្លាប់ មិន សារភាព កំហុស,"['បុគ្គល', 'គ្រាប់', 'ល្ពៅ', 'និយាយ', 'អោយ', 'តាមពិត', 'កំសាក', 'ញី', 'ប្រឹង', 'ឆ្នាំង', 'បាយ', 'តាំងតែពី', 'ដើម', 'ម្លេះ', 'មនុស្ស', 'ប្រភេទ', 'ទោស', 'ស្លាប់', 'មិន', 'សារភាព', 'កំហុស']",31,21
392,pair2,neutral,នៅពេលសួរថាតើទីក្រុងមូស្គូនឹងឆ្លើយតបដែរឬទេ ប្រសិនបើគេរកឃើញថាទីក្រុងកៀវនៅពីក្រោយឧប្បត្តិហេតុនោះ លោកបានឆ្លើយថា នឹងមានការឆ្លើយតប។,នៅពេល សួរ តើ ទីក្រុង មូស្គូ ឆ្លើយតប ប្រសិនបើ រកឃើញ ទីក្រុង កៀវ ពីក្រោយ ឧប្បត្តិហេតុ ឆ្លើយ មាន ការឆ្លើយតប,"['នៅពេល', 'សួរ', 'តើ', 'ទីក្រុង', 'មូស្គូ', 'ឆ្លើយតប', 'ប្រសិនបើ', 'រកឃើញ', 'ទីក្រុង', 'កៀវ', 'ពីក្រោយ', 'ឧប្បត្តិហេតុ', 'ឆ្លើយ', 'មាន', 'ការឆ្លើយតប']",29,15
393,pair2,neutral,ឆ្នាំ១៧៧៩គាត់បានបោះផ្សាយស្នាដៃរបស់ខ្លួនដែលមានចំណងជើងថា“ការពិសោធន៍ទៅលើរុក្ខជាតិ”,ឆ្នាំ ១៧៧៩ បោះផ្សាយ ស្នាដៃ ខ្លួន មាន ចំណងជើង ការពិសោធន៍ រុក្ខជាតិ,"['ឆ្នាំ', '១៧៧៩', 'បោះផ្សាយ', 'ស្នាដៃ', 'ខ្លួន', 'មាន', 'ចំណងជើង', 'ការពិសោធន៍', 'រុក្ខជាតិ']",18,9
394,pair2,negative,បច្ចុប្បន្ននេះពិភពលោកកំពុងតែមានក្តីកង្វល់ជាខ្លាំងចំពោះការប្រែប្រួលអាកាសធាតុរបស់ផែនដីដែលកាន់តែមានកម្តៅកើនឡើងខ្ពស់ជាលំដាប់ជារៀងរាល់ឆ្នាំខុសប្លែកពីប្រក្រតីដែលនឹងបណ្តាលឲ្យមានវិបត្តិធ្ងន់ធ្ងរដល់ជីវិតអមនុស្សសត្វប្រសិនបើមិនមានវិធានការដោះស្រាយឆាប់រហ័សទេនោះ។,បច្ចុប្បន្ន ពិភពលោក កំពុងតែ មាន ក្តីកង្វល់ ជាខ្លាំង ការប្រែប្រួល អាកាសធាតុ ផែនដី កាន់តែ មាន កម្តៅ កើនឡើង ខ្ពស់ ជាលំដាប់ ជារៀងរាល់ ឆ្នាំ ខុសប្លែក ប្រក្រតី បណ្តាលឲ្យ មាន វិបត្តិ ធ្ងន់ធ្ងរ ជីវិត អមនុស្ស សត្វ ប្រសិនបើ មិន មាន វិធានការ ដោះស្រាយ ឆាប់ រហ័ស,"['បច្ចុប្បន្ន', 'ពិភពលោក', 'កំពុងតែ', 'មាន', 'ក្តីកង្វល់', 'ជាខ្លាំង', 'ការប្រែប្រួល', 'អាកាសធាតុ', 'ផែនដី', 'កាន់តែ', 'មាន', 'កម្តៅ', 'កើនឡើង', 'ខ្ពស់', 'ជាលំដាប់', 'ជារៀងរាល់', 'ឆ្នាំ', 'ខុសប្លែក', 'ប្រក្រតី', 'បណ្តាលឲ្យ', 'មាន', 'វិបត្តិ', 'ធ្ងន់ធ្ងរ', 'ជីវិត', 'អមនុស្ស', 'សត្វ', 'ប្រសិនបើ', 'មិន', 'មាន', 'វិធានការ', 'ដោះស្រាយ', 'ឆាប់', 'រហ័ស']",44,33
395,pair2,neutral,យោងទៅតាមក្រសួងអប់រំ សាលាអនុវិទ្យាល័យចំនួន ១៤១ នៅក្នុងខេត្តចំនួន ៨ ផ្សេងគ្នាត្រូវបានបំពាក់ដោយបន្ទប់កុំព្យូទ័រ។,យោង ទៅតាម ក្រសួង អប់រំ សាលា អនុវិទ្យាល័យ ចំនួន ១៤១ នៅក្នុង ខេត្ត ចំនួន ផ្សេង ត្រូវបាន បំពាក់ បន្ទប់ កុំព្យូទ័រ,"['យោង', 'ទៅតាម', 'ក្រសួង', 'អប់រំ', 'សាលា', 'អនុវិទ្យាល័យ', 'ចំនួន', '១៤១', 'នៅក្នុង', 'ខេត្ត', 'ចំនួន', 'ផ្សេង', 'ត្រូវបាន', 'បំពាក់', 'បន្ទប់', 'កុំព្យូទ័រ']",20,16
396,pair2,neutral,ការអង្កេតថ្មីមួយបង្ហាញថាជិត៨០ភាគរយនៃក្រុមហ៊ុនជប៉ុនស្នាក់ការធំៗដែលកំពុងមានវត្តមាននៅកម្ពុជាគ្រោងវិនិយោគបន្ថែមនៅឆ្នាំនេះនិងពីរទៅបីឆ្នាំបន្ទាប់។,ការអង្កេត ថ្មី បង្ហាញ ជិត ៨០ ភាគរយ នៃ ក្រុមហ៊ុន ជប៉ុន ស្នាក់ការ ធំ កំពុង មាន វត្តមាន កម្ពុជា គ្រោង វិនិយោគ បន្ថែម ឆ្នាំ បី ឆ្នាំ បន្ទាប់,"['ការអង្កេត', 'ថ្មី', 'បង្ហាញ', 'ជិត', '៨០', 'ភាគរយ', 'នៃ', 'ក្រុមហ៊ុន', 'ជប៉ុន', 'ស្នាក់ការ', 'ធំ', 'កំពុង', 'មាន', 'វត្តមាន', 'កម្ពុជា', 'គ្រោង', 'វិនិយោគ', 'បន្ថែម', 'ឆ្នាំ', 'បី', 'ឆ្នាំ', 'បន្ទាប់']",33,22
400,pair2,neutral,ក្រុមហ៊ុនចម្រាញ់ប្រេងមានបរិមាណប្រហែល ៧ លានតោនដែលនៅសេសសល់បន្ទាប់ពីការនាំចេញនៅចុងខែកញ្ញា។,ក្រុមហ៊ុន ចម្រាញ់ ប្រេង មាន បរិមាណ ប្រហែល លាន តោន សេសសល់ បន្ទាប់ពី ការនាំចេញ ចុង ខែកញ្ញា,"['ក្រុមហ៊ុន', 'ចម្រាញ់', 'ប្រេង', 'មាន', 'បរិមាណ', 'ប្រហែល', 'លាន', 'តោន', 'សេសសល់', 'បន្ទាប់ពី', 'ការនាំចេញ', 'ចុង', 'ខែកញ្ញា']",18,13
